"""Company History""","""نبذة عن الشركة""",
"""Parent"" signifies the parent table in which this row must be added","""الأم"" يدل على الجدول الأصل الذي يجب أن يضاف هذا الصف",
"""Team Members"" or ""Management""","""أعضاء الفريق"" أو ""الإدارة""",
"""amended_from"" field must be present to do an amendment.",يجب أن يكون الحقل &quot;amended_from&quot; حاضرًا لإجراء تعديل.,
"""{0}"" is not a valid Google Sheets URL",&quot;{0}&quot; ليس عنوان URL صالحًا لجداول بيانات Google,
#{0},#{0},
${values.doctype_name} has been added to queue for optimization,تمت إضافة ${values.doctype_name} إلى قائمة الانتظار للتحسين,
&copy; Frappe Technologies Pvt. Ltd. and contributors,© فراب تكنولوجيز الجندي. المحدودة والمساهمين,
&lt;head&gt; HTML,HTML,
'*' is only allowed in {0} SQL function(s),'*' مسموح به فقط في {0} وظيفة (وظائف) SQL,
'In Global Search' is not allowed for field {0} of type {1},"""في البحث الشامل"" غير مسموح به للحقل {0} من النوع {1}",
'In Global Search' not allowed for type {0} in row {1},"""في البحث العام"" غير مسموح للنوع {0} في الصف {1}",
'In List View' is not allowed for field {0} of type {1},"لا يسمح ب""عرض قائمة"" للحقل {0} من نوع {1}",
'In List View' not allowed for type {0} in row {1},'في عرض القائمة' غير مسموح للنوع {0} في الصف {1},
'Recipients' not specified,لم يتم تحديد &quot;المستلمين&quot;,
'{0}' is not a valid IBAN,"""{0}"" ليس رقم IBAN صالحًا",
'{0}' is not a valid URL,"""{0}"" ليس عنوان URL صالحًا",
'{0}' not allowed for type {1} in row {2},&quot;{0}&quot; غير مسموح به للنوع {1} في الصف {2},
(Mandatory),(إلزامي),
"),I=t.anchor=_(","),I=t.anchor=_(",
** Failed: {0} to {1}: {2},** فشل: {0} إلى {1}: {2},
+ Add / Remove Fields,+ إضافة / إزالة الحقول,
0 - Draft; 1 - Submitted; 2 - Cancelled,0 - مسودّة؛ 1 - تأكيد؛ 2 - إلغاء,
"0 - too guessable: risky password.
<br>
1 - very guessable: protection from throttled online attacks. 
<br>
2 - somewhat guessable: protection from unthrottled online attacks.
<br>
3 - safely unguessable: moderate protection from offline slow-hash scenario.
<br>
4 - very unguessable: strong protection from offline slow-hash scenario.","0 - يمكن تخمينها للغاية: كلمة مرور محفوفة بالمخاطر.
<ر>
1 - قابل للتخمين للغاية: الحماية من الهجمات المخنوقة عبر الإنترنت. 
<ر>
2 - يمكن تخمينه إلى حد ما: الحماية من الهجمات غير المقيدة عبر الإنترنت.
<ر>
3 - لا يمكن تخمينه بأمان: حماية معتدلة من سيناريو التجزئة البطيئة في وضع عدم الاتصال.
<ر>
4 - لا يمكن تخمينه على الإطلاق: حماية قوية من سيناريو التجزئة البطيئة في وضع عدم الاتصال.",
0 is highest,0 أعلى قيمة,
1 = True & 0 = False,1 = صح & 0 = خطأ,
"1 Currency = [?] Fraction
For e.g. 1 USD = 100 Cent","1 العملة = [؟] الكسر
على سبيل المثال. 1 دولار أمريكي = 100 سنت",
1 Day,1 يوم,
1 Google Calendar Event synced.,تمت مزامنة حدث تقويم Google واحد.,
1 Report,1 تقرير,
1 day ago,منذ يوم واحد,
1 hour,1 ساعة,
1 hour ago,منذ 1 ساعة,
1 minute ago,منذ 1 دقيقة,
1 month ago,قبل شهر,
1 of 2,1 من 2,
1 record will be exported,سيتم تصدير سجل واحد,
1 row from {0},صف واحد من {0},User removed row from child table
1 row to {0},صف واحد إلى {0},User added row to child table
1 second ago,منذ ثانية واحدة,
1 week ago,1 قبل أسبوع,
1 year ago,منذ سنة,
2 hours ago,منذ ساعتين,
2 months ago,منذ شهرين,
2 weeks ago,منذ أسبوعين,
2 years ago,منذ عامين,
3 minutes ago,منذ 3 دقائق,
30 minutes,30 دقيقة,
4 hours,4 ساعات,
5 Records,5 السجلات,
5 days ago,منذ 5 أيام,
; not allowed in condition,; غير مسموح به في حالة,
"<a href=""https://docs.frappe.io/framework/user/en/api/rest#1-token-based-authentication"" target=""_blank"">
  Click here to learn about token-based authentication
</a>","<a href=""https://docs.frappe.io/framework/user/en/api/rest#1-token-based-authentication"" target=""_blank"">
  انقر هنا للتعرف على المصادقة المستندة إلى الرمز المميز
</أ>",
<b>{0}</b> is not a valid URL,<b>{0}</b> ليس عنوان URL صالحًا,
"<div class=""alert"">Please don't update it as it can mess up your form. Use the Customize Form View and Custom Fields to set properties!</div>","<div class=""alert"">يُرجى عدم تحديثه لأنه قد يؤدي إلى إتلاف النموذج الخاص بك. استخدم تخصيص طريقة عرض النموذج والحقول المخصصة لتعيين الخصائص!</div>",
"<div class=""well"">
    Edit list of Series in the box. Rules:
    <ul>
        <li>Each Series Prefix on a new line.</li>
        <li>Allowed special characters are ""/"" and ""-""</li>
        <li>
            Optionally, set the number of digits in the series using dot (.)
            followed by hashes (#). For example, "".####"" means that the series
            will have four digits. Default is five digits.
        </li>
        <li>
            You can also use variables in the series name by putting them
            between (.) dots
            <br>
            Supported Variables:
            <ul>
                <li><code>.YYYY.</code> - Year in 4 digits</li>
                <li><code>.YY.</code> - Year in 2 digits</li>
                <li><code>.MM.</code> - Month</li>
                <li><code>.DD.</code> - Day of month</li>
                <li><code>.WW.</code> - Week of the year</li>
                <li>
                    <code>.{fieldname}.</code> - fieldname on the document e.g.
                    <code>branch</code>
                </li>
                <li><code>.FY.</code> - Fiscal Year (requires ERPNext to be installed)</li>
                <li><code>.ABBR.</code> - Company Abbreviation (requires ERPNext to be installed)</li>
            </ul>
        </li>
    </ul>
    Examples:
    <ul>
        <li>INV-</li>
        <li>INV-10-</li>
        <li>INVK-</li>
        <li>INV-.YYYY.-.{branch}.-.MM.-.####</li>
    </ul>
</div>
<br>
","<div class=""well"">
    تحرير قائمة السلسلة في المربع. القواعد:
    <ul>
        <li>كل بادئة سلسلة على سطر جديد.</li>
        <li>الأحرف الخاصة المسموح بها هي ""/"" و""-""</li>
        <لي>
            اختياريًا، قم بتعيين عدد الأرقام في السلسلة باستخدام النقطة (.)
            متبوعة بالعلامات (#). على سبيل المثال، "".####"" يعني أن السلسلة
            سيكون لها أربعة أرقام. الافتراضي هو خمسة أرقام.
        </لي>
        <لي>
            يمكنك أيضًا استخدام المتغيرات في اسم السلسلة عن طريق وضعها
            بين (.) النقطتين
            <ر>
            المتغيرات المدعومة:
            <ul>
                <li><code>.YYYY.</code> - السنة مكونة من 4 أرقام</li>
                <li><code>.YY.</code> - السنة مكونة من رقمين</li>
                <li><code>.MM.</code> - شهر</li>
                <li><code>.DD.</code> - يوم من الشهر</li>
                <li><code>.WW.</code> - الأسبوع من السنة</li>
                <لي>
                    <code>.{fieldname}.</code> - اسم الحقل في المستند، على سبيل المثال:
                    <code>الفرع</code>
                </لي>
                <li><code>.FY.</code> - السنة المالية (يتطلب تثبيت ERPNext)</li>
                <li><code>.ABBR.</code> - اختصار الشركة (يتطلب تثبيت ERPNext)</li>
            </ul>
        </لي>
    </ul>
    أمثلة:
    <ul>
        <li>INV-</li>
        <li>INV-10-</li>
        <li>INVK-</li>
        <li>INV-.YYYY.-.{branch}.-.MM.-.####</li>
    </ul>
</div>
<ر>",
<div>,<div>,
"<h3>Custom CSS Help</h3>

<p>Notes:</p>

<ol>
<li>All field groups (label + value) are set attributes <code>data-fieldtype</code> and <code>data-fieldname</code></li>
<li>All values are given class <code>value</code></li>
<li>All Section Breaks are given class <code>section-break</code></li>
<li>All Column Breaks are given class <code>column-break</code></li>
</ol>

<h4>Examples</h4>

<p>1. Left align integers</p>

<pre><code>[data-fieldtype=""Int""] .value { text-align: left; }</code></pre>

<p>1. Add border to sections except the last section</p>

<pre><code>.section-break { padding: 30px 0px; border-bottom: 1px solid #eee; }
.section-break:last-child { padding-bottom: 0px; border-bottom: 0px;  }</code></pre>
","<h3>تعليمات CSS مخصصة</h3>

<p>ملاحظات:</p>

<ol>
<li>يتم تعيين جميع مجموعات الحقول (التسمية + القيمة) على سمات <code>نوع حقل البيانات</code> و<code>اسم حقل البيانات</code></li>
<li>يتم إعطاء كافة القيم فئة <code>قيمة</code></li>
<li>يتم تحديد فئة <code>فاصل الأقسام</code></li> لجميع فواصل الأقسام
<li>يتم تحديد فئة <code>فاصل الأعمدة</code></li> لجميع فواصل الأعمدة
</ol>

<h4>أمثلة</h4>

<p>1. محاذاة الأعداد الصحيحة إلى اليسار</p>

<pre><code>[data-fieldtype=""Int""] .value { محاذاة النص: يسار؛ </كود></قبل>

<p>1. أضف حدودًا إلى الأقسام باستثناء القسم الأخير</p>

<pre><code>.section-break { الحشو: 30px 0px; الحد السفلي: 1 بكسل صلب #eee؛ }
.فاصل القسم:الطفل الأخير { الحشو السفلي: 0px؛ الحد السفلي: 0px؛  </كود></قبل>",
"<h3>Print Format Help</h3>
<hr>
<h4>Introduction</h4>
<p>Print Formats are rendered on the server side using the Jinja Templating Language. All forms have access to the <code>doc</code> object which contains information about the document that is being formatted. You can also access common utilities via the <code>frappe</code> module.</p>
<p>For styling, the Boostrap CSS framework is provided and you can enjoy the full range of classes.</p>
<hr>
<h4>References</h4>
<ol>
	<li><a href=""http://jinja.pocoo.org/docs/templates/"" target=""_blank"">Jinja Templating Language</a></li>
	<li><a href=""http://getbootstrap.com"" target=""_blank"">Bootstrap CSS Framework</a></li>
</ol>
<hr>
<h4>Example</h4>
<pre><code>&lt;h3&gt;{{ doc.select_print_heading or ""Invoice"" }}&lt;/h3&gt;
&lt;div class=""row""&gt;
	&lt;div class=""col-md-3 text-right""&gt;Customer Name&lt;/div&gt;
	&lt;div class=""col-md-9""&gt;{{ doc.customer_name }}&lt;/div&gt;
&lt;/div&gt;
&lt;div class=""row""&gt;
	&lt;div class=""col-md-3 text-right""&gt;Date&lt;/div&gt;
	&lt;div class=""col-md-9""&gt;{{ doc.get_formatted(""invoice_date"") }}&lt;/div&gt;
&lt;/div&gt;
&lt;table class=""table table-bordered""&gt;
	&lt;tbody&gt;
		&lt;tr&gt;
			&lt;th&gt;Sr&lt;/th&gt;
			&lt;th&gt;Item Name&lt;/th&gt;
			&lt;th&gt;Description&lt;/th&gt;
			&lt;th class=""text-right""&gt;Qty&lt;/th&gt;
			&lt;th class=""text-right""&gt;Rate&lt;/th&gt;
			&lt;th class=""text-right""&gt;Amount&lt;/th&gt;
		&lt;/tr&gt;
		{%- for row in doc.items -%}
		&lt;tr&gt;
			&lt;td style=""width: 3%;""&gt;{{ row.idx }}&lt;/td&gt;
			&lt;td style=""width: 20%;""&gt;
				{{ row.item_name }}
				{% if row.item_code != row.item_name -%}
				&lt;br&gt;Item Code: {{ row.item_code}}
				{%- endif %}
			&lt;/td&gt;
			&lt;td style=""width: 37%;""&gt;
				&lt;div style=""border: 0px;""&gt;{{ row.description }}&lt;/div&gt;&lt;/td&gt;
			&lt;td style=""width: 10%; text-align: right;""&gt;{{ row.qty }} {{ row.uom or row.stock_uom }}&lt;/td&gt;
			&lt;td style=""width: 15%; text-align: right;""&gt;{{
				row.get_formatted(""rate"", doc) }}&lt;/td&gt;
			&lt;td style=""width: 15%; text-align: right;""&gt;{{
				row.get_formatted(""amount"", doc) }}&lt;/td&gt;
		&lt;/tr&gt;
		{%- endfor -%}
	&lt;/tbody&gt;
&lt;/table&gt;</code></pre>
<hr>
<h4>Common Functions</h4>
<table class=""table table-bordered"">
	<tbody>
		<tr>
			<td style=""width: 30%;""><code>doc.get_formatted(""[fieldname]"", [parent_doc])</code></td>
			<td>Get document value formatted as Date, Currency, etc. Pass parent <code>doc</code> for currency type fields.</td>
		</tr>
		<tr>
			<td style=""width: 30%;""><code>frappe.db.get_value(""[doctype]"", ""[name]"", ""fieldname"")</code></td>
			<td>Get value from another document.</td>
		</tr>
	</tbody>
</table>
","<h3>مساعدة تنسيق الطباعة</h3>
<ساعة>
<h4>المقدمة</h4>
<p>يتم عرض تنسيقات الطباعة على جانب الخادم باستخدام لغة Jinja Templating. تتمتع جميع النماذج بإمكانية الوصول إلى كائن <code>doc</code> الذي يحتوي على معلومات حول المستند الذي يتم تنسيقه. يمكنك أيضًا الوصول إلى الأدوات المساعدة الشائعة عبر وحدة <code>frappe</code>.</p>
<p>للتصميم، يتم توفير إطار عمل Boostrap CSS ويمكنك الاستمتاع بمجموعة كاملة من الفئات.</p>
<ساعة>
<h4>المراجع</h4>
<ol>
	<li><a href=""http://jinja.pocoo.org/docs/templates/"" target=""_blank"">لغة قوالب الجينجا</a></li>
	<li><a href=""http://getbootstrap.com"" target=""_blank"">إطار عمل Bootstrap CSS</a></li>
</ol>
<ساعة>
<h4>مثال</h4>
<pre><code><h3>{{ doc.select_print_heading أو ""الفاتورة"" }}</h3>
<div class=""row"">
	<div class=""col-md-3 text-right"">اسم العميل</div>
	<div class=""col-md-9"">{{ doc.customer_name }}</div>
</div>
<div class=""row"">
	<div class=""col-md-3 text-right"">التاريخ</div>
	<div class=""col-md-9"">{{ doc.get_formatted(""invoice_date"") }}</div>
</div>
<فئة الجدول = ""جدول الجدول بحدود"">
	<الجسم>
		<تر>
			<th>الاب</th>
			<th>اسم العنصر</th>
			<th>الوصف</th>
			<th class=""text-right"">الكمية</th>
			<th class=""text-right"">السعر</th>
			<th class=""text-right"">المبلغ</th>
		</tr>
		{%- للصف في doc.items -%}
		<تر>
			<td style=""width: 3%;"">{{row.idx }}</td>
			<td style=""width: 20%;"">
				{{ صف.اسم_العنصر }}
				{% إذا كان Row.item_code != Row.item_name -%}
				<br>رمز الصنف: {{row.item_code}}
				{%- إنديف %}
			</TD>
			<td style=""width: 37%;"">
				<div style=""border: 0px;"">{{ صف.وصف }}</div></td>
			<td style=""width: 10%; text-align: right;"">{{ Row.qty }} {{ Row.uom or Row.stock_uom }}</td>
			<td style=""width: 15%; text-align: right;"">{{
				Row.get_formatted(""rate""، doc) }}</td>
			<td style=""width: 15%; text-align: right;"">{{
				row.get_formatted(""amount""، doc) }}</td>
		</tr>
		{%- النهاية لـ -%}
	</tbody>
</table></code></pre>
<ساعة>
<h4>الوظائف المشتركة</h4>
<فئة الجدول = ""جدول الجدول بحدود"">
	<الجسم>
		<تر>
			<td style=""width: 30%;""><code>doc.get_formatted(""[fieldname]"", [parent_doc])</code></td>
			<td>احصل على قيمة المستند بتنسيق التاريخ والعملة وما إلى ذلك. قم بتمرير <code>doc</code> الأصلي لحقول نوع العملة.</td>
		</tr>
		<تر>
			<td style=""width: 30%;""><code>frappe.db.get_value(""[doctype]"", ""[name]"", ""fieldname"")</code></td>
			<td>احصل على قيمة من مستند آخر.</td>
		</tr>
	</tbody>
</الجدول>",
"<h4>Default Template</h4>
<p>Uses <a href=""http://jinja.pocoo.org/docs/templates/"">Jinja Templating</a> and all the fields of Address (including Custom Fields if any) will be available</p>
<pre><code>{{ address_line1 }}&lt;br&gt;
{% if address_line2 %}{{ address_line2 }}&lt;br&gt;{% endif -%}
{{ city }}&lt;br&gt;
{% if state %}{{ state }}&lt;br&gt;{% endif -%}
{% if pincode %} PIN:  {{ pincode }}&lt;br&gt;{% endif -%}
{{ country }}&lt;br&gt;
{% if phone %}Phone: {{ phone }}&lt;br&gt;{% endif -%}
{% if fax %}Fax: {{ fax }}&lt;br&gt;{% endif -%}
{% if email_id %}Email: {{ email_id }}&lt;br&gt;{% endif -%}
</code></pre>","<h4>القالب الافتراضي</h4>
<p>ستكون استخدامات <a href=""http://jinja.pocoo.org/docs/templates/"">Jinja Templating</a> وجميع حقول العنوان (بما في ذلك الحقول المخصصة إن وجدت) متاحة</p>
<pre><code>{{ عنوان_line1 }<br>
{% if Address_line2 %}{{ Address_line2 }}<br>{% endif -%}
{{ مدينة }<br>
{% إذا الحالة %}{{ الحالة }}<br>{% endif -%}
{% if pincode %} رقم التعريف الشخصي: {{ pincode }}<br>{% endif -%}
{{ الدولة }<br>
{% if phone %}الهاتف: {{ phone }}<br>{% endif -%}
{% if fax %}الفاكس: {{ fax }}<br>{% endif -%}
{% if email_id %}البريد الإلكتروني: {{ email_id }}<br>{% endif -%}
</code></pre>",
"<h4>Email Reply Example</h4>

<pre>Order Overdue

Transaction {{ name }} has exceeded Due Date. Please take necessary action.

Details

- Customer: {{ customer }}
- Amount: {{ grand_total }}
</pre>

<h4>How to get fieldnames</h4>

<p>The fieldnames you can use in your email template are the fields in the document from which you are sending the email. You can find out the fields of any documents via Setup &gt; Customize Form View and selecting the document type (e.g. Sales Invoice)</p>

<h4>Templating</h4>

<p>Templates are compiled using the Jinja Templating Language. To learn more about Jinja, <a class=""strong"" href=""http://jinja.pocoo.org/docs/dev/templates/"">read this documentation.</a></p>
","<h4>مثال على الرد بالبريد الإلكتروني</h4>

<pre>طلب متأخر

تجاوزت المعاملة {{ name }} تاريخ الاستحقاق. يرجى اتخاذ الإجراء اللازم.

التفاصيل

- العميل: {{ customer }}
- المبلغ: {{ grand_total }}
</pre>

<h4>كيفية الحصول على أسماء الحقول</h4>

<p>أسماء الحقول التي يمكنك استخدامها في قالب البريد الإلكتروني هي الحقول الموجودة في المستند الذي ترسل منه البريد الإلكتروني. يمكنك معرفة حقول أي مستند من خلال الإعداد &gt; تخصيص طريقة عرض النموذج واختيار نوع المستند (مثلا: فاتورة المبيعات)</p>

<h4>القوالب</h4>

<p>يتم تجميع القوالب باستخدام لغة Jinja Templating Language. لمعرفة المزيد عن Jinja، <a class=""strong"" href=""http://jinja.pocoo.org/docs/dev/templates/"">اقرأ هذه التوثيقات</a>.</p>
",
"<h5 class=""text-muted uppercase"">Or</h5>","<h5 class=""text-muted Uppercase"">أو</h5>",
"<h5>Message Example</h5>

<pre>&lt;h3&gt;Order Overdue&lt;/h3&gt;

&lt;p&gt;Transaction {{ doc.name }} has exceeded Due Date. Please take necessary action.&lt;/p&gt;

&lt;!-- show last comment --&gt;
{% if comments %}
Last comment: {{ comments[-1].comment }} by {{ comments[-1].by }}
{% endif %}

&lt;h4&gt;Details&lt;/h4&gt;

&lt;ul&gt;
&lt;li&gt;Customer: {{ doc.customer }}
&lt;li&gt;Amount: {{ doc.grand_total }}
&lt;/ul&gt;
</pre>","<h5>مثال للرسالة</h5>

<pre><h3>تأخر الطلب</h3>

<p>لقد تجاوزت المعاملة {{ doc.name }} تاريخ الاستحقاق. يرجى اتخاذ الإجراءات اللازمة.</p>

<!--إظهار التعليق الأخير -->
{% إذا كانت التعليقات %}
آخر تعليق: {{ comments[-1].comment }} بواسطة {{ comments[-1].by }}
{% نهاية %}

<h4>التفاصيل</h4>

<ul>
<li>العميل: {{ doc.customer }}
<li>المبلغ: {{ doc.grand_total }}
</ul>
</قبل>",
"<p><strong>Condition Examples:</strong></p>
<pre><code class=""language-python"">doc.status==""Open""<br>doc.due_date==nowdate()<br>doc.total &gt; 40000
</code></pre>
","<p><strong>أمثلة الحالة:</strong></p>
<pre><code class=""language-python"">doc.status==""Open""<br>doc.due_date==nowdate()<br>doc.total > 40000
</code></pre>",
"<p><strong>Condition Examples:</strong></p>
<pre>doc.status==""Open""<br>doc.due_date==nowdate()<br>doc.total &gt; 40000
</pre>","<p><strong>أمثلة الحالة:</strong></p>
<pre>doc.status==""Open""<br>doc.due_date==nowdate()<br>doc.total > 40000
</قبل>",
"<p>Multiple webforms can be created for a single doctype. Add filters specific to this webform to display correct record after submission.</p><p>For Example:</p>
<p>If you create a separate webform every year to capture feedback from employees add a 
 field named year in doctype and add a filter <b>year = 2023</b></p>
","<p>يمكن إنشاء نماذج ويب متعددة لنوع مستند واحد. أضف عوامل تصفية خاصة بنموذج الويب هذا لعرض السجل الصحيح بعد الإرسال.</p><p>على سبيل المثال:</p>
<p>إذا قمت بإنشاء نموذج ويب منفصل كل عام لالتقاط تعليقات الموظفين، أضف أ 
 الحقل المسمى year في نوع المستند وأضف عامل التصفية <b>year = 2023</b></p>",
"<p>Set context before rendering a template. Example:</p><p>
</p><div><pre><code>
context.project = frappe.get_doc(""Project"", frappe.form_dict.name)
</code></pre></div>","<p>قم بتعيين السياق قبل عرض القالب. مثال:</p><p>
</p><div><pre><code>
context.project = frappe.get_doc(""مشروع""، frappe.form_dict.name)
</code></pre></div>",
"<p>To interact with above HTML you will have to use `root_element` as a parent selector.</p><p>For example:</p><pre class=""p-3 bg-gray-100 border-radius rounded-sm mb-0"" style=""width: fit-content;""><code>// here root_element is provided by default
let some_class_element = root_element.querySelector('.some-class');
some_class_element.textContent = ""New content"";
</code></pre>","<p>للتفاعل مع HTML أعلاه، سيتعين عليك استخدام `root_element` كمحدد رئيسي.</p><p>على سبيل المثال:</p><pre class=""p-3 bg-gray-100 border-radius rounded-sm mb-0"" style=""width: fit-content;""><code>// هنا يتم توفير root_element بشكل افتراضي
دع some_class_element = root_element.querySelector('.some-class');
some_class_element.textContent = ""محتوى جديد""؛
</code></pre>",
"<p>Your OTP secret on {0} has been reset. If you did not perform this reset and did not request it, please contact your System Administrator immediately.</p>",<p>تمت إعادة تعيين مرورك لـ OTP على {0}. إذا لم تقم بهذا الإعادة ولم تطلبها، فيرجى الاتصال بمدير النظام الخاص بك فوراً.</p>,
"<pre>*  *  *  *  *
┬  ┬  ┬  ┬  ┬
│  │  │  │  │
│  │  │  │  └ day of week (0 - 6) (0 is Sunday)
│  │  │  └───── month (1 - 12)
│  │  └────────── day of month (1 - 31)
│  └─────────────── hour (0 - 23)
└──────────────────── minute (0 - 59)

---

* - Any value
/ - Step values
</pre>
","<السابق>* * * * *
┬ ┬ ┬ ┬ ┬
│ │ │ │ │
│ │ │ │ └ يوم من الأسبوع (0 - 6) (0 هو الأحد)
│ │ │ └───── شهر (1 - 12)
│ │ └────────── اليوم من الشهر (1 - 31)
│ └───────────── ساعة (0 - 23)
└────────────────── دقيقة (0 - 59)

---

* - أي قيمة
/ - قيم الخطوة
</قبل>",
"<pre><code>doc.grand_total &gt; 0</code></pre>

<p>Conditions should be written in simple Python. Please use properties available in the form only.</p>
<p>Allowed functions:
</p><ul>
<li>frappe.db.get_value</li>
<li>frappe.db.get_list</li>
<li>frappe.session</li>
<li>frappe.utils.now_datetime</li>
<li>frappe.utils.get_datetime</li>
<li>frappe.utils.add_to_date</li>
<li>frappe.utils.now</li>
</ul>
<p>Example: </p><pre><code>doc.creation &gt; frappe.utils.add_to_date(frappe.utils.now_datetime(), days=-5, as_string=True, as_datetime=True) </code></pre><p></p>","<pre><code>doc.grand_total > 0</code></pre>

<p>يجب كتابة الشروط بلغة بايثون البسيطة. يرجى استخدام الخصائص المتوفرة في النموذج فقط.</p>
<p>الوظائف المسموح بها:
</p><ul>
<li>frappe.db.get_value</li>
<li>frappe.db.get_list</li>
<li>جلسة فرابيه</li>
<li>frappe.utils.now_datetime</li>
<li>frappe.utils.get_datetime</li>
<li>frappe.utils.add_to_date</li>
<li>frappe.utils.now</li>
</ul>
<p>مثال: </p><pre><code>doc.creation > frappe.utils.add_to_date(frappe.utils.now_datetime(),days=-5, as_string=True, as_datetime=True) </code></pre><p></p>",
<script>,<script>,
<strong>Warning:</strong> This field is system generated and may be overwritten by a future update. Modify it using {0} instead.,<strong>تحذ搉ير</strong>: هذا الحقل منطم من قبل النظام وقد يتم تجاوزه من قبل تحديث مستقبلي. قم بتحويره باستخدام {0} بدلا من ذلك.,
"A DocType's name should start with a letter and can only consist of letters, numbers, spaces, underscores and hyphens",يجب أن يبدأ اسم DocType بحرف ويمكن أن يتألف فقط من الحروف، والأرقام، والمساحات، والعلامات السفلية، والشرطات.,
"A Frappe Framework instance can function as an OAuth Client, Resource, or Authorization server. This DocType contains settings related to all three.",يمكن أن يعمل مثيل Frappe Framework كخادم OAuth أو مورد أو خادم تفويض. يحتوي DocType هذا على الإعدادات المتعلقة بالثلاثة.,
A field with the name {0} already exists in {1},يوجد حقل باسم {0} في {1} بالفعل,
A file with same name {} already exists,توجد ملف بنفس الاسم {} موجودة بالفعل,
A list of resources which the Client App will have access to after the user allows it.<br> e.g. project,قائمة الموارد التي سيكون لها التطبيق العميل الوصول إلى بعد قيام المستخدم يسمح بذلك. <br> على سبيل المثال مشروع,
A new account has been created for you at {0},تم إنشاء حساب جديد لك في {0},
A recurring {0} {1} has been created for you via Auto Repeat {2}.,تم إنشاء {0} {1} متكرر لك من خلال التكرار التلقائي {2}.,
A symbol for this currency. For e.g. $,رمز هذه العملة. ر.س مثلاً,
A template already exists for field {0} of {1},توجد قالب موجودة بالفعل للحقل {0} من {1},
"A version identifier string for the client software.
<br>
The value of the should change on any update of the client software with the same Software ID.","سلسلة معرف الإصدار لبرنامج العميل.
<ر>
يجب أن تتغير قيمة the عند أي تحديث لبرنامج العميل بنفس معرف البرنامج.",
A word by itself is easy to guess.,كلمة في حد ذاتها هي سهلة التخمين.,
A0,A0,
A1,A1,
A2,A2,
A3,A3,
A4,A4,
A5,A5,
A6,A6,
A7,A7,
A8,A8,
A9,A9,
AA,AA,
ALL,جميع,
API,واجهة برمجة التطبيقات,
API Access,الوصول إلى API,
API Endpoint,نقطة وصولAPI,
API Endpoint Args,نقطة وصول API Args,
API Endpoint Args should be valid JSON,يجب أن تكون وسيطات نقطة نهاية واجهة برمجة التطبيقات (API) بتنسيق JSON صالحًا,
API Key,مفتاح API,
API Key and Secret to interact with the relay server. These will be auto-generated when the first push notification is sent from any of the apps installed on this site.,مفتاح API وسر التفاعل مع خادم الترحيل. سيتم إنشاؤها تلقائيًا عند إرسال إشعار الدفع الأول من أي من التطبيقات المثبتة على هذا الموقع.,
API Key cannot be regenerated,لا يمكن إعادة إنشاء مفتاح API,
API Keys,مفاتيح واجهة برمجة التطبيقات,
API Logging,تسجيل واجهة برمجة التطبيقات,
API Method,طريقة API,
API Request Log,سجل طلبات واجهة برمجة التطبيقات,
API Secret,كلمة مرور API,
ASC,تصاعدي,
About,عن,
About Us,معلومات عنا,
About Us Settings,معلومات عنا الإعدادات,
About Us Team Member,أعضاء فريق صفحة من نحن,
About {0} minute remaining,متبقي حوالي {0} دقيقة,
About {0} minutes remaining,متبقي حوالي {0} دقيقة,
About {0} seconds remaining,متبقي حوالي {0} ثانية,
Accept Invitation,قبول الدعوة,
Accepted,مقبول,
Accepted At,مقبول في,
Access Control,إعدادات التحكم,
Access Log,سجل الوصول,
Access Token,رمز وصول,
Access Token URL,رابط رمز الدخول,
Access not allowed from this IP Address,الوصول غير مسموح به من عنوان IP هذا,
Account,حساب,
Account Deletion Settings,إعدادات حذف الحساب,
Accounts Manager,مدير الحسابات,
Accounts User,مستخدم الحسابات,
"Accurate count can not be fetched, click here to view all documents",لا يمكن جلب العدد الدقيق، انقر هنا لعرض كافة المستندات,
Action,فعل,
Action / Route,العمل / الطريق,
Action Complete,اكتمل الإجراء,
Action Failed,فشل العمل,
Action Label,تسمية العمل,
Action Timeout (Seconds),مهلة الإجراء (ثانية),
Action Type,نوع العمل,
Action {0} completed successfully on {1} {2}. View it {3},اكتمل الإجراء {0} بنجاح في {1} {2}. عرضه {3},
Action {0} failed on {1} {2}. View it {3},فشل الإجراء {0} في {1} {2}. عرضه {3},
Actions,الإجراءات,
Activate,فعل,
Active,نشيط,
Active Directory,الدليل النشط,
Active Domains,المجالات النشطة,
Active Sessions,الجلسات النشطة,
Activity,نشاط,
Activity Log,سجل النشاط,
Add,يضيف,
Add / Remove Columns,إضافة / إزالة الأعمدة,
Add / Update,إضافة / تحديث,
Add A New Rule,إضافة قاعدة جديدة,
Add Attachment,إضافة مرفق,
Add Background Image,إضافة صورة خلفية,
Add Border at Bottom,إضافة حدود في الأسفل,
Add Border at Top,إضافة حدود في الأعلى,
Add CSS,أضف CSS,
Add Card to Dashboard,أضف البطاقة إلى لوحة التحكم,
Add Chart to Dashboard,إضافة مخطط إلى لوحة القيادة,
Add Child,إضافة طفل,
Add Column,إضافة عمود,
Add Contact,إضافة جهة اتصال,
Add Contacts,اضف جهات اتصال,
Add Container,أضف الحاوية,
Add Custom Tags,إضافة علامات مخصصة,
Add Filters,إضافة عوامل تصفية,
Add Gray Background,أضف خلفية رمادية,
Add Group,إضافة مجموعة,
Add Indexes,إضافة الفهارس,
Add Item Below,إضافة عنصر أدناه,
Add New,أضف جديد,
Add New Permission Rule,إضافة قاعدة صلاحيات جديدة,
Add Participants,إضافة المشاركين,
Add Query Parameters,إضافة معلمات الاستعلام,
Add Roles,أضف الأدوار,
Add Sidebar Item,إضافة عنصر في الشريط الجانبي,
Add Signature,إضافة التوقيع,
Add Space at Bottom,إضافة مساحة في الأسفل,
Add Space at Top,إضافة مسافة في الأعلى,
Add Subscribers,إضافة المشتركين,
Add Tags,إضافة العلامات,
Add Template,إضافة قالب,
Add Total Row,إضافة صف الإجمالي,
Add Translate Data,إضافة ترجمة البيانات,
Add Unsubscribe Link,إضافة رابط إلغاء الاشتراك,
Add User Permissions,إضافة أذونات المستخدم,
Add Video Conferencing,إضافة مؤتمرات الفيديو,
Add X-Original-From header,أضف رأس X-Original-From,
Add a Filter,إضافة عامل تصفية,
Add a New Role,إضافة دور جديد,
Add a Row,إضافة صف,
Add a comment,إضافة تعليق,
Add a new section,إضافة قسم جديد,
Add a row above the current row,أضف صفًا أعلى الصف الحالي,
Add a row at the bottom,أضف صفًا في الأسفل,
Add a row at the top,أضف صفًا في الأعلى,
Add a row below the current row,أضف صفًا أسفل الصف الحالي,
Add a {0} Chart,أضف مخطط {0},
Add column,إضافة عمود,
Add field,إضافة حقل,
Add multiple,إضافة متعددة,
Add new tab,إضافة علامة تبويب جديدة,
Add numbers or special characters.,إضافة أرقام أو أحرف خاصة.,
Add page break,إضافة فاصل الصفحات,
Add row,أضف صفًا,
Add script for Child Table,إضافة البرنامج النصي لجدول الطفل,
Add section above,اضافة قسم أعلاه,
Add section below,إضافة قسم أدناه,
Add tab,إضافة علامة تبويب,
Add to Dashboard,إضافة إلى لوحة القيادة,
Add to ToDo,أضف إلى ToDo,
Add to table,إضافة إلى الجدول,
Add to this activity by mailing to {0},أضف إلى هذا النشاط عن طريق إرسال بريد إلكتروني إلى {0},
Add {0},أضف {0},Primary action in list view
Add/Update Filter,إضافة/تحديث عامل التصفية,
Added,تمت الإضافة,
"Added HTML in the &lt;head&gt; section of the web page, primarily used for website verification and SEO",وأضاف HTML في القسم &lt;head&gt; من صفحة الويب، تستخدم في المقام الأول للتحقق من الموقع وSEO,
Added default log doctypes: {},تمت إضافة أنواع المستندات الافتراضية للسجل: {},
Added {0} ({1}),تمت إضافة {0} ({1}),
Additional Permissions,ضوابط إضافية,
Address,العنوان,
Address And Contacts,العنوان وجهات الاتصال,
Address Line 1,سطر العنوان 1,
Address Line 2,سطر العنوان 2,
Address Template,نموذج العنوان,
Address Title,إسم العنوان,
Address Title is mandatory.,عنوان العنوان إلزامي.,
Address Type,نوع العنوان,
Address and other legal information you may want to put in the footer.,العنوان وغيرها من المعلومات القانونية قد تحتاج لوضع في تذييل الصفحة.,
Addresses,عناوين,
Addresses And Contacts,العناوين و جهات الاتصال,
Adds a custom client script to a DocType,إضافة برنامج نصي عميل مخصص إلى DocType,
Adds a custom field to a DocType,إضافة حقل مخصص إلى DocType,
Administration,الادارة,
Administrator,المسؤول,
Administrator Logged In,تسجيل دخول مسؤول النظام,
Administrator accessed {0} on {1} via IP Address {2}.,.{2} المسؤول ولج  {0} بتاريخ {1} عبر العنوان,
Administrator can't follow,لا يمكن للمسؤول المتابعة,
Advanced,متقدم,
Advanced Control,تحكم متقدم,
Advanced Search,البحث المتقدم,
Advanced Settings,إعدادات متقدمة,
After,بعد,
After Cancel,بعد الغاء,
After Delete,بعد الحذف,
After Discard,بعد تجاهل,
After Insert,بعد الإدراج,
After Rename,بعد إعادة التسمية,
After Save,بعد الحفظ,
After Save (Submitted Document),بعد الحفظ (المستند المقدم),
After Submission,بعد تقديم الطلب,
After Submit,بعد تقديم,
Aggregate Field is required to create a number card,الحقل الإجمالي مطلوب لإنشاء بطاقة أرقام,
Aggregate Function Based On,مجموع وظيفة بناء على,
Aggregate Function field is required to create a dashboard chart,حقل تجميع الوظائف مطلوب لإنشاء مخطط لوحة القيادة,
Alert,إنذار,
Alias must be a string,يجب أن يكون الاسم المستعار سلسلة,
Align,محاذاة,
Align Labels to the Right,محاذاة التسميات إلى اليمين,
Align Right,محاذاة اليمين,
Align Value,محاذاة القيمة,
Alignment,محاذاة,
All,الكل,
All Day,طوال اليوم,
All Images attached to Website Slideshow should be public,يجب أن تكون جميع الصور الملحقة لموقع معرض الصور على العام,
All Records,جميع السجلات,
All Results,جميع النتائج,
All Submissions,جميع التقديمات,
All customizations will be removed. Please confirm.,سيتم إزالة كافة التخصيصات. يرجى التأكيد.,
All fields are necessary to submit the comment.,جميع الحقول ضرورية لتقديم التعليق.,
"All possible Workflow States and roles of the workflow. Docstatus Options: 0 is ""Saved"", 1 is ""Submitted"" and 2 is ""Cancelled""","جميع حالات سير العمل الممكنة وأدوار سير العمل. خيارات Docstatus: 0 هو ""محفوظ""، 1 هو ""تم الإرسال"" و 2 هو ""ملغي""",
All-uppercase is almost as easy to guess as all-lowercase.,جميع الأحرف الكبيرة تكون سهلة التخمين تقريبا كالأحرف الصغيرة,
Allocated To,المخصصة ل,
Allow,السماح,
Allow API Indexing Access,السماح بالوصول إلى فهرسة API,
Allow Auto Repeat,السماح للتكرار التلقائي,
Allow Bulk Edit,السماح بتحرير الكل,
Allow Bulk Editing,السماح بالتحرير الجماعي,
Allow Consecutive Login Attempts,السماح بمحاولات تسجيل الدخول المتتالية,
Allow Google Calendar Access,السماح بالوصول إلى تقويم Google,
Allow Google Contacts Access,السماح بوصول جهات اتصال Google,
Allow Guest,اسمح للضيف,
Allow Guest to View,السماح للزائر بالعرض,
Allow Guests to Upload Files,السماح للضيوف برفع الملفات,
Allow Import (via Data Import Tool),السماح بالاستيراد (عبر أداة استيراد البيانات),
Allow Login After Fail,السماح بتسجيل الدخول بعد الفشل,
Allow Login using Mobile Number,السماح بتسجيل الدخول برقم الجوال,
Allow Login using User Name,السماح بتسجيل الدخول باسم المستخدم,
Allow Modules,السماح للوحدات النمطية,
Allow Print for Cancelled,السماح بالطباعة للإلغاء,
Allow Print for Draft,السماح بالطباعة للمسودة,
Allow Read On All Link Options,السماح للقراءة على كل خيارات الارتباط,
Allow Rename,السماح بإعادة التسمية,
Allow Roles,الصلاحيات المسموح بها,
Allow Self Approval,اسمح بالموافقة الذاتية,
Allow Sending Usage Data for Improving Applications,السماح بإرسال بيانات الاستخدام لتحسين التطبيقات,
Allow approval for creator of the document,السماح بالموافقة على منشئ المستند,
Allow comments,السماح بالتعليقات,
Allow delete,السماح بالحذف,
Allow document creation via Email,السماح بإنشاء المستندات عبر البريد الإلكتروني,
Allow editing after submit,السماح بالتحرير بعد الإرسال,
"Allow editing even if the doctype has a workflow set up.

Does nothing if a workflow isn't set up.","السماح بالتحرير حتى إذا كان نوع المستند يحتوي على إعداد سير عمل.

لا يفعل شيئًا إذا لم يتم إعداد سير العمل.",
Allow events in timeline,السماح للأحداث في المخطط الزمني,
Allow in Quick Entry,السماح لأدخال سريع,
Allow incomplete forms,السماح بالنماذج غير المكتملة,
Allow multiple responses,السماح باستجابات متعددة,
Allow on Submit,السماح بالإعتماد,
Allow only one session per user,السماح بجلسة واحدة فقط لكل مستخدم,
Allow page break inside tables,السماح بفواصل الصفحات داخل الجداول,
Allow print,السماح بالطباعة,
Allow recording my first session to improve user experience,السماح بتسجيل جلستي الأولى لتحسين تجربة المستخدم,
Allow saving if mandatory fields are not filled,يسمح بحفظ البيانات في حالة عدم ملئ الحقول الإلزامية,
Allow sending usage data for improving applications,السماح بإرسال بيانات الاستخدام لتحسين التطبيقات,
Allow user to login only after this hour (0-24),تسمح للمستخدم لتسجيل الدخول فقط بعد هذه الساعة (0-24),
Allow user to login only before this hour (0-24),تسمح للمستخدم لتسجيل الدخول فقط قبل هذه الساعة (0-24),
"Allow users to log in without a password, using a login link sent to their email",السماح للمستخدمين بتسجيل الدخول بدون كلمة مرور، وذلك باستخدام رابط تسجيل الدخول المرسل إلى بريدهم الإلكتروني,
Allowed,سمح,
Allowed File Extensions,امتدادات الملفات المسموح بها,
Allowed In Mentions,سمح في المذكرات,
Allowed Modules,الوحدات المسموح بها,
Allowed Public Client Origins,أصول العميل العامة المسموح بها,
Allowed Roles,الأدوار المسموح بها,
Allowed embedding domains,مجالات التضمين المسموح بها,
"Allowing DocType, DocType. Be careful!",السماح DOCTYPE ، DOCTYPE . كن حذرا!,
"Allows clients to fetch metadata from the <code>/.well-known/oauth-authorization-server</code> endpoint. Reference: <a href=""https://datatracker.ietf.org/doc/html/rfc8414"">RFC8414</a>","يسمح للعملاء بجلب بيانات التعريف من نقطة النهاية <code>/.well-known/oauth-authorization-server</code>. المرجع: <a href=""https://datatracker.ietf.org/doc/html/rfc8414"">RFC8414</a>",
"Allows clients to fetch metadata from the <code>/.well-known/oauth-protected-resource</code> endpoint. Reference: <a href=""https://datatracker.ietf.org/doc/html/rfc9728#name-protected-resource-metadata"">RFC9728</a>","يسمح للعملاء بجلب البيانات التعريفية من نقطة النهاية <code>/.well-known/oauth-protected-resource</code>. المرجع: <a href=""https://datatracker.ietf.org/doc/html/rfc9728#name-protected-resource-metadata"">RFC9728</a>",
"Allows clients to register themselves without manual intervention. Registration creates a <b>OAuth Client</b> entry. Reference: <a href=""https://datatracker.ietf.org/doc/html/rfc7591"">RFC7591</a>","يسمح للعملاء بتسجيل أنفسهم دون تدخل يدوي. يؤدي التسجيل إلى إنشاء إدخال <b>عميل OAuth</b>. المرجع: <a href=""https://datatracker.ietf.org/doc/html/rfc7591"">RFC7591</a>",
Allows clients to view this as an Authorization Server when querying the <code>/.well-known/oauth-protected-resource</code> end point.,يسمح للعملاء بعرض هذا كخادم ترخيص عند الاستعلام عن نقطة النهاية <code>/.well-known/oauth-protected-resource</code>.,
Allows enabled Social Login Key Base URL to be shown as authorization server.,يسمح بإظهار عنوان URL الأساسي لمفتاح تسجيل الدخول الاجتماعي كخادم ترخيص.,
Allows printing or PDF download of documents.,يسمح بطباعة المستندات أو تنزيلها بصيغة PDF.,
Allows sharing document access with other users.,يسمح بمشاركة الوصول إلى المستندات مع مستخدمين آخرين.,
Allows skipping authorization if a user has active tokens.,يسمح بتخطي التفويض إذا كان لدى المستخدم رموز مميزة نشطة.,
Allows the user to access reports related to the document.,يسمح للمستخدم بالوصول إلى التقارير المتعلقة بالمستند.,
Allows the user to create new documents.,يسمح للمستخدم بإنشاء مستندات جديدة.,
Allows the user to delete documents.,يسمح للمستخدم بحذف المستندات.,
Allows the user to edit existing records they have access to.,يسمح للمستخدم بتحرير السجلات الموجودة التي يمكنه الوصول إليها.,
Allows the user to email from the document.,يسمح للمستخدم بإرسال بريد إلكتروني من المستند.,
Allows the user to export data from the Report view.,يسمح للمستخدم بتصدير البيانات من طريقة عرض التقرير.,
Allows the user to search and see records.,يسمح للمستخدم بالبحث والاطلاع على السجلات.,
Allows the user to use Data Import tool to create / update records.,يسمح للمستخدم باستخدام أداة استيراد البيانات لإنشاء/تحديث السجلات.,
Allows the user to view the document.,يسمح للمستخدم بعرض الوثيقة.,
Allows users to enable the mask property for any field of the respective doctype.,يسمح للمستخدمين بتمكين خاصية القناع لأي حقل من نوع المستند المعني.,
Already Registered,مسجل بالفعل,
Already in the following Users ToDo list:{0},بالفعل في قائمة &quot;المهام للمستخدمين&quot; التالية: {0},
Also adding the dependent currency field {0},إضافة حقل العملة التابعة {0},
Also adding the status dependency field {0},إضافة حقل تبعية الحالة أيضًا {0},
Alternative Email ID,معرف البريد الإلكتروني البديل,
Always,دائما,
Always BCC Address,عنوان نسخة مخفية الوجهة (BCC) دائمًا,
"Always add ""Draft"" Heading for printing draft documents","دائما إضافة ""كلمة مسودة"" عند طباعة المسودات",
Always use this email address as sender address,استخدم دائمًا عنوان البريد الإلكتروني هذا كعنوان للمرسل,
Always use this name as sender name,استخدم هذا الاسم دائمًا كاسم للمرسل,
Amend,تعديل,
Amend Counter,تعديل العداد,
Amended Document Naming Settings,إعدادات تسمية المستند المعدلة,
Amended Documents,الوثائق المعدلة,
Amended From,تم التعديل من,
Amending,تعديل,Freeze message while amending a document
Amendment Naming Override,تعديل تسمية التجاوز,
Amendment Not Allowed,التعديل غير مسموح به,
Amendment naming rules updated.,تم تحديث قواعد التسمية المعدلة.,
An error occurred while setting Session Defaults,حدث خطأ أثناء إعداد الإعدادات الافتراضية للجلسة,
An icon file with .ico extension. Should be 16 x 16 px. Generated using a favicon generator. [favicon-generator.org],ملف أيقونة بصيغة ico.  يجب أن تكون 16 × 16 بكسل. تم إنشاؤها باستخدام مولد أيقونات. [favicon-generator.org],
An unexpected error occurred while authorizing {}.,حدث خطأ غير متوقع أثناء تخويل {}.,
Analytics,التحليلات,
Ancestors Of,أجداد,
Announcement Widget,أداة الإعلان,
Announcements,إعلانات,
Annual,سنوي,
Anonymization Matrix,مصفوفة إخفاء الهوية,
Anonymous responses,ردود مجهولة,
Another transaction is blocking this one. Please try again in a few seconds.,معاملة أخرى يتم حظر هذه واحدة. يرجى المحاولة مرة أخرى في بضع ثوان.,
"Another {0} with name {1} exists, select another name",آخر {0} مع اسم {1} موجودا، حدد اسم آخر,
Any string-based printer languages can be used. Writing raw commands requires knowledge of the printer's native language provided by the printer manufacturer. Please refer to the developer manual provided by the printer manufacturer on how to write their native commands. These commands are rendered on the server side using the Jinja Templating Language.,يمكن استخدام أي لغة الطابعة المستندة إلى سلسلة. تتطلب كتابة الأوامر الأولية معرفة اللغة الأصلية للطابعة التي توفرها الشركة المصنعة للطابعة. يرجى الرجوع إلى دليل المطور الذي توفره الشركة المصنعة للطابعة حول كيفية كتابة الأوامر الأصلية. يتم تقديم هذه الأوامر على جانب الخادم باستخدام Jinja Templating Language.,
"Apart from System Manager, roles with Set User Permissions right can set permissions for other users for that Document Type.",وبصرف النظر عن مدير النظام، يمكن للأدوار التي لها الحق في تعيين أذونات المستخدم تعيين أذونات للمستخدمين الآخرين لهذا النوع من المستندات.,
App,تطبيق,
App ID,معرف التطبيق,
App Logo,شعار التطبيق,
App Name,اسم التطبيق,
App Name (Client Name),اسم التطبيق (اسم العميل),
App not found for module: {0},لم يتم العثور على التطبيق للوحدة: {0},
App {0} is not installed,لم يتم تثبيت التطبيق {0},
Append Emails to Sent Folder,إلحاق رسائل البريد الإلكتروني إلى مجلد المرسلة,
Append To,إلحاق ل,
Append To can be one of {0},إلحاق يمكن أن يكون واحدا من {0},
"Append as communication against this DocType (must have fields: ""Sender"" and ""Subject""). These fields can be defined in the email settings section of the appended doctype.","إلحاق كاتصال مقابل DocType هذا (يجب أن يحتوي على حقلين: ""المرسل"" و""الموضوع""). يمكن تحديد هذه الحقول في قسم إعدادات البريد الإلكتروني في نوع المستند الملحق.",
Applicable Document Types,أنواع المستندات القابلة للتطبيق,
Applicable For,ينطبق على,
Application Logo,شعار التطبيق,
Application Name,اسم التطبيق,
Application Version,إصدار التطبيق,
Application is not installed,لم يتم تثبيت التطبيق,
Applied On,تم التطبيق,
Applies To (DocType),ينطبق على (DocType),
Apply,تطبيق,
Apply Assignment Rule,تطبيق قاعدة التعيين,Button in list view actions menu
Apply Filters,تطبيق المرشحات,
Apply Module Export Filter,تطبيق عامل تصفية تصدير الوحدة النمطية,
Apply Strict User Permissions,تطبيق صلاحيات المستخدم الصارمة,
Apply To,تنطبق على,
Apply To All Document Types,تنطبق على جميع أنواع المستندات,
Apply User Permission On,تطبيق إذن المستخدم على,
Apply document permissions,تطبيق أذونات المستند,
Apply this rule if the User is the Owner,تطبيق هذا الحكم إذا كان المستخدم هو مالك,
Apply to all Documents Types,تنطبق على جميع أنواع الوثائق,
Applying: {0},التطبيق: {0},
Approval Required,الموافقة مطلوبة,
Apps,تطبيقات,
Ar,Ar,Number system
Archive,أرشيف,
Archived,مؤرشف,
Archived Columns,أعمدة من الأرشيف,
Are you sure you want to cancel the invitation?,هل أنت متأكد أنك تريد إلغاء الدعوة؟,
Are you sure you want to clear the assignments?,هل أنت متأكد أنك تريد مسح المهام؟,
Are you sure you want to delete all {0} rows?,هل أنت متأكد أنك تريد حذف جميع الصفوف البالغ عددها {0}؟,
Are you sure you want to delete the attachment?,هل أنت متأكد أنك تريد حذف المرفق؟,
Are you sure you want to delete the column? All the fields in the column will be moved to the previous column.,هل أنت متأكد أنك تريد حذف العمود؟ سيتم نقل كافة الحقول الموجودة في العمود إلى العمود السابق.,Confirmation dialog message
Are you sure you want to delete the section? All the columns along with fields in the section will be moved to the previous section.,هل أنت متأكد أنك تريد حذف القسم؟ سيتم نقل جميع الأعمدة والحقول الموجودة في القسم إلى القسم السابق.,Confirmation dialog message
Are you sure you want to delete the tab? All the sections along with fields in the tab will be moved to the previous tab.,هل أنت متأكد أنك تريد حذف علامة التبويب؟ سيتم نقل كافة الأقسام بالإضافة إلى الحقول الموجودة في علامة التبويب إلى علامة التبويب السابقة.,Confirmation dialog message
Are you sure you want to delete this record?,هل أنت متأكد أنك تريد حذف هذا السجل؟,
Are you sure you want to discard the changes?,هل أنت متأكد أنك تريد تجاهل التغييرات؟,
Are you sure you want to generate a new report?,هل أنت متأكد أنك تريد إنشاء تقرير جديد؟,
Are you sure you want to merge {0} with {1}?,هل أنت متأكد من رغبتك في دمج {0} مع {1}؟,
Are you sure you want to proceed?,هل أنت متأكد أنك تريد المتابعة؟,
Are you sure you want to re-enable scheduler?,هل أنت متأكد أنك تريد إعادة تمكين المجدول؟,
Are you sure you want to relink this communication to {0}?,هل أنت متأكد أنك تريد إعادة ربط هذه الاتصالات إلى {0}؟,
Are you sure you want to remove all failed jobs?,هل أنت متأكد أنك تريد إزالة كافة المهام الفاشلة؟,
Are you sure you want to remove the {0} filter?,هل أنت متأكد أنك تريد إزالة عامل التصفية {0}؟,
Are you sure you want to reset all customizations?,هل أنت متأكد أنك تريد إعادة تعيين كافة التخصيصات؟,
Are you sure you want to save this document?,هل أنت متأكد أنك تريد حفظ هذا المستند؟,
Are you sure you want to {0}?,هل أنت متأكد أنك تريد {0}؟,
Are you sure?,هل أنت واثق؟,
Arguments,الحجج,
Arial,اريال,
"As a best practice, do not assign the same set of permission rule to different Roles. Instead, set multiple Roles to the same User.",كأفضل ممارسة، لا تقم بتعيين نفس مجموعة قواعد الأذونات لأدوار مختلفة. بدلاً من ذلك، قم بتعيين أدوار متعددة لنفس المستخدم.,
"As document sharing is disabled, please give them the required permissions before assigning.",نظرًا لأن مشاركة المستندات معطلة، يرجى منحهم الأذونات المطلوبة قبل التعيين.,
"As per your request, your account and data on {0} associated with email {1} has been permanently deleted",بناءً على طلبك، تم حذف حسابك وبياناتك على {0} المرتبطة بالبريد الإلكتروني {1} نهائيًا,
Ask,اسأل,
Assign,عين,
Assign Condition,شرط التكليف,
Assign To,تكليف إلى,Button in list view actions menu
Assign To User Group,تعيين لمجموعة المستخدمين,
Assign To Users,تخصيص للمستخدمين,
Assign a user,تعيين مستخدم,
"Assign one by one, in sequence",تعيين واحد تلو الآخر ، في التسلسل,
Assign to me,تعيين لي,
Assign to the one who has the least assignments,كلف الشخص الذي لديه أقل المهام,
Assign to the user set in this field,تعيين المستخدم في هذا المجال,
Assigned,تم تحديد المهمة,
Assigned By,تعيين بواسطة,
Assigned By Full Name,تعيين بواسطة الاسم كامل,
Assigned To,تم تعيينه ل,
Assigned To/Owner,تعيين ل / المالك,
Assignee,المكلف,
Assigning...,جارٍ التعيين...,
Assignment,مهمة,
Assignment Completed,تم إنجاز المهمة,
Assignment Days,أيام التكليف,
Assignment Rule,قاعدة التكليف,
Assignment Rule Day,يوم قاعدة التكليف,
Assignment Rule User,مستخدم قاعدة التكليف,
Assignment Rule is not allowed on document type {0},قاعدة التكليف غير مسموح بها في نوع المستند {0},
Assignment Rules,قواعد التكليف,
Assignment Update on {0},تحديث التكليف بتاريخ {0},
Assignment for {0} {1},تعيين لـ {0} {1},
Assignment of {0} removed by {1},تمت إزالة تعيين {0} بواسطة {1},
Assignments,تعيينات,
Asynchronous,غير متزامن,
At least one column is required to show in the grid.,مطلوب عمود واحد على الأقل لإظهاره في الشبكة.,
At least one field is required in Web Form Fields Table,مطلوب حقل واحد على الأقل في جدول حقول نموذج الويب,
At least one field of Parent Document Type is mandatory,يعد حقل واحد على الأقل من نوع المستند الأصلي إلزاميًا,
Attach,إرفاق,
Attach Document Print,إرفاق طباعة المستند,
Attach Files,إرفاق الملفات,
Attach Image,إرفاق صورة,
Attach Package,إرفاق الحزمة,
Attach Print,إرفق طباعة,
Attach a web link,إرفاق رابط ويب,
Attach files / urls and add in table.,إرفاق الملفات / عناوين واضافة في الجدول.,
Attached File,ملف مرفق,
Attached To DocType,مرفق بDocType,
Attached To Field,مرفق إلى الحقل,
Attached To Name,أرفقت للأسم,
Attached To Name must be a string or an integer,"يجب أن يكون ""الاسم المرفق"" عبارة عن سلسلة أو عدد صحيح",
Attachment,مرفق,
Attachment Limit (MB),الحد مرفق (MB),
Attachment Limit Reached,تم الوصول إلى حد المرفقات,
Attachment Link,رابط المرفقات,
Attachment Removed,تم حذف المرفق,
Attachment Settings,إعدادات المرفقات,
Attachments,المرفقات,
Attempting Connection to QZ Tray...,محاولة الاتصال بـ QZ Tray ...,
Attempting to launch QZ Tray...,محاولة إطلاق QZ Tray ...,
Attending,الحضور,
Attribution,الإسناد,
Audit System Hooks,خطاف نظام التدقيق,
Audit Trail,مسار التدقيق,
Audits,عمليات التدقيق,
Auth URL Data,بيانات عنوان المصادقة,
Auth URL data should be valid JSON,يجب أن تكون بيانات عنوان URL للمصادقة صالحة بتنسيق JSON,
Authenticate as Service Principal,المصادقة كمدير الخدمة,
Authentication,المصادقة,
Authentication Apps you can use are:,تطبيقات المصادقة التي يمكنك استخدامها هي:,
Authentication failed while receiving emails from Email Account: {0}.,فشلت المصادقة أثناء تلقي رسائل البريد الإلكتروني من حساب البريد الإلكتروني: {0}.,
Author,مؤلف,
Authorization,إذن,
Authorization Code,رمز الترخيص,
Authorization URI,عنوان URL للتفويض,
Authorization error for {}.,خطأ في التفويض لـ {}.,
Authorize API Access,تفويض الوصول إلى واجهة برمجة التطبيقات (API).,
Authorize API Indexing  Access,تخويل الوصول إلى فهرسة API,
Authorize Google Calendar Access,تخويل الوصول إلى تقويم Google,
Authorize Google Contacts Access,السماح بوصول جهات اتصال Google,
Authorize URL,مصادقة عنوان ورل,
Authorized,مخول,
Authors,المؤلفون,
Authors / Maintainers,المؤلفون / المشرفون,
Auto,تلقائى,
Auto Email Report,تقرير البريد الإلكتروني التلقائي,
Auto Name,الإسم التلقائي,
Auto Repeat,تكرار تلقائي,
Auto Repeat Day,يوم التكرار التلقائي,
Auto Repeat Day{0} {1} has been repeated.,تم تكرار يوم التكرار التلقائي{0} {1}.,
Auto Repeat Document Creation Failed,فشل إنشاء مستند تكرار تلقائي,
Auto Repeat Schedule,جدول التكرار التلقائي,
Auto Repeat User,تكرار المستخدم تلقائيًا,
Auto Repeat created for this document,تكرار تلقائي تم إنشاؤه لهذا المستند,
Auto Repeat failed for {0},فشل التكرار التلقائي لـ {0},
Auto Reply,الرد التلقائي,
Auto Reply Message,رد تلقائي على الرسائل,
Auto assignment failed: {0},فشل التخصيص التلقائي: {0},
Auto follow documents that are assigned to you,متابعة المستندات تلقائيًا التي تم تعيينها لك,
Auto follow documents that are shared with you,المتابعة التلقائية للمستندات التي تتم مشاركتها معك,
Auto follow documents that you Like,متابعة المستندات تلقائيًا التي تعجبك,
Auto follow documents that you comment on,المتابعة التلقائية للمستندات التي تعلق عليها,
Auto follow documents that you create,متابعة المستندات تلقائيًا التي تقوم بإنشائها,
Auto repeat failed. Please enable auto repeat after fixing the issues.,فشل التكرار التلقائي. يرجى تمكين التكرار التلقائي بعد إصلاح المشكلات.,
Autocomplete,الإكمال التلقائي,
Autoincrement,زيادة تلقائية,
Automated Message,الرسالة الآلية,
Automatic,تلقائي,
Automatic Linking can be activated only for one Email Account.,يمكن تنشيط الربط التلقائي فقط لحساب بريد إلكتروني واحد.,
Automatic Linking can be activated only if Incoming is enabled.,لا يمكن تنشيط الربط التلقائي إلا إذا تم تمكين الوارد.,
Automatic sending of emails is disabled via site config.,تم تعطيل الإرسال التلقائي لرسائل البريد الإلكتروني عبر تكوين الموقع.,
Automatically Assign Documents to Users,تعيين المستندات للمستخدمين تلقائيًا,
Automatically applied a filter for recent data. You can disable this behavior from the list view settings.,تم تطبيق مرشح تلقائيًا للبيانات الحديثة. يمكنك تعطيل هذا السلوك من إعدادات عرض القائمة.,
Automatically delete account within (hours),حذف الحساب تلقائيا خلال (ساعات),
Automation,الأتمتة,
Average,معدل,
Average of {0},متوسط {0},
Avoid dates and years that are associated with you.,تجنب التواريخ والسنوات التي ترتبط معك.,
Avoid recent years.,تجنب السنوات الأخيرة.,
Avoid sequences like abc or 6543 as they are easy to guess,تجنب تسلسل مثل abc أو 6543 كما أنها سهلة لتخمين,
Avoid years that are associated with you.,تجنب السنوات التي ترتبط معك.,
Awaiting Password,في انتظار كلمة المرور,
Awaiting password,في انتظار كلمة المرور,
Awesome Work,عمل رائع,
"Awesome, now try making an entry yourself",رائع، حاول الآن إجراء إدخال بنفسك,
B,B,Number system
B0,ب0,
B1,ب1,
B10,ب10,
B2,ب2,
B3,ب3,
B4,ب4,
B5,ب5,
B6,ب6,
B7,ب7,
B8,ب8,
B9,ب9,
BCC,نسخة مخفية الوجهة,
Back,العودة,
Back to Desk,العودة الى المكتب,
Back to Home,العودة إلى المنزل,
Back to Login,العودة إلى تسجيل الدخول,
Background Color,لون الخلفية,
Background Image,صورة الخلفية,
Background Job,مهمة خلفية,
Background Jobs,مهام الخلفية,
Background Jobs Check,التحقق من وظائف الخلفية,
Background Jobs Queue,قائمة انتظار وظائف الخلفية,
Background Print (required for >25 documents),طباعة الخلفية (مطلوبة لأكثر من 25 مستندًا),
Background Workers,العمال في الخلفية,
Backup Encryption Key,مفتاح تشفير النسخ الاحتياطي,
Backup job is already queued. You will receive an email with the download link,وظيفة النسخ الاحتياطي بالفعل في قائمة الانتظار. سوف تتلقى رسالة بريد إلكتروني مع رابط التحميل,
Backups,النسخ الاحتياطية,
Backups (MB),النسخ الاحتياطية (ميجابايت),
Bad Cron Expression,تعبير كرون سيء,
Banker's Rounding,تقريب المصرفي,
Banker's Rounding (legacy),تقريب المصرفي (القديمة),
Banner,الترويسة,
Banner HTML,راية HTML,
Banner Image,راية صورة,
Banner is above the Top Menu Bar.,راية فوق أعلى شريط القوائم.,
Bar,بار,
Barcode,الباركود,
Base Distinguished Name (DN),قاعدة الاسم المميز (DN),
Base URL,الرابط الأساسي,
Based On,بناء على,
Based on Field,على أساس الميدان,
Based on Permissions For User,اعتماداً على صلاحيات المستخدم,
Basic,الأساسي,
Basic Info,معلومات أساسية,
Before,قبل,
Before Cancel,قبل الإلغاء,
Before Delete,قبل الحذف,
Before Discard,قبل تجاهل,
Before Insert,قبل إدراج,
Before Print,قبل الطباعة,
Before Rename,قبل إعادة التسمية,
Before Save,قبل الحفظ,
Before Save (Submitted Document),قبل الحفظ (المستند المقدم),
Before Submit,قبل إرسال,
Before Validate,قبل التحقق من الصحة,
Beginner,مبتدئ,
Beginning with,بداية من,
Beta,بيتا,
Better add a few more letters or another word,من الأفضل إضافة بضعة أحرف أو كلمة أخرى,
Between,ما بين,
Billing,الفواتير,
Billing Contact,جهة اتصال الفوترة,
Binary Logging,التسجيل الثنائي,
Bio,نبذة,
Birth Date,تاريخ الميلاد,
Blank Template,نموذج فارغ,
Block Module,كتلة الوحدة,
Block Modules,كتلة وحدات,
Blue,أزرق,
Bold,بالخط العريض,
Bot,آلي,
Both DocType and Name required,كلا DOCTYPE واسم المطلوبة,
Both login and password required,مطلوب كل من تسجيل الدخول وكلمة المرور,
Bottom,الأسفل,
Bottom Center,مركز القاع,
Bottom Left,أسفل اليسار,
Bottom Right,أسفل اليمين,
Bounced,وثب,
Brand,العلامة التجارية,
Brand HTML,العلامة التجارية HTML,
Brand Image,صورة العلامة التجارية,
Brand Logo,شعار العلامة التجارية,
Breadcrumbs,مسار التصفح,
Browser,المستعرض,
Browser Version,إصدار المستعرض,
Browser not supported,المتصفح غير مدعوم,
Brute Force Security,أمان ضد القوة العمياء,
Bufferpool Size,حجم المخزن المؤقت,
Build {0},البناء {0},
Built on {0},مبني على {0},
Bulk Actions,الإجراءات السائبة,
Bulk Delete,حذف بالجملة,
Bulk Edit,تحرير بالجملة,
Bulk Edit {0},تعديل بالجمله {0},
Bulk Operation Failed,فشلت العملية المجمعة,
Bulk Operation Successful,تمت العملية بالجملة بنجاح,
Bulk PDF Export,تصدير ملفات PDF بكميات كبيرة,
Bulk Update,تحديث مجمّع,
Bulk approval only support up to 500 documents.,تدعم الموافقة المجمعة ما يصل إلى 500 مستند فقط.,
Bulk operation is enqueued in background.,يتم وضع العملية المجمعة في الخلفية.,
Bulk operations only support up to 500 documents.,تدعم العمليات المجمعة ما يصل إلى 500 مستند فقط.,
Bulk {0} is enqueued in background.,يتم وضع مجموعة {0} في الخلفية.,
Button,زر,
Button Color,لون الزر,
Button Gradients,تدرجات الزر,
Button Rounded Corners,زوايا دائرية بأزرار,
Button Shadows,زر الظلال,
"By ""Naming Series"" field","بواسطة حقل ""سلسلة التسمية"".",
"By default the title is used as meta title, adding a value here will override it.",بشكل افتراضي ، يتم استخدام العنوان كعنوان تعريف ، وستؤدي إضافة قيمة هنا إلى تجاوزه.,
By fieldname,بواسطة اسم المجال,
By script,حسب البرنامج النصي,
Bypass Restricted IP Address Check If Two Factor Auth Enabled,تحقق من تجاوز عنوان IP المقيد إذا تم تمكين مصادقة عاملين,
Bypass Two Factor Auth for users who login from restricted IP Address,تجاوز اثنين عامل عامل للمستخدمين الذين تسجيل الدخول من عنوان إب مقيدة,
Bypass restricted IP Address check If Two Factor Auth Enabled,تجاوز عنوان IP المحظور التحقق في حالة تمكين عامل عامل,
C5E,C5E,
CANCELLED,ملغي,
CC,نسخة,
CMD,كمد,
COLOR PICKER,منتقي الألوان,
CSS,CSS,
CSS Class,فئة CSS,
CSS selector for the element you want to highlight.,محدد CSS للعنصر الذي تريد تمييزه.,
CSV,CSV,
Cache,ذاكرة التخزين المؤقت,
Cache Cleared,تحديث الصفحة,
Calculate,إحسب,
Calculated Discount Mismatch,عدم تطابق الخصم المحسوب,
Calendar,تقويم,
Calendar Name,اسم التقويم,
Calendar View,عرض التقويم,
Call,أتصال,
Call To Action,دعوة للعمل,
Call To Action URL,عنوان URL للدعوة إلى العمل,
Callback Message,رسالة رد,
Callback Title,عنوان رد الاتصال,
Camera,الة تصوير,
Campaign,حملة,
Campaign Description (Optional),وصف الحملة (اختياري),
Can not rename as column {0} is already present on DocType.,لا يمكن إعادة التسمية لأن العمود {0} موجود بالفعل في DocType.,
Can only change to/from Autoincrement naming rule when there is no data in the doctype,يمكن فقط التغيير من/إلى قاعدة التسمية Autoincrement في حالة عدم وجود بيانات في نوع المستند,
Can only list down the document types which has been linked to the User document type.,يمكن فقط سرد أنواع المستندات التي تم ربطها بنوع مستند المستخدم.,
Can't follow since changes are not tracked.,لا يمكن المتابعة لأنه لا يتم تعقب التغييرات.,
Can't rename {0} to {1} because {0} doesn't exist.,لا يمكن إعادة تسمية {0} إلى {1} لأن {0} غير موجود.,
Cancel,إلغاء,
Cancel All,إلغاء الكل,
Cancel All Documents,الغاء جميع الوثائق,
Cancel Import,إلغاء الاستيراد,
Cancel Prepared Report,إلغاء التقرير المعد,
Cancel {0} documents?,هل تريد إلغاء {0} من المستندات؟,Title of confirmation dialog
Cancelled,تم الإلغاء,
Cancelled Document restored as Draft,تم استعادة المستند الملغى كمسودة,
Cancelling,الإلغاء,Freeze message while cancelling a document
Cancelling documents,إلغاء الوثائق,
Cancelling {0},الغاء {0},
Cannot Download Report due to insufficient permissions,لا يمكن تنزيل التقرير بسبب عدم كفاية الأذونات,
Cannot Fetch Values,لا يمكن جلب القيم,
Cannot Remove,لا يمكن إزالة,
Cannot Update After Submit,لا يمكن التحديث بعد الإرسال,
Cannot access file path {0},لا يمكن الوصول إلى مسار الملف {0},
Cannot cancel before submitting while transitioning from <b>{0} State</b> to <b>{1} State</b>,لا يمكن الإلغاء قبل الإرسال أثناء الانتقال من ولاية <b>{0}</b> إلى ولاية <b>{1}</b>,
Cannot cancel before submitting. See Transition {0},لا يمكن الإلغاء قبل الإرسال. انظر الانتقال {0},
Cannot cancel {0}.,لا يمكن إلغاء {0}.,
Cannot change docstatus from 0 (Draft) to 2 (Cancelled),لا يمكن تغيير حالة المستند من 0 (مسودة) إلى 2 (ملغى),
Cannot change docstatus from 1 (Submitted) to 0 (Draft),لا يمكن تغيير حالة المستند من 1 (تم الإرسال) إلى 0 (مسودة),
Cannot change state of Cancelled Document <b>({0} State)</b>,لا يمكن تغيير حالة المستند الملغي <b>(حالة {0})</b>,
Cannot change state of Cancelled Document. Transition row {0},لا يمكن تغيير حالة الوثيقة ملغاة .,
Cannot change to/from autoincrement autoname in Customize Form,لا يمكن التغيير من/إلى الاسم التلقائي للزيادة التلقائية في نموذج التخصيص,
Cannot create a {0} against a child document: {1},لا يمكن إنشاء {0} ضد مستند طفل: {1},
Cannot create private workspace of other users,لا يمكن إنشاء مساحة عمل خاصة للمستخدمين الآخرين,
Cannot delete Desktop Icon '{0}' as it is restricted,لا يمكن حذف رمز سطح المكتب '{0}' لأنه مقيد,
Cannot delete Home and Attachments folders,لا يمكن حذف المجلدات الرئيسية والمرفقات,
Cannot delete or cancel because {0} {1} is linked with {2} {3} {4},لا يمكن حذف أو إلغاء لأن {0} {1} مرتبط مع {2} {3} {4},
Cannot delete standard action. You can hide it if you want,لا يمكن حذف الإجراء القياسي. يمكنك إخفاء ذلك إذا كنت تريد,
Cannot delete standard document state.,لا يمكن حذف حالة المستند القياسية.,
Cannot delete standard field <strong>{0}</strong>. You can hide it instead.,لا يمكن حذف الحقل القياسي <strong>{0}</strong>. يمكنك إخفاءه بدلا من ذلك.,
Cannot delete standard field. You can hide it if you want,لا يمكن حذف الحقل القياسي. يمكنك إخفاءه إذا كنت تريد,
Cannot delete standard link. You can hide it if you want,لا يمكن حذف الارتباط القياسي. يمكنك إخفاء ذلك إذا كنت تريد,
Cannot delete system generated field <strong>{0}</strong>. You can hide it instead.,لا يمكن حذف الحقل الذي أنشأه النظام <strong>{0}</strong>. يمكنك إخفاءه بدلا من ذلك.,
Cannot delete {0},لا يمكن حذف {0},
Cannot delete {0} as it has child nodes,لا يمكن حذف {0} لأن لديها عُقد تابعة,
Cannot edit Standard Dashboards,لا يمكن تحرير لوحات المعلومات القياسية,
"Cannot edit Standard Notification. To edit, please disable this and duplicate it",لا يمكن تحرير الإشعار القياسي. للتعديل ، يرجى تعطيله وتكراره,
Cannot edit Standard charts,لا يمكن تحرير المخططات القياسية,
Cannot edit a standard report. Please duplicate and create a new report,لا يمكنك التعديل على التقارير القياسية. يرجى نسخ التقريرالقياسي و  التعديل على النسخة الجديدة,
Cannot edit cancelled document,لا يمكنك التعديل على وثيقة ملغية,
Cannot edit filters for standard charts,لا يمكن تحرير عوامل التصفية للمخططات القياسية,
Cannot edit filters for standard number cards,لا يمكن تحرير عوامل التصفية لبطاقات الأرقام القياسية,
Cannot edit standard fields,لا تستطيع تعديل الحقول القياسية,
Cannot enable {0} for a non-submittable doctype,لا يمكن تمكين {0} لنوع مستند غير قابل للإرسال,
Cannot find file {} on disk,لا يمكن العثور على الملف {} على القرص,
Cannot get file contents of a Folder,لا يمكن الحصول على محتويات الملف للمجلد,
Cannot have multiple printers mapped to a single print format.,لا يمكن تعيين طابعات متعددة على تنسيق طباعة واحد.,
Cannot import table with more than 5000 rows.,لا يمكن استيراد جدول يحتوي على أكثر من 5000 صف.,
Cannot link cancelled document: {0},لا يمكن ربط وثيقة إلغاء: {0},
Cannot map because following condition fails:,لا يمكن التعيين بسبب فشل الشرط التالي:,
Cannot match column {0} with any field,لا يمكن مطابقة العمود {0} بأي حقل,
Cannot move row,لا يمكن نقل الصف,
Cannot remove ID field,لا يمكن إزالة معرف الحقل,
Cannot set 'Report' permission if 'Only If Creator' permission is set,"لا يمكن تعيين إذن ""التقرير"" إذا تم تعيين إذن ""فقط إذا كان المنشئ"".",
Cannot set Notification with event {0} on Document Type {1},لا يمكن ضبط الإشعار بالحدث {0} على نوع المستند {1},
Cannot share {0} with submit permission as the doctype {1} is not submittable,لا يمكن مشاركة {0} مع إذن الإرسال لأن نوع المستند {1} غير قابل للإرسال,
Cannot submit {0}.,لا يمكن إرسال {0}.,
Cannot update {0},لا يمكن تحديث {0},
Cannot use sub-query here.,لا يمكن استخدام الاستعلام الفرعي هنا.,
Cannot use {0} in order/group by,لا يمكن استخدام {0} في الترتيب/التجميع حسب,
Cannot {0} {1}.,لا يمكن {0} {1}.,
Capitalization doesn't help very much.,القيمة لا يساعد كثيرا جدا.,
Capture,التقاط,
Card,بطاقة,
Card Break,استراحة البطاقة,
Card Label,ملصق البطاقة,
Card Links,روابط البطاقة,
Cards,بطاقات,
Category,فئة,
Category Description,وصف الفئة,
Category Name,اسم التصنيف,
Center,مركز,
Change,تغيير,
Change Image,تغيير الصورة,
Change Label (via Custom Translation),تغيير التسمية (عبر الترجمة المخصصة),
Change Letter Head,تغيير رأس الرسالة,
Change Password,تغيير كلمة المرور,
Change Print Format,تغيير تنسيق الطباعة,
"Change the starting / current sequence number of an existing series. <br>

Warning: Incorrectly updating counters can prevent documents from getting created.","تغيير رقم التسلسل البداية/الحالية لسلسلة موجودة. <ر>

تحذير: قد يؤدي تحديث العدادات بشكل غير صحيح إلى منع إنشاء المستندات.",
Changed at,تغيرت عند,
Changed by,تم التغيير بواسطة,
Changelog Feed,تغذية سجل التغيير,
Changes,التغييرات,
Changing any setting will reflect on all the email accounts associated with this domain.,سينعكس تغيير أي إعداد على جميع حسابات البريد الإلكتروني المرتبطة بهذا المجال.,
Changing rounding method on site with data can result in unexpected behaviour.,يمكن أن يؤدي تغيير طريقة التقريب في الموقع مع البيانات إلى سلوك غير متوقع.,
Channel,قناة,
Chart,الرسم البياني,
Chart Configuration,تكوين الرسم البياني,
Chart Name,اسم المخطط,
Chart Options,خيارات الرسم البياني,
Chart Source,مصدر الرسم البياني,
Chart Type,نوع الرسم البياني,
Charts,الرسوم البيانية,
Chat,الدردشة,
Check,التحقق من,
Check Request URL,تحقق من عنوان الرابط المطلوب,
"Check columns to select, drag to set order.",حدد الأعمدة لتحديدها، واسحبها لضبط الترتيب.,
Check the Error Log for more information: {0},تحقق من سجل الأخطاء لمزيد من المعلومات: {0},
Check this if the Update Value is a formula or expression (e.g. doc.amount * 2). Leave unchecked for plain text values.,تحقق من ذلك إذا كانت قيمة التحديث عبارة عن صيغة أو تعبير (على سبيل المثال، doc.amount * 2). اتركه بدون تحديد لقيم النص العادي.,
Check this if you don't want users to sign up for an account on your site. Users won't get desk access unless you explicitly provide it.,تحقق من هذا إذا كنت لا تريد أن يقوم المستخدمون بالتسجيل للحصول على حساب على موقعك. لن يتمكن المستخدمون من الوصول إلى المكتب ما لم تقدمه صراحةً.,
Check this if you want to force the user to select a series before saving. There will be no default if you check this.,التحقق من ذلك إذا كنت تريد لإجبار المستخدم لتحديد سلسلة قبل الحفظ. لن يكون هناك الافتراضي إذا قمت بتحديد هذا.,
"Check to display the full numeric value (e.g., 1,234,567 instead of 1.2M).","تحقق لعرض القيمة الرقمية الكاملة (على سبيل المثال، 1,234,567 بدلاً من 1.2M).",
Checking one moment,فحص لحظة واحدة,
"Checking this will enable tracking page views for blogs, web pages, etc.",سيؤدي التحقق من ذلك إلى تمكين تتبع مشاهدات الصفحة للمدونات وصفحات الويب وما إلى ذلك.,
Checking this will hide custom doctypes and reports cards in Links section,سيؤدي تحديد هذا إلى إخفاء نماذج المستندات المخصصة وبطاقات التقارير في قسم الروابط,
Checking this will publish the page on your website and it'll be visible to everyone.,سيؤدي التحقق من ذلك إلى نشر الصفحة على موقع الويب الخاص بك وستكون مرئية للجميع.,
Checking this will show a text area where you can write custom javascript that will run on this page.,سيؤدي التحقق من هذا إلى إظهار منطقة نصية حيث يمكنك كتابة جافا سكريبت مخصص سيتم تشغيله على هذه الصفحة.,
Child DocTypes are not allowed,أنواع المستندات الفرعية غير مسموح بها,
Child Doctype,نوع الطفل,
Child Item,عنصر الطفل,
Child Table {0} for field {1} must be virtual,يجب أن يكون الجدول الفرعي {0} للحقل {1} افتراضيًا,
Child Tables are shown as a Grid in other DocTypes,يتم عرض الجداول الفرعية كشبكة في DocTypes الأخرى,
Child query fields for '{0}' must be a list or tuple.,يجب أن تكون حقول الاستعلام التابعة لـ '{0}' عبارة عن قائمة أو مجموعة.,
Choose Existing Card or create New Card,اختر بطاقة موجودة أو أنشئ بطاقة جديدة,
Choose a block or continue typing,اختر كتلة أو تابع الكتابة,
Choose a color,اختر لونًا,
Choose an icon,اختر أيقونة,
Choose authentication method to be used by all users,اختر طريقة المصادقة لاستخدامها من قبل جميع المستخدمين,
City,المدينة,
City/Town,المدينة / البلدة,
Clear,واضح,
Clear & Add Template,مسح وإضافة القالب,
Clear & Add template,مسح وإضافة القالب,
Clear All,مسح الكل,
Clear Assignment,مهمة واضحة,Button in list view actions menu
Clear Cache and Reload,مسح ذاكرة التخزين المؤقت وتحديث,
Clear Error Logs,مسح سجلات سجلات الاخطاء,
Clear Filters,مسح المرشحات,
Clear Logs After (days),مسح السجلات بعد (أيام),
Clear User Permissions,مسح أذونات المستخدم,
Clear all filters,مسح كافة عوامل التصفية,
Clear the email message and add the template,امسح رسالة البريد الإلكتروني وأضف القالب,
"Clearing end date, as it cannot be in the past for published pages.",تاريخ انتهاء المقاصة ، لأنه لا يمكن أن يكون في الماضي للصفحات المنشورة.,
Click On Customize to add your first widget,"انقر فوق ""تخصيص"" لإضافة الأداة الأولى الخاصة بك",
Click below to get started:,انقر أدناه للبدء:,
Click here,انقر هنا,
Click on a file to select it.,انقر على الملف لتحديده.,
Click on the button to log in to {0},انقر فوق الزر لتسجيل الدخول إلى {0},
Click on the link below to approve the request,انقر على الرابط أدناه للموافقة على الطلب,
Click on the link below to complete your registration and set a new password,انقر على الرابط أدناه لإكمال التسجيل وتعيين كلمة مرور جديدة,
Click on the link below to download your data,انقر على الرابط أدناه لتنزيل بياناتك,
Click on the link below to verify your request,انقر على الرابط أدناه للتحقق من طلبك,
Click on {0} to generate Refresh Token.,انقر فوق {0} لإنشاء تحديث الرمز المميز.,
Click table to edit,انقر الجدول لتعديل,
Click to Set Dynamic Filters,انقر لتعيين عوامل التصفية الديناميكية,
Click to Set Filters,انقر لتعيين عوامل التصفية,
Click to sort by {0},انقر للفرز حسب {0},
Clicked,النقر,
Client,عميل,
Client Code,رمز العميل,
Client Credentials,وثائق تفويض العميل,
Client ID,رمز العميل,
Client Id,معرف العميل,
Client Information,معلومات العميل,
Client Metadata,بيانات تعريف العميل,
Client Script,العميل النصي,
Client Secret,سر العميل,
Client Secret Basic,العميل السري الأساسي,
Client Secret Post,منشور العميل السري,
Client URI,معرف URI للعميل,
Client URLs,الروابط للعميل,
Client script,البرنامج النصي العميل,
Close,إغلاق,
Close Condition,شرط الإغلاق,
Close properties,إغلاق الخصائص,
Closed,مغلق,
Cmd+Enter to add comment,Cmd+Enter لإضافة تعليق,
Code,رمز,
Code Challenge,تحدي الكود,
Code Editor Type,نوع محرر الكود,
Code challenge method,طريقة تحدي الكود,
Collapse,طي,Shrink code field.
Collapse All,طي الكل,
Collapsible,للطي,
Collapsible Depends On,الضم يعتمد على,
Collapsible Depends On (JS),قابل للطي يعتمد على (JS),
Color,اللون,
Column,العمود,
Column 1,العمود 1,
Column 2,العمود 2,
Column <b>{0}</b> already exist.,عمود <b>{0}</b> موجودة بالفعل.,
Column Break,فاصل عمودي,
Column Labels:,تسميات العمود:,
Column Name,اسم العمود,
Column Name cannot be empty,اسم العمود لا يمكن أن يكون فارغا\n<br>\nColumn Name cannot be empty,
Column Width,عرض العمود,
Column width cannot be zero.,لا يمكن أن يكون عرض العمود صفرًا.,
Column {0},العمود {0},
Columns,الأعمدة,
Columns / Fields,الأعمدة / الحقول,
Columns based on,أعمدة بناء على,
Combination of Grant Type (<code>{0}</code>) and Response Type (<code>{1}</code>) not allowed,الجمع بين نوع المنحة ( <code>{0}</code> ) ونوع الاستجابة ( <code>{1}</code> ) غير مسموح به,
Comm10E,Comm10E,
Comment,تعليق,
Comment By,تعليق من جانب,
Comment Email,تعليق البريد الإلكتروني,
Comment Type,تعليق نوع,
Comment can only be edited by the owner,لا يمكن تعديل التعليق إلا بواسطة المالك,
Comment publicity can only be updated by the original author or a System Manager.,لا يمكن تحديث نشر التعليق إلا بواسطة المؤلف الأصلي أو مدير النظام.,
Comments,التعليقات,
Comments and Communications will be associated with this linked document,سيتم ربط التعليقات والاتصالات مع هذه الوثيقة مرتبطة,
Comments cannot have links or email addresses,لا يمكن أن تحتوي التعليقات على روابط أو عناوين بريد إلكتروني,
Commercial Rounding,التقريب التجاري,
Commit,ارتكب,
Committed,ملتزم,
Common names and surnames are easy to guess.,الأسماء الشائعة والألقاب سهلة التخمين.,
Common words are easy to guess.,الكلمات الشائعة من السهل تخمينها.,
Communication,الاتصالات,
Communication Date,تاريخ الاتصال,
Communication Link,حلقة اتصال,
Communication Type,نوع الإتصال,
Communication secret not set,لم يتم تعيين سر الاتصال,
Company History,نبذة عن تاريخ الشركة,
Company Introduction,مقدمة الشركة,
Company Name,اسم الشركة,
Compare Versions,قارن الإصدارات,
Compilation warning,تحذير التجميع,
Compiled Successfully,جمعت بنجاح,
Complete,كامل,
Complete By,الكامل من جانب,
Complete Registration,أكمال التسجيل,
Complete Setup,الإعداد الكامل,Finish the setup wizard
Completed,مكتمل,
Completed By Role,اكتمل حسب الدور,
Completed By User,تم إكماله من قبل المستخدم,
Component,مكون,
Compose Email,كتابة رسالة الكترونية,
Compressed,مضغوط,
Condition,الحالة,
Condition JSON,الحالة JSON,
Condition Type,نوع الحالة,
Condition description,وصف الحالة,
Conditions,الشروط,
Config,التكوين,
Configuration,التكوين,
Configure Chart,تكوين المخطط,
Configure Columns,تكوين الأعمدة,
Configure Recorder,تكوين مسجل,
Configure columns for {0},تكوين الأعمدة لـ {0},
"Configure how amended documents will be named.<br>

Default behaviour is to follow an amend counter which adds a number to the end of the original name indicating the amended version. <br>

Default Naming will make the amended document to behave same as new documents.","قم بتكوين كيفية تسمية المستندات المعدلة.<br>

السلوك الافتراضي هو اتباع عداد التعديل الذي يضيف رقمًا إلى نهاية الاسم الأصلي يشير إلى النسخة المعدلة. <ر>

ستؤدي التسمية الافتراضية إلى جعل المستند المعدل يتصرف مثل المستندات الجديدة.",
"Configure various aspects of how document naming works like naming series, current counter.",قم بتكوين الجوانب المختلفة لكيفية عمل تسمية المستندات مثل سلسلة التسمية والعداد الحالي.,
Confirm,أكد,
Confirm Access,تأكيد الوصول,
Confirm Deletion of Account,تأكيد حذف الحساب,
Confirm New Password,تأكيد كلمة المرور الجديدة,
Confirm Password,تأكيد كلمة المرور,
Confirm Request,تأكيد الطلب,
Confirmation Email Template,نموذج البريد الإلكتروني للتأكيد,
Confirmed,مؤكد,
"Congratulations on completing the module setup. If you want to learn more you can refer to the documentation <a target=""_blank"" href=""{0}"">here</a>.","تهانينا على إكمال إعداد الوحدة. إذا كنت تريد معرفة المزيد، فيمكنك الرجوع إلى الوثائق <a target=""_blank"" href=""{0}"">هنا</a>.",
Connect to {},الاتصال بـ {},
Connected App,التطبيق المتصل,
Connected User,مستخدم متصل,
Connected to QZ Tray!,متصلا علبة QZ!,
Connection Lost,تم فقدان الاتصال,
Connection Success,نجاح الاتصال,
Connection lost. Some features might not work.,فقد الاتصال، بعض الميزات قد لا تعمل.,
Connections,اتصالات,
Console,وحدة التحكم,
Console Log,سجل وحدة التحكم,
Console Logs can not be deleted,لا يمكن حذف سجلات وحدة التحكم,
Constraints,القيود,
Contact,اتصال,
Contact / email not found. Did not add attendee for -<br>{0},جهة الاتصال / البريد الإلكتروني غير موجود. لم تتم إضافة الحضور لـ -<br>{0},
Contact Details,تفاصيل الاتصال,
Contact Email,عنوان البريد الإلكتروني,
Contact Numbers,ارقام التواصل,
Contact Phone,هاتف الاتصال,
Contact Synced with Google Contacts.,الاتصال متزامنة مع جهات اتصال Google.,
Contact Us,اتصل بنا,
Contact Us Settings,اتصل بنا الإعدادات,
"Contact options, like ""Sales Query, Support Query"" etc each on a new line or separated by commas.",خيارات الاتصال، مثل &quot;الاستعلام المبيعات والدعم الاستعلام&quot; الخ كل على سطر جديد أو مفصولة بفواصل.,
Contacts,اتصالات,
Contains {0} security fix,يحتوي على {0} إصلاح أمني,
Contains {0} security fixes,يحتوي على {0} إصلاحات أمنية,
Content,محتوى,
Content Hash,تجزئة المحتوى,
Content Type,نوع المحتوى,
Content data shoud be a list,يجب أن تكون بيانات المحتوى قائمة,
Content type for building the page,نوع المحتوى لبناء الصفحة,
Context,سياق الكلام,
Context Script,سيناريو السياق,
Continue,متابعة,
Contributed,ساهم,
Contribution Document Name,اسم وثيقة المساهمة,
Contribution Status,حالة المساهمة,
"Controls whether new users can sign up using this Social Login Key. If unset, Website Settings is respected.",يتحكم في ما إذا كان بإمكان المستخدمين الجدد التسجيل باستخدام مفتاح تسجيل الدخول الاجتماعي هذا. إذا لم يتم تعيينها، فسيتم احترام إعدادات موقع الويب.,
Copied to clipboard.,نسخ إلى الحافظة.,
Copied {0} {1} to clipboard,تم نسخ {0} {1} إلى الحافظة,
Copy Apps Version,نسخ إصدار التطبيقات,
Copy File URL,نسخ عنوان URL للملف,
Copy Link,نسخ الرابط,
Copy embed code,انسخ كود التضمين,
Copy error to clipboard,خطأ في النسخ إلى الحافظة,
Copy to Clipboard,نسخ إلى الحافظة,
Copy token to clipboard,نسخ الرمز المميز إلى الحافظة,
Copyright,حق النشر,
Core,الأساسية,
Core DocTypes cannot be customized.,لا يمكن تخصيص DocTypes الأساسية.,
Core Modules {0} cannot be searched in Global Search.,لا يمكن البحث عن الوحدات الأساسية {0} في البحث العالمي.,
Correct version :,النسخة الصحيحة :,
Could not connect to outgoing email server,لا يمكن الاتصال بخادم البريد الإلكتروني المنتهية ولايته,
Could not find {0},لا يمكن أن تجد {0},
Could not map column {0} to field {1},تعذر تعيين العمود {0} للحقل {1},
Could not parse field: {0},لا يمكن تحليل الحقل: {0},
Could not start Chromium. Check logs for details.,تعذر بدء تشغيل Chromium. تحقق من السجلات للحصول على التفاصيل.,
Could not start up:,لا يمكن البدء:,
"Couldn't save, please check the data you have entered",تعذر الحفظ ، يرجى التحقق من البيانات التي أدخلتها,
Count,عد,
Count Customizations,عد التخصيصات,
Count Filter,عد مرشح,
Count of linked documents,عدد المستندات المرتبطة,
Counter,عداد,
Country,البلد,
Country Code Required,رمز البلد مطلوب,
Country Name,اسم الدولة,
County,مقاطعة,
Cr,كر,Number system
Create,إنشاء,
Create & Continue,إنشاء ومتابعة,
Create Address,إنشاء عنوان,
Create Card,إنشاء بطاقة,
Create Chart,إنشاء مخطط,
Create Child Doctype,إنشاء نوع مستند الطفل,
Create Contacts from Incoming Emails,إنشاء جهات اتصال من رسائل البريد الإلكتروني الواردة,
Create Entry,إنشاء الدخول,
Create Letter Head,إنشاء رأس الرسالة,
Create Log,إنشاء سجل,
Create New,انشاء جديد,
Create New DocType,إنشاء DocType جديد,
Create New Kanban Board,إنشاء لوحة كانبان جديدة,
Create Saved Filter,إنشاء عامل تصفية محفوظ,
Create User Email,انشاء بريد إلكتروني,
Create a New Format,إنشاء تنسيق جديد,
Create a Reminder,إنشاء تذكير,
Create a new ...,إنشاء جديد...,
Create a new record,إنشاء سجل جديد,
Create a new {0},انشاء جديد {0},
Create a {0} Account,قم بإنشاء حساب {0}.,
Create or Edit Print Format,إنشاء أو تحرير تنسيق الطباعة,
Create or Edit Workflow,إنشاء أو تحرير سير العمل,
Create your first {0},قم بإنشاء أول {0},
Create your workflow visually using the Workflow Builder.,قم بإنشاء سير العمل الخاص بك بشكل مرئي باستخدام Workflow Builder.,
Created,أنشأ,
Created At,تم الإنشاء في,
Created By,منشئه بواسطه,
Created By You,تم إنشاؤها بواسطتك,
Created By {0},تم الإنشاء بواسطة {0},
Created Custom Field {0} in {1},إنشاء الحقل المخصص {0} في {1},
Created On,تم الإنشاء بتاريخ,
Creating {0},إنشاء {0},
Creation of this document is only permitted in developer mode.,يُسمح بإنشاء هذا المستند فقط في وضع المطور.,
Cron,كرون,
Cron Format,تنسيق كرون,
Cron format is required for job types with Cron frequency.,تنسيق Cron مطلوب لأنواع المهام ذات تردد Cron.,
Crop,المحاصيل,
Ctrl + Down,السيطرة + أسفل,
Ctrl + Up,السيطرة + أعلى,
Ctrl+Enter to add comment,على Ctrl + Enter لإضافة تعليق,
Currency,العملة,
Currency Name,اسم العملة,
Currency Precision,دقة العملة,
"Currency list stores the currency value, its symbol and fraction unit",تقوم قائمة العملات بتخزين قيمة العملة ورمزها ووحدة الكسر,
Current,الحالي,
Current Job ID,معرف الوظيفة الحالية,
Current Value,القيمة الحالية,
Current status,الوضع الحالي,
Currently Viewing,يطلع عليها حاليا,
Custom,مخصص,
Custom Base URL,عنوان ورل لقاعدة مخصصة,
Custom Block Name,اسم الكتلة المخصصة,
Custom Blocks,كتل مخصصة,
Custom CSS,مخصصةCSS,
Custom Configuration,التكوين المخصص,
Custom Delimiters,المحددات المخصصة,
Custom DocPerm,DocPerm مخصص,
Custom Document Types (Select Permission),أنواع المستندات المخصصة (حدد الإذن),
Custom Document Types Limit Exceeded,تم تجاوز الحد الأقصى لأنواع المستندات المخصصة,
Custom Documents,المستندات المخصصة,
Custom Field,حقل مخصص,
Custom Field {0} is created by the Administrator and can only be deleted through the Administrator account.,يتم إنشاء الحقل المخصص {0} بواسطة المسؤول ولا يمكن حذفه إلا من خلال حساب المسؤول.,
Custom Fields can only be added to a standard DocType.,يمكن إضافة الحقول المخصصة فقط إلى نوع DocType قياسي.,
Custom Fields cannot be added to core DocTypes.,لا يمكن إضافة الحقول المخصصة إلى DocTypes الأساسية.,
Custom Footer,تذييل مخصص,
Custom Format,تنسيق مخصص,
Custom Group Search,بحث المجموعة المخصصة,
"Custom Group Search if filled needs to contain the user placeholder {0}, eg uid={0},ou=users,dc=example,dc=com","يجب أن يحتوي البحث المخصص للمجموعة، إذا تم ملؤه، على العنصر النائب للمستخدم {0}، على سبيل المثال uid={0},ou=users,dc=example,dc=com",
Custom HTML,مخصصةHTML,
Custom HTML Block,كتلة HTML مخصصة,
Custom HTML Help,مخصصةHTML مساعدة,
"Custom LDAP Directoy Selected, please ensure 'LDAP Group Member attribute' and 'Group Object Class' are entered","تم تحديد دليل LDAP المخصص، يرجى التأكد من إدخال ""سمة عضو مجموعة LDAP"" و""فئة كائن المجموعة""",
Custom Label,تسمية مخصصة,
Custom Menu Items,قائمة مخصصة عناصر,
Custom Options,خيارات مخصصة,
Custom Overrides,تجاوزات مخصصة,
Custom Report,تقرير مخصص,
Custom Reports,تقارير مخصصة,
Custom Role,تخصيص صلاحية,
Custom SCSS,SCSS مخصص,
Custom Sidebar Menu,قائمة الشريط الجانبي المخصص,
Custom field renamed to {0} successfully.,تمت إعادة تسمية الحقل المخصص إلى {0} بنجاح.,
"Custom get_list method for {0} must return a QueryBuilder object or None, got {1}",يجب أن تقوم طريقة get_list المخصصة لـ {0} بإرجاع كائن QueryBuilder أو لا شيء، حصلت على {1},
Custom?,مخصص,
Customization,التخصيص,
Customizations Discarded,تم تجاهل التخصيصات,
Customizations Reset,التخصيصات إعادة تعيين,
Customizations for <b>{0}</b> exported to:<br>{1},تم تصدير التخصيصات ل <b>{0}</b> إلى: <br> {1},
Customize,تخصيص,
Customize Child Table,تخصيص جدول الطفل,
Customize Dashboard,تخصيص لوحة القيادة,
Customize Form,تخصيص النموذج,
Customize Form - {0},تخصيص النموذج - {0},
Customize Form Field,تخصيص حقل نموذج,
Customize Quick Filters,تخصيص المرشحات السريعة,Customize qucik filters of List View
Cut,قطع,
Cyan,سماوي,
D,د,
DD,DD,
DELETE,حذف,
DESC,تنازلي,
DLE,DLE,
DRAFT,مسودة,
Daily,يوميا,
Daily Event Digest is sent for Calendar Events where reminders are set.,يتم إرسال ملخص الأحداث اليومي لأحداث التقويم المطلوب لها تذكير,
Daily Events should finish on the Same Day.,يجب أن تنتهي الأحداث اليومية في نفس اليوم.,
Daily Long,يوميا طويلة,
Daily Maintenance,الصيانة اليومية,
Danger,خطر,
Dark,الظلام,
Dark Color,لون غامق,
Dark Theme,موضوع الظلام,
Dashboard,لوحة القيادة,
Dashboard Chart,مخطط لوحة القيادة,
Dashboard Chart Field,حقل مخطط لوحة القيادة,
Dashboard Chart Link,لوحة الرسم البياني رابط,
Dashboard Chart Source,مصدر مخطط لوحة القيادة,
Dashboard Manager,مدير لوحة القيادة,
Dashboard Name,اسم لوحة القيادة,
Dashboard Settings,اعدادات اللوحة الرئيسية,
Dashboard View,عرض لوحة القيادة,
Dashboards,لوحات,
Data,البيانات,
Data Clipped,البيانات المقطوعة,
Data Export,تصدير البيانات,
Data Import,استيراد البيانات,
Data Import Log,سجل استيراد البيانات,
Data Import Template,قالب ادخال البيانات,
Data Import is not allowed for {0}. Enable 'Allow Import' in DocType settings.,"استيراد البيانات غير مسموح به لـ {0}. قم بتمكين ""السماح بالاستيراد"" في إعدادات DocType.",
Data Too Long,البيانات طويلة جدًا,
Database,قاعدة البيانات,
Database Engine,محرك قاعدة البيانات,
Database Processes,عمليات قاعدة البيانات,
Database Row Size Utilization,استخدام حجم صف قاعدة البيانات,
Database Storage Usage By Tables,استخدام تخزين قاعدة البيانات عن طريق الجداول,
Database Table Row Size Limit,الحد الأقصى لحجم صف جدول قاعدة البيانات,
"Database Table Row Size Utilization: {0}%, this limits number of fields you can add.",استخدام حجم صف جدول قاعدة البيانات: {0}%، وهذا يحد من عدد الحقول التي يمكنك إضافتها.,
Database Version,نسخة قاعدة البيانات,
Date,التاريخ,
Date Format,تنسيق التاريخ,
Date Range,النطاق الزمني,
Date and Number Format,تنسيق التاريخ والأرقام,
Date {0} must be in format: {1},يجب أن يكون التاريخ {0} بالشكل: {1},
Dates are often easy to guess.,التواريخ غالبا ما تكون سهلة التخمين.,
Datetime,التاريخ والوقت,
Day,يوم,
Day of Week,يوم من الأسبوع,
Days,أيام,Duration
Days After,أيام بعد,
Days Before,أيام قبل,
Days Before or After,أيام قبل أو بعد,
Deadlock Occurred,حدث الجمود,
Dear,عزيزي,
"Dear System Manager,",عزيزي مدير النظام،,
"Dear User,",عزيزي المستخدم،,
Dear {0},عزيزي {0},
Debug Log,سجل التصحيح,
Decimal Separator must be '.' when Quoting is set to Non-numeric,"يجب أن يكون الفاصل العشري '."" عند تعيين الاقتباس على غير رقمي",
Decimal Separator must be a single character,يجب أن يكون الفاصل العشري حرفًا واحدًا,
Default,الافتراضي,
Default Address Template cannot be deleted,لا يمكن حذف القالب الافتراضي العنوان,
Default Amendment Naming,تسمية التعديل الافتراضية,
Default App,التطبيق الافتراضي,
Default Email Template,قالب البريد الإلكتروني الافتراضي,
Default Inbox,علبة الوارد الافتراضية,
Default Incoming,الايرادات الافتراضية,
Default Letter Head,رأس الرسالة الأفتراضي,
Default Naming,التسمية الافتراضية,
Default Outgoing,الافتراضي الصادر,
Default Portal Home,الصفحة الرئيسية للمدخل الافتراضي,
Default Print Format,طباعة شكل الافتراضي,
Default Print Language,لغة الطباعة الافتراضية,
Default Redirect URI,رابط اعادة التوجيه الافتراضي,
Default Role at Time of Signup,الصلاحية الافتراضية وقت الاشتراك,
Default Sending,إرسال الافتراضي,
Default Sending and Inbox,صندوق الوارد و الصادر الافتراضي,
Default Sort Field,حقل التصنيف الافتراضي,
Default Sort Order,ترتيب الافتراضي,
Default Template For Field,القالب الافتراضي للحقل,
Default Theme,الموضوع الافتراضي,
Default User Role,دور المستخدم الافتراضي,
Default User Type,نوع المستخدم الافتراضي,
Default Value,القيمة الافتراضية,
Default View,العرض الافتراضي,
Default Workspace,مساحة العمل الافتراضية,
Default display currency,عملة العرض الافتراضية,
Default for 'Check' type of field {0} must be either '0' or '1',يجب أن يكون الإعداد الافتراضي لنوع حقل &quot;التحقق&quot; {0} إما &quot;0&quot; أو &quot;1&quot;,
Default value for {0} must be in the list of options.,يجب أن تكون القيمة الافتراضية لـ {0} في قائمة الخيارات.,
Default {0},الافتراضي {0},
"Default: ""Contact Us""",الافتراضي: &quot;اتصل بنا&quot;,
DefaultValue,القيمة الافتراضية,
Defaults,الافتراضات,
Defaults Updated,تم تحديث الإعدادات الافتراضية,
Defines actions on states and the next step and allowed roles.,يحدد الإجراءات على الدول والخطوة التالية والأدوار المسموح بها.,
Defines how long exported reports sent via email are kept in the system. Older files will be automatically deleted.,يحدد مدة حفظ التقارير المصدرة المرسلة عبر البريد الإلكتروني في النظام. سيتم حذف الملفات القديمة تلقائيًا.,
Defines workflow states and rules for a document.,يحدد حالات وقواعد سير العمل للمستند.,
Delayed,تأخر,
Delete,حذف,
Delete Account,حذف الحساب,
Delete Background Exported Reports After (Hours),حذف التقارير المُصدَّرة في الخلفية بعد (ساعات),
Delete Column,حذف العمود,Title of confirmation dialog
Delete Data,حذف البيانات,
Delete Kanban Board,حذف لوحة كانبان,
Delete Section,حذف القسم,Title of confirmation dialog
Delete Tab,حذف علامة التبويب,Title of confirmation dialog
Delete all,احذف الكل,
Delete all {0} rows,احذف جميع الصفوف البالغ عددها {0}.,
Delete and Generate New,حذف وإنشاء جديد,
Delete column,حذف العمود,Button text
Delete comment?,حذف التعليق؟,
Delete entire column with fields,حذف العمود بأكمله مع الحقول,Button text
Delete entire section with fields,حذف القسم بأكمله مع الحقول,Button text
Delete entire tab with fields,حذف علامة التبويب بأكملها مع الحقول,Button text
Delete row,حذف الصف,
Delete section,حذف القسم,Button text
Delete tab,حذف علامة التبويب,Button text
Delete this record to allow sending to this email address,احذف هذا السجل للسماح بالإرسال إلى عنوان البريد الإلكتروني هذا,
Delete {0} item permanently?,هل تريد حذف عنصر واحد ({0}) نهائيًا؟,Title of confirmation dialog
Delete {0} items permanently?,هل تريد حذف {0} من العناصر نهائيًا؟,Title of confirmation dialog
Delete {0} rows,احذف {0} صفًا,
Deleted,حذف,
Deleted DocType,DocType المحذوفة,
Deleted Document,المستند المحذوف,
Deleted Name,الاسم المحذوف,
Deleted all documents successfully,تم حذف كافة المستندات بنجاح,
Deleted!,حذف!,
Deleting {0},حذف {0},
Deleting {0} records...,جارٍ حذف {0} سجل...,
Deleting {0}...,جارٍ حذف {0}...,
Deletion Steps,خطوات الحذف,
Deletion of this document is only permitted in developer mode.,يُسمح بحذف هذا المستند فقط في وضع المطور.,
Delimiter Options,خيارات الفاصلة,
Delimiter detection failed. Try to enable custom delimiters and adjust the delimiter options as per your data.,فشل الكشف عن المحدد. حاول تمكين المحددات المخصصة وضبط خيارات المحدد وفقًا لبياناتك.,
Delimiter must be a single character,يجب أن يكون المحدد حرفًا واحدًا,
Delivery Status,حالة التسليم,
Deny,رفض,
Department,القسم,
Dependencies,التبعيات,
Dependencies & Licenses,التبعيات والتراخيص,
Depends On,يعتمد على,
Descendants Of,أحفاد من,
Descendants Of (inclusive),أحفاد (شامل),
Description,الوصف,
Description to inform the user about any action that is going to be performed,الوصف لإعلام المستخدم بأي إجراء سيتم تنفيذه,
Designation,التعيين,
Desk,مكتب,
Desk Access,الوصول للمكتب,
Desk Settings,إعدادات المكتب,
Desk Theme,موضوع المكتب,
Desk User,مستخدم المكتب,
Desktop,سطح المكتب,
Desktop Icon,أيقونة سطح المكتب,
Desktop Layout,تخطيط سطح المكتب,
Desktop Settings,إعدادات سطح المكتب,
Details,تفاصيل,
Detect CSV type,كشف نوع CSV,
Did not add,لم تضف,
Did not remove,لم تقم بإزالة,
Diff,فرق,
"Different ""States"" this document can exist in. Like ""Open"", ""Pending Approval"" etc.","مختلف ""الحالات"" في هذه الوثيقة يمكن أن تكون موجودة في. مثل ""فتح"" أو ""في انتظار الموافقة"" الخ.",
Digits,أرقام,
Dinars,دنانير,Currency
Directory Server,خادم الدليل,
Disable Auto Refresh,تعطيل التحديث التلقائي,
Disable Automatic Recency Filters,تعطيل عوامل تصفية الحداثة التلقائية,
Disable Change Log Notification,تعطيل إشعار سجل التغييرات,
Disable Comment Count,تعطيل عدد التعليقات,
Disable Count,تعطيل العد,
Disable Document Sharing,تعطيل مشاركة المستندات,
Disable Product Suggestion,تعطيل اقتراح المنتج,
Disable Report,تعطيل تقرير,
Disable SMTP server authentication,تعطيل مصادقة خادم SMTP,
Disable Scrolling,تعطيل التمرير,
Disable Sidebar Stats,تعطيل إحصائيات الشريط الجانبي,
Disable Signup for your site,تعطيل الاشتراك في موقعك,
Disable Standard Email Footer,تعطيل تذييل البريد الإلكتروني القياسي,
Disable System Update Notification,تعطيل إشعار تحديث النظام,
Disable Username/Password Login,تعطيل تسجيل الدخول باسم المستخدم/كلمة المرور,
Disable signups,تعطيل الاشتراكات,
Disabled,معطل,
Disabled Auto Reply,الرد التلقائي معطل,
Discard,تجاهل,
Discard {0},تجاهل {0},
Discard?,تجاهل؟,
Discarded,تم التخلص منها,
Disclaimer: These indexes are suggested based on data and queries performed during this recording. These suggestions may or may not help.,إخلاء المسؤولية: تم اقتراح هذه الفهارس بناءً على البيانات والاستعلامات التي تم إجراؤها أثناء هذا التسجيل. هذه الاقتراحات قد تساعد وقد لا تساعد.,
Discussion Reply,رد المناقشة,
Discussion Topic,موضوع المناقشة,
Dismiss,رفض,Stop showing the onboarding widget.
Display,العرض,
Display Depends On,العرض يعتمد على,
Display Depends On (JS),يعتمد العرض على (JS),
Divider,مقسم,
Do Not Create New User,لا تقم بإنشاء مستخدم جديد,
Do not create new user if user with email does not exist in the system,لا تقم بإنشاء مستخدم جديد إذا كان المستخدم الذي لديه بريد إلكتروني غير موجود في النظام,
Do not edit headers which are preset in the template,لا تقم بتحرير الرؤوس التي يتم ضبطها مسبقا في القالب,
Do not warn me again about {0},لا تحذرني مرة أخرى بشأن {0},
Do you still want to proceed?,هل مازلت تريد المتابعة؟,
Do you want to cancel all linked documents?,هل تريد إلغاء جميع الوثائق المرتبطة؟,
Doc Event,حدث دوك,
Doc Events,دوك الأحداث,
Doc Status,حالة الوثيقة,
DocField,دوكفيلد,
DocPerm,دوكبيرم,
DocShare,دوكشير,
"DocStatus of the following states have changed:<br><strong>{0}</strong><br>
				Do you want to update the docstatus of existing documents in those states?<br>
				This does not undo any effect bought in by the document's existing docstatus.
				","تم تغيير حالة DocStatus للحالات التالية:<br><strong>{0}</strong><br>
				هل تريد تحديث حالة المستند للمستندات الموجودة في تلك الحالات؟<br>
				لا يؤدي هذا إلى التراجع عن أي تأثير تم شراؤه بواسطة حالة المستند الموجودة.",
DocType,نوع الوثيقة,
DocType <b>{0}</b> provided for the field <b>{1}</b> must have atleast one Link field,يجب أن يحتوي DocType <b>{0}</b> المتوفر للحقل <b>{1}</b> على حقل ارتباط واحد على الأقل,
DocType Action,عمل DocType,
DocType Event,حدث DocType,
DocType Layout,تخطيط نوع المستند,
DocType Layout Field,حقل تخطيط DocType,
DocType Link,رابط نوع الوثيقة,
DocType Missing,نوع المستند مفقود,
DocType State,حالة DocType,
DocType View,طريقة عرض DocType,
DocType can not be merged,لا يمكن دمج DOCTYPE,
DocType can only be renamed by Administrator,DOCTYPE لا يمكن تسميتها من قبل المسؤول,
DocType is a Table / Form in the application.,DocType هو جدول / نموذج في التطبيق.,
DocType must be Submittable for the selected Doc Event,يجب تقديم دوكتيب للحدث دوك المحدد,
DocType must have atleast one field,يجب أن يحتوي DocType على حقل واحد على الأقل,
DocType not supported by Log Settings.,DocType غير مدعوم في إعدادات السجل.,
DocType on which this Workflow is applicable.,DOCTYPE على سير العمل هذا الذي ينطبق.,
DocType required,DocType مطلوب,
DocType {0} does not exist.,DocType {0} غير موجود.,
DocType {} not found,لم يتم العثور على DocType {}.,
DocType's name should not start or end with whitespace,يجب ألا يبدأ اسم DocType أو ينتهي بمسافة,
"DocTypes cannot be modified, please use {0} instead",لا يمكن تعديل DocTypes، يرجى استخدام {0} بدلاً من ذلك,
Doctype,نوع الوثيقة,
Doctype name is limited to {0} characters ({1}),يقتصر اسم Doctype على {0} حرفًا ({1}),
Doctype required,Doctype المطلوبة,
Document,وثيقة,
Document Actions,وثيقة الإجراءات,
Document Follow,متابعة المستند,
Document Follow Notification,وثيقة متابعة الإخطار,
Document Link,رابط المستند,
Document Linking,ربط الوثيقة,
Document Links,روابط الوثيقة,
Document Links Row #{0}: Could not find field {1} in {2} DocType,صف روابط المستندات رقم {0}: تعذر العثور على الحقل {1} في {2} DocType,
Document Links Row #{0}: Invalid doctype or fieldname.,صف روابط المستندات رقم {0}: نوع المستند أو اسم الحقل غير صالح.,
Document Links Row #{0}: Parent DocType is mandatory for internal links,صف روابط المستندات رقم {0}: DocType الأصلي إلزامي للروابط الداخلية,
Document Links Row #{0}: Table Fieldname is mandatory for internal links,صف روابط المستندات رقم {0}: اسم حقل الجدول إلزامي للروابط الداخلية,
Document Name,اسم المستند,
Document Name must not be empty,يجب ألا يكون اسم المستند فارغًا,
Document Naming Rule,قاعدة تسمية الوثيقة,
Document Naming Rule Condition,شرط قاعدة تسمية المستند,
Document Naming Settings,إعدادات تسمية المستند,
Document Queued,المستند في قائمة الانتظار,
Document Restoration Summary,ملخص استعادة المستند,
Document Restored,تمت استعادة المستند,
Document Saved,تم حفظ المستند,
Document Share,مشاركة المستند,
Document Share Key,مفتاح مشاركة المستند,
Document Share Key Expiry (in Days),انتهاء صلاحية مفتاح مشاركة المستند (بالأيام),
Document Share Report,وثيقة حصة تقرير,
Document States,الولايات ثيقة,
Document Status,حالة المستند,
Document Tag,علامة المستند,
Document Title,عنوان المستند,
Document Type,نوع الوثيقة,
Document Type and Function are required to create a number card,نوع المستند ووظيفته مطلوبان لإنشاء بطاقة أرقام,
Document Type is not importable,نوع المستند غير قابل للاستيراد,
Document Type is not submittable,نوع المستند غير قابل للتقديم,
Document Type to Track,نوع المستند لتعقب,
Document Type {0} has been repeated.,تم تكرار نوع المستند {0}.,
Document Types,أنواع المستندات,
Document Types (Select Permissions Only),أنواع المستندات (حدد الأذونات فقط),
Document Types and Permissions,أنواع المستندات والأذونات,
Document Unlocked,الوثيقة مقفلة,
Document cannot be used as a filter value,لا يمكن استخدام المستند كقيمة مرشح,
Document follow is not enabled for this user.,لم يتم تمكين متابعة المستند لهذا المستخدم.,
Document has been cancelled,تم إلغاء الوثيقة,
Document has been submitted,تم تقديم الوثيقة,
Document is in draft state,المستند في حالة المسودة,
Document is only editable by users with role,المستند قابل للتحرير فقط بواسطة المستخدمين ذوي الأدوار,
Document not Relinked,لم يتم إعادة ربط المستند,
Document renamed from {0} to {1},تمت إعادة تسمية المستند من {0} إلى {1},
Document renaming from {0} to {1} has been queued,تم وضع وثيقة إعادة التسمية من {0} إلى {1} في قائمة الانتظار,
Document type is required to create a dashboard chart,نوع المستند مطلوب لإنشاء مخطط لوحة معلومات,
Document {0} Already Restored,تمت استعادة المستند {0} بالفعل,
Document {0} has been set to state {1} by {2},تم تعيين المستند {0} على الحالة {1} بواسطة {2},
Documentation,التوثيق,
Documentation Link,رابط التوثيق,
Documentation URL,URL التوثيق,
Documents,المستندات,
Documents restored successfully,تمت استعادة المستندات بنجاح,
Documents that failed to restore,المستندات التي فشلت في استعادتها,
Documents that were already restored,المستندات التي تمت استعادتها بالفعل,
Domain,شبكة النطاق,
Domain Name,اسم المجال,
Domain Settings,إعدادات المجال,
Domains,المجالات,
Domains HTML,النطاقات هتمل,
"Don't HTML Encode HTML tags like &lt;script&gt; or just characters like &lt; or &gt;, as they could be intentionally used in this field",لا علامات HTML شفر HTML مثل &lt;script&gt; أو مجرد شخصيات مثل &lt;أو&gt;، لأنها يمكن أن تستخدم عمدا في هذا المجال,
Don't Import,لا تستورد,
Don't Override Status,لا تجاوز الحالة,
Don't Send Emails,لا ترسل رسائل البريد الإلكتروني,
"Don't encode HTML tags like &lt;script&gt; or just characters like &lt; or &gt;, as they could be intentionally used in this field",لا تقم بتشفير علامات HTML مثل <script> أو مجرد أحرف مثل < أو >، حيث يمكن استخدامها عمدًا في هذا الحقل,
Don't have an account?,ليس لديك حساب؟,
Done,تم,
Donut,الدونات,
Double click to edit label,انقر نقرًا مزدوجًا لتعديل التسمية,
Download,تحميل,
Download Backups,تنزيل النسخ الاحتياطية,
Download Data,تحميل البيانات,
Download Files Backup,تحميل الملفات النسخ الاحتياطي,
Download Link,رابط التحميل,
Download PDF,تحميل قوات الدفاع الشعبي,
Download Report,تحميل التقرير,
Download Template,تحميل القالب,
Download Your Data,قم بتنزيل بياناتك,
Download as CSV,قم بالتنزيل كملف CSV,
Download vCard,قم بتنزيل vCard,
Download vCards,تنزيل vCards,
Dr,د,r
Draft,مسودة,
Drag,اسحب,
Drag & Drop a section here from another tab,قم بسحب وإسقاط قسم هنا من علامة تبويب أخرى,
Drag and drop files here or upload from,قم بسحب وإسقاط الملفات هنا أو تحميلها من,
Drag columns to set order. Column width is set in percentage. The total width should not be more than 100. Columns marked in red will be removed.,اسحب الأعمدة لضبط الترتيب. يتم تعيين عرض العمود بالنسبة المئوية. يجب ألا يزيد العرض الإجمالي عن 100. ستتم إزالة الأعمدة المميزة باللون الأحمر.,
Drag elements from the sidebar to add. Drag them back to trash.,اسحب العناصر من الشريط الجانبي لإضافتها. اسحبهم مرة أخرى إلى سلة المهملات.,
Drag to add state,اسحب لإضافة الحالة,
Drop files here,قم بإسقاط الملفات هنا,
Dropdowns,هبوط قطرة,
Due Date,تاريخ الاستحقاق,
Due Date Based On,تاريخ الاستحقاق بناء على,
Duplicate,مكررة,
Duplicate Entry,إدخال مكرر,
Duplicate Filter Name,تكرار اسم الفلتر,
Duplicate Name,اسم مكرر,
Duplicate current row,تكرار الصف الحالي,
Duplicate field,حقل مكرر,
Duplicate row,صف مكرر,
Duplicate rows,صفوف مكررة,
Duplicate {0} rows,تكرار {0} من الصفوف,
Duration,المدة,
Dynamic,ديناميكي,
Dynamic Filters,مرشحات ديناميكية,
Dynamic Filters JSON,المرشحات الديناميكية JSON,
Dynamic Filters Section,قسم المرشحات الديناميكية,
Dynamic Link,الارتباط الحيوي,
Dynamic Report Filters,مرشحات تقرير ديناميكي,
Dynamic Route,الطريق الديناميكي,
Dynamic Template,قالب ديناميكي,
ESC,إي إس سي,
Edit,تحرير,
Edit Address in Form,تحرير العنوان في النموذج,
Edit Auto Email Report Settings,تحرير إعدادات تقرير البريد الإلكتروني الآلي,
Edit Chart,تحرير الرسم البياني,
Edit Custom Block,تحرير الكتلة المخصصة,
Edit Custom HTML,تحرير مخصص HTML,
Edit DocType,تعديل القائمة,Button in list view menu
Edit Existing,تحرير الموجودة,
Edit Filter,تحرير عامل التصفية,
Edit Filters,تحرير المرشحات,
Edit Footer,تحرير التذييل,
Edit Format,تحرير تنسيق,
Edit Full Form,تحرير النموذج الكامل,
Edit HTML,تحرير HTML,
Edit Header,تحرير الرأس,
Edit Item,تحرير العنصر,
Edit Heading,تحرير العنوان,
Edit Letter Head,تحرير رأس الرسالة,
Edit Letter Head Footer,تحرير تذييل رأس الرسالة,
Edit Links,تحرير الروابط,
Edit Number Card,تعديل بطاقة الرقم,
Edit Onboarding,تحرير الإعداد,
Edit Print Format,تحرير تنسيق الطباعة,
Edit Profile,تعديل الملف الشخصي,
Edit Properties,تحرير خصائص,
Edit Quick List,تحرير القائمة السريعة,
Edit Shortcut,تحرير الاختصار,
Edit Sidebar,تحرير الشريط الجانبي,
Edit Values,تحرير القيم,
Edit mode,وضع التحرير,
Edit the {0} Doctype,قم بتحرير نوع الوثيقة {0}.,
Edit to add content,تعديل لإضافة محتوى,
Edit your response,قم بتحرير ردك,Button in web form
Edit your workflow visually using the Workflow Builder.,قم بتحرير سير العمل الخاص بك بشكل مرئي باستخدام Workflow Builder.,
Edit {0},تحرير {0},
Editable Grid,قابلة للتعديل Grid,
Editing Row,صف التحرير,
Editing {0},التحرير {0},
Eg. smsgateway.com/api/send_sms.cgi,على سبيل المثال، smsgateway.com / API / send_sms.cgi,
Either key or IP flag is required.,مطلوب إما مفتاح أو علامة IP.,
Element Selector,محدد العنصر,
Email,البريد الإلكتروني,
Email Account,حساب البريد الإلكتروني,
Email Account Disabled.,حساب البريد الإلكتروني معطل.,
Email Account Name,البريد الإلكتروني اسم الحساب,
Email Account added multiple times,تمت إضافة حساب البريد الإلكتروني عدة مرات,
Email Account not setup. Please create a new Email Account from Settings > Email Account,لم يتم إعداد حساب البريد الإلكتروني. يرجى إنشاء حساب بريد إلكتروني جديد من الإعدادات > حساب البريد الإلكتروني,
Email Account {0} Disabled,حساب البريد الإلكتروني {0} معطل,
Email Address,البريد الالكتروني,
Email Address whose Google Contacts are to be synced.,عنوان البريد الإلكتروني الذي سيتم مزامنة جهات اتصال Google الخاصة به.,
Email Addresses,عناوين البريد الإلكتروني,
Email Domain,نطاق البريد الإلكتروني,
Email Flag Queue,البريد الإلكتروني العلم قائمة الانتظار,
Email Footer Address,عنوان تذييل البريد الإلكتروني,
Email Group,البريد الإلكتروني المجموعة,
Email Group Member,أرسل عضو المجموعة,
Email Header,رأس البريد الإلكتروني,
Email ID,معرف البريد الإلكتروني,
Email IDs,البريد الإلكتروني معرفات,
Email Id,معرف البريد الإلكتروني,
Email Inbox,البريد الوارد,
Email Queue,قائمة إنتظار البريد الإلكتروني,
Email Queue Recipient,البريد الإلكتروني المستلم قائمة الانتظار,
Email Queue flushing aborted due to too many failures.,تم إحباط عملية مسح قائمة انتظار البريد الإلكتروني بسبب حالات الفشل الكثيرة.,
Email Queue records.,سجلات قائمة انتظار البريد الإلكتروني.,
Email Reply Help,البريد الالكتروني رد مساعدة,
Email Retry Limit,حد إعادة محاولة البريد الإلكتروني,
Email Rule,البريد الإلكتروني القاعدة,
Email Sent At,تم إرسال البريد الإلكتروني على,
Email Settings,إعدادات البريد الإلكتروني,
Email Signature,توقيع البريد الالكترونى,
Email Status,حالة البريد الإلكتروني,
Email Sync Option,مزامنة البريد الإلكتروني الخيار,
Email Template,قالب البريد الإلكتروني,
Email Threads on Assigned Document,سلاسل رسائل البريد الإلكتروني في المستند المخصص,
Email To,البريد الإلكتروني الى,
Email Unsubscribe,البريد الإلكتروني إلغاء الاشتراك,
Email has been marked as spam,تم وضع علامة على البريد الإلكتروني كغير مرغوب فيه,
Email has been moved to trash,تم نقل البريد الإلكتروني إلى المهملات,
Email is mandatory to create User Email,البريد الإلكتروني إلزامي لإنشاء البريد الإلكتروني للمستخدم,
Email not sent to {0} (unsubscribed / disabled),لم يتم إرسال البريد الإلكتروني إلى {0} (غير مشترك / معطل),
Email not verified with {0},البريد الإلكتروني غير متحقق من {0},
Email queue is currently suspended. Resume to automatically send other emails.,قائمة انتظار البريد الإلكتروني معلقة حاليًا. استئناف إرسال رسائل البريد الإلكتروني الأخرى تلقائيا.,
Emails,رسائل البريد الإلكتروني,
Emails Pulled,تم سحب رسائل البريد الإلكتروني,
Emails are already being pulled from this account.,يتم بالفعل سحب رسائل البريد الإلكتروني من هذا الحساب.,
Emails are muted,رسائل البريد الإلكتروني هي صامتة,
Emails will be sent with next possible workflow actions,سيتم إرسال رسائل البريد الإلكتروني مع إجراءات سير العمل التالية المحتملة,
Embed code copied,تم نسخ رمز التضمين,
Empty alias is not allowed,الاسم المستعار الفارغ غير مسموح به,
Empty column,عمود فارغ,
Empty string arguments are not allowed,غير مسموح بوسائط السلسلة الفارغة,
Enable,تمكين,
Enable Action Confirmation,تمكين تأكيد الإجراء,
Enable Address Autocompletion,تمكين الإكمال التلقائي للعنوان,
Enable Allow Auto Repeat for the doctype {0} in Customize Form,تمكين السماح للتكرار التلقائي للنمط {0} في تخصيص النموذج,
Enable Auto Reply,تمكين الرد التلقائي,
Enable Automatic Linking in Documents,تمكين الربط التلقائي في المستندات,
Enable Comments,تمكين تعليقات,
Enable Dynamic Client Registration,تمكين تسجيل العميل الديناميكي,
Enable Email Notifications,تمكين إشعارات البريد الإلكتروني,
Enable Google API in Google Settings.,تمكين Google API في إعدادات Google.,
Enable Google indexing,تمكين فهرسة جوجل,
Enable Incoming,تمكين الوارد,
Enable Onboarding,تفعيل الإعداد الأولي,
Enable Outgoing,تمكين البريد الصادر,
Enable Password Policy,تفعيل سياسة كلمة المرور,
Enable Prepared Report,تمكين التقرير المعد,
Enable Print Server,تمكين خادم الطباعة,
Enable Push Notification Relay,تمكين ترحيل الإخطارات,
Enable Rate Limit,تمكين حد السعر,
Enable Raw Printing,تمكين الطباعة الخام,
Enable Report,تمكين تقرير,
Enable Scheduled Jobs,تفعيل المهام المجدولة,
Enable Scheduler,تمكين المجدول,
Enable Security,تمكين الأمن,
Enable Social Login,تمكين تسجيل الدخول الاجتماعي,
Enable Tracking Page Views,تمكين تتبع مشاهدات الصفحة,
Enable Two Factor Auth,تفعيل المصادقة الثنائية,
Enable developer mode to create a standard Print Template,قم بتمكين وضع المطور لإنشاء قالب طباعة قياسي,
Enable developer mode to create a standard Web Template,قم بتمكين وضع المطور لإنشاء قالب ويب قياسي,
"Enable if on click
opens modal.","تمكين إذا عند النقر
يفتح مشروط.",
Enable in-app website tracking,تمكين تتبع موقع الويب داخل التطبيق,
Enabled,تمكين,
Enabled Scheduler,تمكين المجدول,
Enabled email inbox for user {0},صندوق الوارد للبريد الإلكتروني المُمكّن للمستخدم {0},
Enables Calendar and Gantt views.,تمكين طرق عرض التقويم وجانت.,
Enabling auto reply on an incoming email account will send automated replies to all the synchronized emails. Do you wish to continue?,سيؤدي تمكين الرد التلقائي على حساب بريد إلكتروني وارد إلى إرسال ردود تلقائية على جميع رسائل البريد الإلكتروني المتزامنة. هل ترغب في الاستمرار؟,
"Enabling this will register your site on a central relay server to send push notifications for all installed apps through Firebase Cloud Messaging. This server only stores user tokens and error logs, and no messages are saved.",سيؤدي تمكين هذا إلى تسجيل موقعك على خادم ترحيل مركزي لإرسال إشعارات الدفع لجميع التطبيقات المثبتة من خلال Firebase Cloud Messaging. يقوم هذا الخادم فقط بتخزين الرموز المميزة للمستخدم وسجلات الأخطاء، ولا يتم حفظ أي رسائل.,
Enabling this will submit documents in background,سيؤدي تمكين هذا إلى إرسال المستندات في الخلفية,
Encrypt Backups,تشفير النسخ الاحتياطية,
Encryption key is in invalid format!,مفتاح التشفير بتنسيق غير صالح!,
Encryption key is invalid! Please check site_config.json,مفتاح التشفير غير صالح! يرجى التحقق من site_config.json,
End,نهاية,
End Date,تاريخ الانتهاء,
End Date Field,حقل تاريخ الانتهاء,
End Date cannot be before Start Date!,لا يمكن أن يكون تاريخ الانتهاء قبل تاريخ البدء!,
End Date cannot be today.,لا يمكن أن يكون تاريخ الانتهاء اليوم.,
Ended At,انتهى عند,
Endpoints,نقاط النهاية,
Ends on,ينتهي في,
Energy Point,نقطة الطاقة,
Enqueued By,تم وضعه بواسطة,
Enqueued creation of indexes,سرد إنشاء الفهارس,
Ensure the user and group search paths are correct.,تأكد من صحة مسارات بحث المستخدم والمجموعة.,
Enter Client Id and Client Secret in Google Settings.,أدخل معرف العميل وسر العميل في إعدادات Google.,
Enter Code displayed in OTP App.,أدخل الرمز المعروض في تطبيق OTP.,
"Enter Email Recipient(s) in the To, CC, or BCC fields",أدخل مستلم (مستلمي) البريد الإلكتروني في الحقول إلى، أو نسخة، أو نسخة مخفية,
Enter Form Type,أدخل نوع النموذج,
Enter Value,أدخل القيمة,Title of prompt dialog
Enter a name for this {0},أدخل اسمًا لهذا {0},
"Enter default value fields (keys) and values. If you add multiple values for a field, the first one will be picked. These defaults are also used to set ""match"" permission rules. To see list of fields, go to ""Customize Form"".",إدخال الحقول القيمة الافتراضية (مفاتيح) والقيم. إذا قمت بإضافة قيم متعددة للحقل، وسيتم اختيار أول واحد. وتستخدم هذه الافتراضات أيضا إلى وضع قواعد إذن &quot;مباراة&quot;. لمشاهدة قائمة من المجالات، انتقل إلى &quot;نموذج تخصيص&quot;.,
Enter folder name,أدخل اسم المجلد,
"Enter list of Options, each on a new line.",أدخل قائمة الخيارات، كل منها في سطر جديد.,
"Enter static url parameters here (Eg. sender=ERPNext, username=ERPNext, password=1234 etc.)",أدخل المعلمات URL ثابت هنا (مثلا المرسل = ERPNext، اسم المستخدم = ERPNext، كلمة المرور = 1234 الخ),
Enter url parameter for message,ادخل معمل العنوان للرسالة,
Enter url parameter for receiver nos,ادخل معامل العنوان لمشغل شبكة المستقبل,
Enter your password,ادخل رقمك السري,
Entity Name,اسم الكيان,
Entity Type,نوع الكيان,
Equals,تساوي,
Error,خطأ,
Error Log,سجل الأخطاء,
Error Message,رسالة خطأ,
"Error connecting to QZ Tray Application...<br><br> You need to have QZ Tray application installed and running, to use the Raw Print feature.<br><br><a target=""_blank"" href=""https://qz.io/download/"">Click here to Download and install QZ Tray</a>.<br> <a target=""_blank"" href=""https://erpnext.com/docs/user/manual/en/setting-up/print/raw-printing"">Click here to learn more about Raw Printing</a>.","خطأ في الاتصال بـ QZ Tray Application ... <br><br> تحتاج إلى تثبيت تطبيق QZ Tray وتشغيله لاستخدام ميزة Raw Print. <br><br> <a href=""https://qz.io/download/"" target=""_blank"">انقر هنا لتنزيل وتثبيت QZ Tray</a> . <br> <a href=""https://erpnext.com/docs/user/manual/en/setting-up/print/raw-printing"" target=""_blank"">انقر هنا لمعرفة المزيد عن الطباعة الخام</a> .",
Error connecting via IMAP/POP3: {e},خطأ في الاتصال عبر IMAP/POP3: {e},
Error connecting via SMTP: {e},خطأ في الاتصال عبر SMTP: {e},
Error has occurred in {0},حدث خطأ في {0},
Error in Client Script,خطأ في البرنامج النصي للعميل,
Error in Client Script.,خطأ في البرنامج النصي للعميل.,
Error in Header/Footer Script,خطأ في البرنامج النصي للرأس/التذييل,
Error in Notification,خطأ في الإخطار,
Error in print format on line {0}: {1},خطأ في تنسيق الطباعة في السطر {0}: {1},
Error in {0}.get_list: {1},خطأ في {0}.get_list: {1},
Error parsing nested filters: {0}. {1},خطأ في تحليل عوامل التصفية المتداخلة: {0}. {1},
"Error validating ""Ignore User Permissions""","خطأ في التحقق من صحة ""تجاهل أذونات المستخدم""",
Error while connecting to email account {0},حدث خطأ أثناء الاتصال بحساب البريد الإلكتروني {0},
Error while evaluating Notification {0}. Please fix your template.,خطأ أثناء تقييم الإشعار {0}. يرجى تصحيح القالب الخاص بك.,
Error {0}: {1},الخطأ {0}: {1},
Error: Data missing in table {0},خطأ: البيانات مفقودة في الجدول {0},
Error: Value missing for {0}: {1},خطأ: قيمة مفقودة ل {0}: {1},
Error: {0} Row #{1}: Value missing for: {2},خطأ: {0} الصف رقم {1}: القيمة مفقودة لـ: {2},
Errors,أخطاء,
Evaluate as Expression,تقييم كتعبير,
Event,حدث,
Event Category,فئة الحدث,
Event Frequency,تردد الحدث,
Event Notifications,إشعارات الأحداث,
Event Participants,المشاركون في الحدث,
Event Reminders,رسائل التذكير بالأحداث,
Event Synced with Google Calendar.,حدث مزامنة مع تقويم Google.,
Event Type,نوع الحدث,
Events,الأحداث,
Events in Today's Calendar,الأحداث في التقويم اليوم,
Everyone,كل شخص,
"Ex: ""colors"": [""#d1d8dd"", ""#ff5858""]",مثال: &quot;الألوان&quot;: [&quot;# d1d8dd&quot;، &quot;# ff5858&quot;],
Exact Copies,النسخ الدقيقة,
Example,مثال,
"Example: ""/desk""",مثال: &quot;/ desk&quot;,
Example: #Tree/Account,مثال: # شجرة / حساب,
Example: 00001,مثال: 00001,
Example: Setting this to 24:00 will log out a user if they are not active for 24:00 hours.,مثال: سيؤدي تعيين هذا على الساعة 24:00 إلى تسجيل خروج المستخدم إذا لم يكن نشطًا لمدة 24:00 ساعة.,
Example: {{ subject }},مثال: {{topic}},
Excel,تفوق,
Excellent,ممتاز,
Exception,استثناء,
Execute,نفذ - اعدم,
Execute Console script,تنفيذ البرنامج النصي لوحدة التحكم,
Executing Code,تنفيذ التعليمات البرمجية,
Executing...,جاري التنفيذ...,
Execution Time: {0} sec,وقت التنفيذ: {0} ثانية,
Executive,تنفيذي,
Existing Role,الدور الحالي,
Expand,وسعت,
Expand All,قم بتوسيع الكل,
"Expected 'and' or 'or' operator, found: {0}","تم العثور على عامل التشغيل المتوقع ""و"" أو ""أو"": {0}",
Experimental,تجريبي,
Expert,خبير,
Expiration time,وقت انتهاء الصلاحية,
Expire Notification On,تنتهي الإعلام على,
Expired,انتهت صلاحيتها,
Expires In,ينتهي في,
Expires On,تنتهي صلاحيته,
Expiry time of QR Code Image Page,وقت انتهاء صلاحية رمز الاستجابة السريعة صورة الصفحة,
Export,تصدير,
Export 1 record,تصدير 1 سجل,
Export Custom Permissions,تصدير ضوابط مخصص,
Export Customizations,تصدير تخصيصات,
Export Data,تصدير البيانات,
Export Errored Rows,تصدير الصفوف الخاطئة,
Export From,تصدير من,
Export Import Log,تصدير سجل الاستيراد,
Export Report: {0},تصدير التقرير: {0},Export report
Export Type,نوع التصدير,
Export all matching rows?,تصدير كافة الصفوف المطابقة؟,
Export all {0} rows?,هل تريد تصدير جميع الصفوف البالغ عددها {0}؟,
Export as zip,تصدير كملف مضغوط,
Export in Background,تصدير في الخلفية,
Export not allowed. You need {0} role to export.,الصادرات غير مسموح به. تحتاج {0} صلاحية التصدير.,
Export only customizations assigned to the selected module.<br><span class='text-muted'><strong>Note:</strong> You must set the <em>Module (for export)</em> field on Custom Field and Property Setter records before applying this filter.</span><p class='alert alert-warning'> <strong>Warning:</strong> Customizations from other modules will be excluded.</p>,قم بتصدير التخصيصات المخصصة للوحدة المحددة فقط.<br><span class='text-muted'><strong>ملاحظة:</strong> يجب عليك تعيين حقل <em>الوحدة (للتصدير)</em> في سجلات الحقول المخصصة وإعدادات الخصائص قبل تطبيق هذا الفلتر.</span><p class='alert تنبيه-warning'> <strong>تحذير:</strong> سيتم استبعاد التخصيصات من الوحدات الأخرى.</p>,
Export the data without any header notes and column descriptions,قم بتصدير البيانات دون أي ملاحظات رأسية وأوصاف أعمدة,
Export without main header,تصدير بدون رأس رئيسي,
Export {0} records,تصدير {0} السجلات,
Exported permissions will be force-synced on every migrate overriding any other customization.,ستتم مزامنة الأذونات المصدرة عند كل عملية ترحيل متجاوزة أي تخصيص آخر.,
Expose Recipients,كشف المستلمين,
Expression,التعبير,
Expression (old style),التعبير (النمط القديم),
"Expression, Optional",التعبير والاختياري,
External,خارجي,
External Link,رابط خارجي,
Extra Parameters,معلمات اضافية,
Facebook,الفيسبوك,
Fail,فشل,
Failed,فشل,
Failed Emails,رسائل البريد الإلكتروني الفاشلة,
Failed Job Count,فشل عدد الوظائف,
Failed Jobs,وظائف فاشلة,
Failed Logins (Last 30 days),عمليات تسجيل الدخول الفاشلة (آخر 30 يومًا),
Failed Transactions,المعاملات الفاشلة,
Failed to aquire lock: {}. Lock may be held by another process.,فشل الحصول على القفل: {}. قد يتم إجراء القفل بواسطة عملية أخرى.,
Failed to change password.,فشل تغيير كلمة المرور.,
Failed to complete setup,فشل في إكمال الإعداد,
Failed to compute request body: {},فشل في حساب نص الطلب: {},
Failed to connect to server,فشل الاتصال بالخادم,
"Failed to decode token, please provide a valid base64-encoded token.",فشل فك الرمز المميز ، يرجى تقديم رمز مميز صالح بترميز base64.,
Failed to decrypt key {0},فشل في فك تشفير المفتاح {0},
Failed to delete {0} documents: {1},فشل حذف {0} من المستندات: {1},
Failed to enable scheduler: {0},فشل في تمكين المجدول: {0},
Failed to evaluate conditions: {},فشل في تقييم الشروط: {},
Failed to export python type hints,فشل تصدير تلميحات نوع بايثون,
Failed to generate names from the series,فشل في إنشاء أسماء من السلسلة,
Failed to generate preview of series,فشل إنشاء معاينة السلسلة,
Failed to get method for command {0} with {1},فشل الحصول على طريقة للأمر {0} مع {1},
Failed to get method {0} with {1},فشل الحصول على الطريقة {0} مع {1},
Failed to get site info,فشل الحصول على معلومات الموقع,
"Failed to import virtual doctype {}, is controller file present?",فشل استيراد نوع المستند الظاهري {}، هل ملف وحدة التحكم موجود؟,
Failed to optimize image: {0},فشل تحسين الصورة: {0},
Failed to render message: {},فشل عرض الرسالة: {},
Failed to render subject: {},فشل عرض الموضوع: {},
Failed to request login to Frappe Cloud,فشل في طلب تسجيل الدخول إلى Frappe Cloud,
Failed to send email with subject:,فشل في إرسال البريد الإلكتروني مع الموضوع:,
Failed to send notification email,فشل إرسال إشعار بالبريد الإلكتروني,
Failed to update global settings,فشل في تحديث الإعدادات العامة,
Failed while calling API {0},فشل أثناء استدعاء API {0},
Failing Scheduled Jobs (last 7 days),فشل المهام المجدولة (آخر 7 أيام),
Failure,الفشل,
Failure Rate,معدل الفشل,
FavIcon,أيقونة المفضلة,
Fax,فاكس,
Feedback,ردود الفعل,
Female,أنثى,
Fetch From,إحضار من,
Fetch Images,جلب الصور,
Fetch attached images from document,إحضار الصور المرفقة من المستند,
Fetch on Save if Empty,جلب عند الحفظ إذا كان فارغًا,
Fetching default Global Search documents.,جلب مستندات البحث العالمي الافتراضية.,
Fetching fields from {0}...,جارٍ جلب الحقول من {0}...,
Field,حقل,
"Field ""route"" is mandatory for Web Views",حقل &quot;الطريق&quot; إلزامي للويب المشاهدات,
"Field ""title"" is mandatory if ""Website Search Field"" is set.","حقل ""العنوان"" إلزامي في حالة تعيين ""حقل البحث في موقع الويب"".",
"Field ""value"" is mandatory. Please specify value to be updated","حقل ""قيمة"" إلزامي. يرجى تحديد قيمة ليتم تحديثها",
Field <code>{0}</code> not found in {1},لم يتم العثور على الحقل <code>{0}</code> في {1},
Field Description,وصف الحقل,
Field Missing,الحقل مفقود,
Field Name,اسم الحقل,
Field Orientation (Left-Right),اتجاه المجال (يسار-يمين),
Field Orientation (Top-Down),اتجاه المجال (من أعلى إلى أسفل),
Field Template,قالب الميدان,
Field Type,نوع الحقل,
Field not permitted in query,الحقل غير مسموح به في الاستعلام,
"Field that represents the Workflow State of the transaction (if field is not present, a new hidden Custom Field will be created)",الحقل الذي يمثل حالة سير العمل للصفقة (إذا حقل غير موجود، سيتم إنشاء حقل مخصص جديد مخفي),
Field to Track,حقل لتعقب,
Field type cannot be changed for {0},لا يمكن تغيير نوع الحقل ل {0},
Field {0} does not exist on {1},الحقل {0} غير موجود في {1},
Field {0} is referring to non-existing doctype {1}.,يشير الحقل {0} إلى نوع المستند غير الموجود {1}.,
Field {0} must be a virtual field to support virtual doctype.,يجب أن يكون الحقل {0} حقلاً افتراضيًا لدعم نوع الوثيقة الافتراضية.,
Field {0} not found.,الحقل {0} غير موجود.,
Field {0} on document {1} is neither a Mobile number field nor a Customer or User link,الحقل {0} في المستند {1} ليس حقل رقم الهاتف المحمول ولا رابط العميل أو المستخدم,
Fieldname,اسم الحقل,
Fieldname '{0}' conflicting with a {1} of the name {2} in {3},اسم الحقل '{0}' يتعارض مع {1} من الاسم {2} في {3},
Fieldname called {0} must exist to enable autonaming,يجب أن يكون اسم الحقل المسمى {0} موجودًا لتمكين التسمية التلقائية,
Fieldname is limited to 64 characters ({0}),اسم الحقل محدد ب 64 حرف<br>Fieldname is limited to 64 characters ({0}),
Fieldname not set for Custom Field,أسم الحقل لم يتم تعيينه لحقل مخصص,
Fieldname which will be the DocType for this link field.,أسم الحقل الذي سيكون DOCTYPE لهذا الحقل الارتباط.,
Fieldname {0} appears multiple times,يظهر اسم الحقل {0} عدة مرات,
Fieldname {0} cannot have special characters like {1},FIELDNAME {0} لا يمكن أن يكون أحرف خاصة مثل {1},
Fieldname {0} conflicting with meta object,أسم الحقل {0} متعارض مع الكلمات الدلائلية,
Fieldname {0} is restricted,اسم الحقل {0} مقيد,
Fields,الحقول,
Fields Multicheck,الحقول متعددة,
Fields `file_name` or `file_url` must be set for File,"يجب تعيين الحقول ""اسم_الملف"" أو ""رابط_الملف"" للملف",
Fields must be a list or tuple when as_list is enabled,يجب أن تكون الحقول عبارة عن قائمة أو مجموعة عند تمكين as_list,
"Fields must be a string, list, tuple, pypika Field, or pypika Function",يجب أن تكون الحقول عبارة عن سلسلة أو قائمة أو صف أو حقل pypika أو وظيفة pypika,
"Fields separated by comma (,) will be included in the ""Search By"" list of Search dialog box","سيتم تضمين الحقول المفصولة بفواصل (،) في قائمة ""البحث حسب"" من مربع حوار البحث",
Fieldtype,نوع الحقل,
Fieldtype cannot be changed from {0} to {1},لا يمكن تغيير نوع الحقل من {0} إلى {1},
Fieldtype cannot be changed from {0} to {1} in row {2},لا يمكن تغيير نوع الحقل من {0} إلى {1} في الصف {2},
File,ملف,
"File ""{0}"" was skipped because of invalid file type","تم تخطي الملف ""{0}"" بسبب نوع الملف غير الصالح",
"File ""{0}"" was skipped because only {1} uploads are allowed","تم تخطي الملف ""{0}"" لأنه مسموح بتحميل {1} فقط",
"File ""{0}"" was skipped because only {1} uploads are allowed for DocType ""{2}""","تم تخطي الملف ""{0}"" لأنه يُسمح فقط بـ {1} تحميلات لـ DocType ""{2}""",
"File ""{0}"" was skipped because size exceeds {1} MB","تم تخطي الملف ""{0}"" لأن حجمه يتجاوز {1} ميغابايت",
File '{0}' not found,ملف '{0}' لم يتم العثور,
File Information,معلومات الملف,
File Manager,مدير الملفات,
File Name,اسم الملف,
File Size,حجم الملف,
File Storage,تخزين الملفات,
File Type,نوع الملف,
File URL,ملف URL,
File backup is ready,ملف النسخ الاحتياطي جاهز,
File name cannot have {0},لا يمكن أن يحتوي اسم الملف على {0},
File not attached,الملف غير مرفق,
File size exceeded the maximum allowed size of {0} MB,تجاوز حجم الملف الحد الأقصى المسموح به لحجم {0} ميغابايت,
File too big,الملف كبير جدا,
File type of {0} is not allowed,نوع الملف {0} غير مسموح به,
File upload failed.,فشل تحميل الملف.,
File {0} does not exist,الملف {0} غير موجود,
Files,الملفات,
Filter,منقي,
Filter Area,منطقة التصفية,
Filter Data,تصفية البيانات,
Filter List,قائمة التصفية,
Filter Meta,تصفية ميتا,
Filter Name,اسم الفلتر,
Filter Values,قيم التصفية,
Filter condition missing after operator: {0},شرط التصفية مفقود بعد عامل التشغيل: {0},
Filter fields have invalid backtick notation: {0},تحتوي حقول التصفية على علامة backtick غير صالحة: {0},
Filter...,تصفية...,
Filtered By,تمت التصفية بواسطة,
Filtered Records,السجلات التي تمت تصفيتها,
"Filtered by ""{0}""",تمت تصفيتها من قبل &quot;{0}&quot;,
Filtered by: {0}.,تمت التصفية حسب: {0}.,
Filters,المرشحات,
Filters Configuration,تكوين المرشحات,
Filters Display,عرض المرشحات,
Filters Editor,محرر المرشحات,
Filters JSON,مرشحات JSON,
Filters Section,قسم المرشحات,
Filters saved,مرشحات حفظ,
"Filters will be accessible via <code>filters</code>. <br><br>Send output as <code>result = [result]</code>, or for old style <code>data = [columns], [result]</code>","يمكن الوصول إلى <code>filters</code> عبر <code>filters</code> .<br><br> إرسال الإخراج <code>result = [result]</code> ، أو <code>data = [columns], [result]</code> النمط القديم <code>data = [columns], [result]</code>",
Filters {0},عوامل التصفية {0},
Filters:,المرشحات:,
Find '{0}' in ...,"ابحث عن ""{0}"" في ...",
Find {0} in {1},البحث عن {0} في {1},
Finished,تم الانتهاء من,
Finished At,انتهى في,
First,أولا,
First Day of the Week,أول يوم في الأسبوع,
First Name,الاسم الأول,
First Success Message,رسالة النجاح الأولى,
First data column must be blank.,يجب أن يكون عمود البيانات الأولى فارغة.,
First set the name and save the record.,أولا قم بتعيين الإسم وحفظ السجل.,
Fit,صالح,
Flag,علم,
Float,رقم عشري,
Float Precision,دقة الأرقام العشرية,
Fold,طية,
Fold can not be at the end of the form,لا يمكن أن تكون الطية في نهاية النموذج,
Fold must come before a Section Break,يجب أن تأتي أضعاف قبل فاصل القسم,
Folder,مجلد,
Folder Name,اسم المجلد,
Folder name should not include '/' (slash),يجب ألا يتضمن اسم المجلد &#39;/&#39; (شرطة مائلة),
Folder {0} is not empty,المجلد {0} غير فارغ,
Folio,فوليو,
Follow,إتبع,
Followed by,تليها,
Following Report Filters have missing values:,تحتوي عوامل تصفية التقارير التالية على قيم مفقودة:,
Following document {0},المستند التالي {0},
Following fields are missing:,الحقول التالية مفقودة:,
Following fields have invalid values:,تحتوي الحقول التالية على قيم غير صالحة:,
Following fields have missing values,الحقول التالية لها قيم مفقودة,
Following fields have missing values:,الحقول التالية والقيم المفقودة:,
Font,الخط,
Font Properties,خصائص الخط,
Font Size,حجم الخط,
Fonts,الخطوط,
Footer,تذييل الصفحة,
"Footer ""Powered By""","تذييل ""بدعم من""",
Footer Based On,التذييل بناءً على,
Footer Content,محتوى التذييل,
Footer Details,تفاصيل التذييل,
Footer HTML,تذييل HTML,
Footer HTML set from attachment {0},تم تعيين HTML للتذييل من المرفق {0},
Footer Image,صورة التذييل,
Footer Items,تذييل العناصر,
Footer Logo,تذييل الشعار,
Footer Script,تذييل النصي,
Footer Template,قالب التذييل,
Footer Template Values,قيم قالب التذييل,
Footer might not be visible as {0} option is disabled</div>,قد لا يكون التذييل مرئيًا نظرًا لأن خيار {0} معطل</div>,
Footer will display correctly only in PDF,سيعرض تذييل الصفحة بشكل صحيح في PDF فقط,
For DocType,بالنسبة إلى DocType,
For DocType Link / DocType Action,لإجراء DocType Link / DocType,
For Document,للوثيقة,
For Document Type,لنوع المستند,
For Example: {} Open,على سبيل المثال: {} Open,
For User,للمستخدم,
For Value,للقيمة,
"For a dynamic subject, use Jinja tags like this: <code>{{ doc.name }} Delivered</code>",بالنسبة لموضوع ديناميكي، استخدم علامات Jinja مثل هذه: <code>{{ doc.name }} تم التسليم</code>,
"For comparison, use >5, <10 or =324. For ranges, use 5:10 (for values between 5 & 10).",للمقارنة ، استخدم&gt; 5 ، &lt;10 أو = 324. للنطاقات ، استخدم 5:10 (للقيم بين 5 و 10).,
For example:,على سبيل المثال:,
"For example: If you want to include the document ID, use {0}",على سبيل المثال: إذا كنت تريد تضمين الوثيقة ID، استخدم {0},
For example: {} Open,على سبيل المثال: {} فتح,
"For help see <a href=""https://frappeframework.com/docs/user/en/guides/portal-development/web-forms"" target=""_blank"">Client Script API and Examples</a>","للحصول على المساعدة ، راجع <a href=""https://frappeframework.com/docs/user/en/guides/portal-development/web-forms"" target=""_blank"">أمثلة و API Script</a>",
"For more information, {0}.",لمزيد من المعلومات ، {0}.,
"For multiple addresses, enter the address on different line. e.g. test@test.com ⏎ test1@test.com",بالنسبة للعناوين المتعددة، أدخل العنوان على سطر مختلف. على سبيل المثال test@test.com ⏎ test1@test.com,
"For updating, you can update only selective columns.",لتحديث، يمكنك تحديث الأعمدة انتقائية فقط.,
For {0} at level {1} in {2} in row {3},ل {0} في {1} مستوى في {2} في {3} الصف,
Force,فرض,
Force Re-route to Default View,فرض إعادة التوجيه إلى العرض الافتراضي,
Force Stop job,وظيفة إيقاف القوة,
Force User to Reset Password,إجبار المستخدم على إعادة تعيين كلمة المرور,
Force Web Capture Mode for Uploads,فرض وضع التقاط الويب للتحميلات,
Forgot Password?,هل نسيت كلمة المرور؟,
Form,النموذج,
Form Builder,منشئ النموذج,
Form Dict,نموذج الإملاء,
Form Settings,إعدادات النموذج,
Form Tour,جولة النموذج,
Form Tour Step,خطوة جولة النموذج,
Form URL-Encoded,نموذج URL المشفرة,
Format,شكل,
Format Data,تنسيق البيانات,
Fortnightly,مرة كل اسبوعين,
Forward,إلى الأمام,
Forward Query Parameters,معلمات الاستعلام إلى الأمام,
Forward To Email Address,انتقل إلى عنوان البريد الإلكتروني,
Fraction,جزء,
Fraction Units,جزء الوحدات,
Frappe,فرابي,
Frappe Blog,مدونة فرابيه,
Frappe Forum,منتدى فرابيه,
Frappe Framework,الإطار فرابي,
Frappe Light,فرابيه لايت,
Frappe Mail,فرابيه بريد,
Frappe Mail OAuth Error,خطأ Frappe Mail OAuth,
Frappe Mail Site,موقع بريد فرابيه,
Frappe Support,دعم فرابيه,
Frappe page builder using components,منشئ صفحة Frappe باستخدام المكونات,
Free,مجاني,Image Cropper
Frequency,تكرر,
Friday,الجمعة,
From,من,
From Attach Field,من إرفاق الحقل,
From Date,من التاريخ,
From Date Field,من حقل التاريخ,
From Document Type,من نوع المستند,
From Field,من الميدان,
From Full Name,من الاسم الكامل,
From User,من المستخدم,
From version,من الإصدار,
Full,ممتلئ,
Full Name,الاسم الكامل,
Full Page,صفحة كاملة,
Full Width,العرض الكامل,
Function,وظيفة,
Function Based On,وظيفة على أساس,
Function {0} is not whitelisted.,الوظيفة {0} ليست مدرجة في القائمة البيضاء.,
Function {0} requires arguments but none were provided,تتطلب الوظيفة {0} وسائط ولكن لم يتم توفير أي منها,
Further sub-groups can only be created under records marked as 'Group',"لا يمكن إنشاء مجموعات فرعية أخرى إلا ضمن السجلات المميزة بـ ""المجموعة""",
Fw: {0},FW: {0},
GET,احصل على,
GMail,بريد جوجل,
GNU Affero General Public License,رخصة جنو أفيرو العامة,
GNU General Public License,رخصة جنو العامة,
Gantt,جانت,
Gantt View,عرض جانت,
Gender,جنس,
Genderqueer,الجنس,
General,عام,
Generate Keys,توليد مفاتيح,
Generate New Report,توليد تقرير جديد,
Generate Random Password,إنشاء كلمة مرور عشوائية,
Generate Separate Documents For Each Assignee,إنشاء وثائق منفصلة لكل المكلف,
Generate Tracking URL,إنشاء عنوان URL للتتبع,
Geo,جغرافية,
Geoapify,جيوابيفي,
Geolocation,تحديد الموقع الجغرافي,
Geolocation Settings,إعدادات تحديد الموقع الجغرافي,
Get Alerts for Today,الحصول على تنبيهات لهذا اليوم,
Get Backup Encryption Key,احصل على مفتاح تشفير النسخ الاحتياطي,
Get Contacts,الحصول على اتصالات,
Get Fields,احصل على الحقول,
Get Header and Footer wkhtmltopdf variables,احصل على متغيرات wkhtmltopdf للرأس والتذييل,
Get Items,الحصول على العناصر,
Get OpenID Configuration,احصل على تكوين OpenID,
Get PDF,احصل على قوات الدفاع الشعبي,
Get a preview of generated names with a series.,احصل على معاينة للأسماء التي تم إنشاؤها مع سلسلة.,
Get notified when an email is received on any of the documents assigned to you.,احصل على إشعار عند تلقي بريد إلكتروني بشأن أي من المستندات المخصصة لك.,
Get your globally recognized avatar from Gravatar.com,الحصول على الرمزية الخاص بك المعترف بها عالميا من Gravatar.com,
Git Branch,فرع جيت,
GitHub,جت هب (GITHUB),
Github flavoured markdown syntax,بناء جملة تخفيض السعر بنكهة جيثب,
Global Search DocType,البحث العالمي DocType,
Global Search Document Types Reset.,إعادة تعيين أنواع وثائق البحث العامة.,
Global Search Settings,إعدادات البحث العالمية,
Global Shortcuts,اختصارات العالمية,
Global Unsubscribe,إلغاء الاشتراك العالمية,
Go,اذهب,
Go Back,عد,
Go to Login Required field,انتقل إلى حقل تسجيل الدخول مطلوب,
Go to Notification Settings List,انتقل إلى قائمة إعدادات الإشعارات,
Go to Page,انتقل إلى صفحة,
Go to Workflow,انتقل إلى سير العمل,
Go to Workspace,انتقل إلى مساحة العمل,
Go to next record,انتقل إلى السجل التالي,
Go to previous record,الذهاب إلى السجل السابق,
Go to the document,انتقل إلى المستند,
Go to this URL after completing the form,انتقل إلى عنوان URL هذا بعد إكمال النموذج,
Go to {0},اذهب إلى {0},
Go to {0} List,انتقل إلى قائمة {0}.,
Go to {0} Page,انتقل إلى صفحة {0},
Goal,الهدف,
Google,جوجل,
Google Analytics ID,جوجل تحليلات ID,
Google Analytics anonymise IP,يقوم Google Analytics بإخفاء هوية IP,
Google Calendar,تقويم جوجل,
"Google Calendar - Could not create Calendar for {0}, error code {1}.",تقويم Google - تعذر إنشاء تقويم لـ {0} ، رمز الخطأ {1}.,
"Google Calendar - Could not delete Event {0} from Google Calendar, error code {1}.",تقويم Google - تعذر حذف الحدث {0} من تقويم Google ، رمز الخطأ {1}.,
"Google Calendar - Could not fetch event from Google Calendar, error code {0}.",تقويم Google - تعذر إحضار حدث من تقويم Google ، رمز الخطأ {0}.,
"Google Calendar - Could not find Calendar for {0}, error code {1}.",تقويم Google - تعذر العثور على تقويم لـ {0}، رمز الخطأ {1}.,
"Google Calendar - Could not insert contact in Google Contacts {0}, error code {1}.",تقويم Google - تعذر إدراج جهة اتصال في جهات اتصال Google {0} ، رمز الخطأ {1}.,
"Google Calendar - Could not insert event in Google Calendar {0}, error code {1}.",تقويم Google - تعذر إدراج حدث في تقويم Google {0} ، رمز الخطأ {1}.,
"Google Calendar - Could not update Event {0} in Google Calendar, error code {1}.",تقويم Google - تعذر تحديث الحدث {0} في تقويم Google ، رمز الخطأ {1}.,
Google Calendar Event ID,معرف حدث تقويم Google,
Google Calendar ID,معرف تقويم Google,
Google Calendar has been configured.,تم تكوين تقويم Google.,
Google Contacts,اتصالات جوجل,
"Google Contacts - Could not sync contacts from Google Contacts {0}, error code {1}.",جهات اتصال Google - تعذر مزامنة جهات الاتصال من جهات اتصال Google {0} ، رمز الخطأ {1}.,
"Google Contacts - Could not update contact in Google Contacts {0}, error code {1}.",جهات اتصال Google - تعذر تحديث جهة الاتصال في جهات اتصال Google {0} ، رمز الخطأ {1}.,
Google Contacts Id,معرف جهات اتصال Google,
Google Drive,محرك جوجل,
Google Drive Picker,جوجل درايف منتقي,
Google Drive Picker Enabled,تم تمكين منتقي Google Drive,
Google Font,خط جوجل,
Google Meet Link,رابط جوجل ميت,
Google Settings,إعدادات جوجل,
Google Sheets URL is invalid or not publicly accessible.,عنوان URL الخاص بجداول بيانات Google غير صالح أو لا يمكن الوصول إليه بشكل عام.,
"Google Sheets URL must end with ""gid={number}"". Copy and paste the URL from the browser address bar and try again.",يجب أن ينتهي عنوان URL الخاص بجداول بيانات Google بـ &quot;gid = {number}&quot;. انسخ والصق عنوان URL من شريط عنوان المتصفح وحاول مرة أخرى.,
Grant Type,منحة نوع,
Graph,رسم بياني,
Gray,رمادي,
Greater Than,أعظم من,
Greater Than Or Equal To,أكبر من أو يساوي,
Green,أخضر,
Grid Empty State,حالة الشبكة الفارغة,
Grid Page Length,طول صفحة الشبكة,
Grid Shortcuts,اختصارات الشبكة,
Group,المجموعة,
Group By,المجموعة حسب,
Group By Based On,تجميع حسب,
Group By Type,مجموعة حسب النوع,
Group By field is required to create a dashboard chart,حقل تجميع حسب مطلوب لإنشاء مخطط لوحة القيادة,
Group By must be a string,يجب أن تكون المجموعة حسب سلسلة,
Group Object Class,فئة كائن المجموعة,
Grouped by <span style='font-weight:600;'>{0}</b>,تم التجميع حسب <span style='font-weight:600;'>{0}</b>,
HEAD,رأس,
HERE,هنا,
HH:mm,HH: مم,
HH:mm:ss,HH: MM: SS,
HTML,HTML,
HTML Editor,محرر HTML,
HTML Message,رسالة HTML,
HTML Page,صفحة HTML,
HTML for header section. Optional,HTML لرأس القسم. اختياري,
HTML with jinja support,HTML مع دعم جينجا,
Half,نصف,
Half Day,نصف يوم,
Half Yearly,نصف سنوي,
Half-yearly,نصف سنوي,
Handled Emails,رسائل البريد الإلكتروني التي تم التعامل معها,
Has  Attachment,لديها مرفق,
Has Attachments,لديه المرفقات,
Has Domain,لديه نطاق,
Has Next Condition,لديه الشرط التالي,
Has Role,له صلاحية,
Has Setup Wizard,لديه معالج الإعداد,
Has Web View,لديه عرض الويب,
Have an account? Login,هل لديك حساب ؟ تسجيل الدخول,
Header,العنوان الرأسي,
Header HTML,رأس HTML,
Header HTML set from attachment {0},تعيين HTML رأس من المرفق {0},
Header Icon,أيقونة الرأس,
Header Script,البرنامج النصي للرأس,
Header and Breadcrumbs,رأس وفتات الخبز,
"Header, Robots",الرأس، الروبوتات,
Header/Footer scripts can be used to add dynamic behaviours.,يمكن استخدام البرامج النصية للرأس/التذييل لإضافة سلوكيات ديناميكية.,
Headers,الترويسات,
Headers must be a dictionary,يجب أن تكون الرؤوس عبارة عن قاموس,
Heading,الترويسة,
Heatmap,خريطة الحرارة,
Hello,مرحبا,
"Hello,","مرحبًا,",
Help,مساعدة,
Help Article,صفحة المساعدة,
Help Articles,مقالات المساعدة,
Help Category,فئة المساعدة,
Help Dropdown,قائمة المساعدة المنسدلة,
Help HTML,مساعدة HTML,
"Help: To link to another record in the system, use ""/desk/note/[Note Name]"" as the Link URL. (don't use ""http://"")","تعليمات: للارتباط بسجل آخر في النظام، استخدم ""/desk/note/[اسم الملاحظة]"" كعنوان URL للارتباط. (لا تستخدم ""http://"")",
Helpful,مفيد,
Helvetica,هلفتيكا,
Helvetica Neue,هلفتيكا نيو,
Here's your tracking URL,إليك عنوان URL للتتبع الخاص بك,
Hi {0},أهلا{0},
Hidden,مخفي,
Hidden Fields,الحقول المخفية,
Hidden columns include: <br> {0},تتضمن الأعمدة المخفية ما يلي: <br> {0},
Hide,إخفاء,
Hide Block,إخفاء الحظر,
Hide Border,إخفاء الحدود,
Hide Buttons,إخفاء الأزرار,
Hide Copy,إخفاء النسخة,
Hide Custom DocTypes and Reports,إخفاء أنواع المستندات والتقارير المخصصة,
Hide Days,إخفاء الأيام,
Hide Descendants,إخفاء أحفاد,
Hide Empty Read-Only Fields,إخفاء الحقول الفارغة للقراءة فقط,
Hide Error,إخفاء الخطأ,
Hide Label,إخفاء التسمية,
Hide Login,إخفاء تسجيل الدخول,
Hide Preview,إخفاء المعاينة,
"Hide Previous, Next and Close button on highlight dialog.",إخفاء الزر السابق والتالي والإغلاق في مربع حوار التمييز.,
Hide Seconds,إخفاء الثواني,
"Hide Sidebar, Menu, and Comments",إخفاء الشريط الجانبي والقائمة والتعليقات,
Hide Standard Menu,إخفاء القائمة الرئيسية,
Hide Weekends,إخفاء عطلة نهاية الأسبوع,
Hide descendant records of <b>For Value</b>.,إخفاء السجلات التابعة لـ <b>For Value</b>.,
Hide details,إخفاء التفاصيل,
Hide footer,إخفاء التذييل,
Hide footer in auto email reports,إخفاء تذييل الصفحة في تقارير البريد الإلكتروني التلقائية,
Hide footer signup,إخفاء تسجيل التذييل,
Hide navbar,إخفاء شريط التنقل,
High,عالية,
Higher priority rule will be applied first,سيتم تطبيق قاعدة الأولوية الأعلى أولاً,
Highlight,تسليط الضوء,
"Hint: Include symbols, numbers and capital letters in the password",تلميح: تضمين الرموز والأرقام والأحرف الكبيرة في كلمة المرور,
Home,الصفحة الرئيسية,
Home Page,الصفحة الرئيسية,
Home Settings,الإعدادات الرئيسية,
Home/Test Folder 1,الصفحة الرئيسية / اختبار المجلد 1,
Home/Test Folder 1/Test Folder 3,مجلد الوطن / اختبار 1 / مجلد اختبار 3,
Home/Test Folder 2,الصفحة الرئيسية / مجلد اختبار 2,
Hourly,باستمرار,
Hourly Long,كل ساعة طويلة,
Hourly Maintenance,صيانة بالساعة,
Hourly rate limit for generating password reset links,حد المعدل بالساعة لإنشاء روابط إعادة تعيين كلمة المرور,
Hours,ساعات,Duration
"How should this currency be formatted? If not set, will use system defaults",كيف ينبغي أن يتم تنسيق هذه العملة؟ إذا لم يتم تعيين و، استخدم افتراضيات النظام,
Human-readable name intended for display to the end user.,اسم يمكن قراءته بواسطة الإنسان مخصص للعرض للمستخدم النهائي.,
ID,معرف,
ID (name),معرف (اسم),
ID (name) of the entity whose property is to be set,ID (اسم) للكيان الذي هو الملكية التي سيتم تحديدها,
"IDs must contain only alphanumeric characters, not contain spaces, and should be unique.",يجب أن تحتوي المعرفات على أحرف أبجدية رقمية فقط، ولا تحتوي على مسافات، ويجب أن تكون فريدة.,
IMAP Details,تفاصيل الوصول عبر IMAP,
IMAP Folder,مجلد IMAP,
IP Address,عنوان IP,
Icon,أيقونة,
Icon Image,صورة الرمز,
Icon Style,نمط الأيقونة,
Icon Type,نوع الأيقونة,
Icon is not correctly configured please check the workspace sidebar to it,لم يتم تكوين الرمز بشكل صحيح، يرجى التحقق من الشريط الجانبي لمساحة العمل الخاص به,
Icon will appear on the button,سيظهر الرمز على الزر,
Identity Details,تفاصيل الهوية,
Idx,IDX,
"If Apply Strict User Permission is checked and User Permission is defined for a DocType for a User, then all the documents where value of the link is blank, will not be shown to that User",إذا تم تحديد تطبيق تصريح المستخدم الصارم ويتم تعريف إذن المستخدم لنوع دوكتيبي للمستخدم، فإن جميع المستندات التي تكون فيها قيمة الرابط فارغة، لن يتم عرضها على هذا المستخدم,
If Checked workflow status will not override status in list view,إذا ووضع العمل تم الفحص لا تجاوز الوضع في عرض القائمة,
If Owner,إذا المالك,
"If a Role does not have access at Level 0, then higher levels are meaningless.",إذا لم يكن للدور إمكانية الوصول إلى المستوى 0، فإن المستويات الأعلى لا معنى لها.,
"If checked, a confirmation will be required before performing workflow actions.",إذا تم تحديده، فستكون هناك حاجة إلى تأكيد قبل تنفيذ إجراءات سير العمل.,
"If checked, all other workflows become inactive.",إذا تم، جميع مهام سير العمل الأخرى تصبح خاملة.,
"If checked, negative numeric values of Currency, Quantity or Count would be shown as positive",إذا تم تحديده، فسيتم عرض القيم الرقمية السالبة للعملة أو الكمية أو العدد على أنها موجبة,
"If checked, users will not see the Confirm Access dialog.",إذا تم تحديدها، فلن يرى المستخدمون مربع حوار تأكيد الوصول.,
"If disabled, this role will be removed from all users.",إذا تعطيل، ستتم إزالة هذه الصلاحية من كافة المستخدمين.,
"If enabled,  user can login from any IP Address using Two Factor Auth, this can also be set for all users in System Settings",في حالة التمكين ، يمكن للمستخدم تسجيل الدخول من أي عنوان IP باستخدام المصادقة الثنائية ، كما يمكن تعيين ذلك لجميع المستخدمين في إعدادات النظام,
"If enabled, all responses on the web form will be submitted anonymously",في حالة التمكين، سيتم إرسال جميع الردود على نموذج الويب بشكل مجهول,
"If enabled, all users can login from any IP Address using Two Factor Auth. This can also be set only for specific user(s) in User Page",إذا تم تمكينه ، يمكن لكافة المستخدمين تسجيل الدخول من أي عنوان IP باستخدام &quot;عامل عامل&quot;. يمكن أيضًا تعيين ذلك لمستخدمين محددين في صفحة المستخدم,
"If enabled, changes to the document are tracked and shown in timeline",في حالة التمكين ، يتم تعقب التغييرات في المستند وعرضها في المخطط الزمني,
"If enabled, document views are tracked, this can happen multiple times",في حالة التمكين ، يتم تعقب طرق عرض المستندات ، وقد يحدث ذلك عدة مرات,
"If enabled, only System Managers can upload public files. Other users can't see the checkbox <i>Is Private</i> in the upload dialog.",في حالة تمكينه، يستطيع مديرو النظام فقط تحميل الملفات العامة. ولا يمكن للمستخدمين الآخرين رؤية مربع الاختيار <i>خاص</i> في مربع حوار التحميل.,
"If enabled, the document is marked as seen, the first time a user opens it",في حالة التمكين ، يتم تمييز المستند على أنه مرئي ، وهي المرة الأولى التي يقوم فيها المستخدم بفتحها,
"If enabled, the notification will show up in the notifications dropdown on the top right corner of the navigation bar.",في حالة التمكين ، سيظهر الإشعار في القائمة المنسدلة للإشعارات أعلى الزاوية اليمنى من شريط التنقل.,
"If enabled, the password strength will be enforced based on the Minimum Password Score value. A value of 1 being very weak and 4 being very strong.",إذا تم تمكينه، فسيتم فرض قوة كلمة المرور بناءً على قيمة الحد الأدنى لنقاط كلمة المرور. القيمة 1 ضعيفة جدًا و4 قوية جدًا.,
"If enabled, users who login from Restricted IP Address, won't be prompted for Two Factor Auth",في حالة التمكين ، لن تتم مطالبة المستخدمين الذين يقومون بتسجيل الدخول من عنوان IP المقيد بـ Two Factor Auth,
"If enabled, users will be notified every time they login. If not enabled, users will only be notified once.",إذا تم تمكينه، فسيتم إشعار المستخدمين في كل مرة يسجلون فيها الدخول. إذا لم يتم تمكينه، فسيتم إشعار المستخدمين مرة واحدة فقط.,
"If left empty, the default workspace will be the last visited workspace",إذا تركت فارغة، ستكون مساحة العمل الافتراضية هي آخر مساحة عمل تمت زيارتها,
If non standard port (e.g. 587),إذا غير المنفذ الرئيسي (على سبيل المثال 587),
"If non standard port (e.g. 587). If on Google Cloud, try port 2525.",إذا كان المنفذ غير قياسي (على سبيل المثال 587). إذا كنت على Google Cloud ، فجرّب المنفذ 2525.,
"If non-standard port (e.g. POP3: 995/110, IMAP: 993/143)",إذا كان المنفذ غير قياسي (مثل POP3: 995/110 ، IMAP: 993/143),
"If not set, the currency precision will depend on number format",إذا لم يتم تعيينها، فإن دقة العملة تعتمد على تنسيق الأرقام,
"If set, only user with these roles can access this chart. If not set, DocType or Report permissions will be used.",إذا تم تعيينها، فلن يتمكن سوى المستخدم الذي لديه هذه الأدوار من الوصول إلى هذا المخطط. إذا لم يتم تعيينه، فسيتم استخدام أذونات DocType أو التقرير.,
"If the user enables the mask property for the phone number field, the value will be displayed in a masked format (e.g., 811XXXXXXX).",إذا قام المستخدم بتمكين خاصية القناع لحقل رقم الهاتف، فسيتم عرض القيمة بتنسيق مقنع (على سبيل المثال، 811XXXXXXX).,
"If the user has access to Employee and Report is enabled, they can view Employee-based reports.",إذا كان لدى المستخدم حق الوصول إلى الموظف وتم تمكين التقرير، فيمكنه عرض التقارير المستندة إلى الموظف.,
"If the user has any role checked, then the user becomes a ""System User"". ""System User"" has access to the desktop","إذا كان المستخدم لديه أي دور تم اختياره، فسيصبح المستخدم ""مستخدم النظام"". ""مستخدم النظام"" لديه حق الوصول إلى سطح المكتب",
"If these instructions where not helpful, please add in your suggestions on GitHub Issues.",إذا لم تكن هذه التعليمات مفيدة، فيرجى إضافة اقتراحاتك بشأن مشكلات GitHub.,
"If this was a mistake or you need access again, please reach out to your team.",إذا كان هذا خطأً أو كنت بحاجة إلى الوصول مرة أخرى، فيرجى التواصل مع فريقك.,
"If unchecked, the value will always be re-fetched on save.",إذا لم يتم تحديده، فسيتم دائمًا إعادة جلب القيمة عند الحفظ.,
If user is the owner,إذا كان المستخدم هو المالك,
"If you are updating, please select ""Overwrite"" else existing rows will not be deleted.","إذا كنت تقوم بتحديث، يرجى تحديد ""الكتابة"" لن يتم حذف الصفوف الموجودة آخر.",
"If you are uploading new records, ""Naming Series"" becomes mandatory, if present.","إذا كنت تحميل سجلات جديدة، ""تسمية السلسلة"" تصبح إلزامية، إذا كان موجودا.",
"If you are uploading new records, leave the ""name"" (ID) column blank.","إذا كنت تحميل سجلات جديدة، وترك ""اسم"" (ID) العمود فارغا.",
"If you have any questions, reach out to your system administrator.",إذا كانت لديك أية أسئلة، فاتصل بمسؤول النظام لديك.,
"If you have recently restored the site, you may need to copy the site_config.json containing the original encryption key.",إذا قمت باستعادة الموقع مؤخرًا، فقد تحتاج إلى نسخ site_config.json الذي يحتوي على مفتاح التشفير الأصلي.,
"If you set this, this Item will come in a drop-down under the selected parent.",إذا قمت بتعيين هذا ، فإن هذا البند تأتي في قائمة منسدلة تحت الأصل المحدد .,
"If you think this is unauthorized, please change the Administrator password.",إذا كنت تعتقد أن هذا غير المصرح به، الرجاء تغيير كلمة مرور المسؤول.,
"If your CSV uses a different delimiter, add that character here, ensuring no spaces or additional characters are included.",إذا كان ملف CSV الخاص بك يستخدم محددًا مختلفًا، فأضف هذا الحرف هنا، مع التأكد من عدم تضمين أي مسافات أو أحرف إضافية.,
"If your data is in HTML, please copy paste the exact HTML code with the tags.",إذا كانت البيانات في HTML، يرجى نسخ لصق رمز HTML المحدد مع العلامات.,
Ignore User Permissions,تجاهل صلاحيات المستخدم,
Ignore XSS Filter,تجاهل فلتر XSS,
Ignore attachments over this size,تجاهل إرفاق ملفات أكثر من هذا الحجم,
Ignored Apps,التطبيقات التي تم تجاهلها,
Illegal Document Status for {0},حالة المستند غير القانوني لـ {0},
Illegal SQL Query,استعلام SQL غير قانوني,
Illegal template,قالب غير قانوني,
Image,صورة,
Image Field,صورة الميدان,
Image Height,ارتفاع الصورة,
Image Link,رابط الصورة,
Image View,عرض الصورة,
Image Width,عرض الصورة,
Image field must be a valid fieldname,يجب أن يكون حقل الصورة اسم حقل صالحا,
Image field must be of type Attach Image,يجب أن يكون حقل الصورة من النوع إرفاق صورة,
Image link '{0}' is not valid,رابط الصورة '{0}' غير صالح,
Image optimized,الصورة الأمثل,
Image: Corrupted Data Stream,الصورة: دفق البيانات التالف,
Images,صور,
Impersonate,انتحال شخصية,
Impersonate as {0},انتحال شخصية كـ {0},
Impersonated by {0},تم انتحال الشخصية بواسطة {0},
Impersonating {0},انتحال شخصية {0},
Implement `clear_old_logs` method to enable auto error clearing.,"قم بتنفيذ طريقة ""clear_old_logs"" لتمكين مسح الأخطاء تلقائيًا.",
Implicit,ضمني,
Import,استيراد,
Import Email From,استيراد البريد الإلكتروني من,
Import File,استيراد ملف,
Import File Errors and Warnings,استيراد ملف الأخطاء والتحذيرات,
Import Log,سجل الاستيراد,
Import Log Preview,استيراد سجل معاينة,
Import Preview,استيراد معاينة,
Import Progress,تقدم الاستيراد,
Import Subscribers,المشتركون استيراد,
Import Type,نوع الاستيراد,
Import Warnings,استيراد تحذيرات,
Import Zip,استيراد الرمز البريدي,
Import from Google Sheets,استيراد من جداول بيانات Google,
"Import template should be of type .csv, .xlsx or .xls",يجب أن يكون قالب الاستيراد من النوع .csv أو .xlsx أو .xls,
Import template should contain a Header and atleast one row.,يجب أن يحتوي قالب الاستيراد على رأس صف واحد على الأقل.,
"Import timed out, please re-try.",انتهت مهلة الاستيراد، يرجى إعادة المحاولة.,
Importing {0} is not allowed.,استيراد {0} غير مسموح به.,
Importing {0} of {1},استيراد {0} من {1},
"Importing {0} of {1}, {2}",استيراد {0} من {1}، {2},
In,في,
In Days,في الايام,
In Filter,في تصفية,
In Global Search,في البحث العالمية,
In Grid View,في شبكة عرض,
In List Filter,في قائمة التصفية,
In List View,في عرض القائمة,
In Minutes,في دقائق,
In Preview,في المعاينة,
In Progress,قيد التقدم,
In Read Only Mode,في وضع القراءة فقط,
In Reply To,ردا على,
In Standard Filter,في التصفية الرئيسية,
In points. Default is 9.,في نقطة. الافتراضي هو 9.,
In seconds,في ثوان,
Inactive,غير نشط,
Inbox,صندوق الوارد,
Inbox User,مسؤل علبة الوارد,
Inbox View,عرض البريد الوارد,
Include Disabled,تضمين معطل,
Include Name Field,تضمين حقل الاسم,
Include Search in Top Bar,اضافة البحث في الشريط العلوي,
Include Theme from Apps,تضمين سمة من التطبيقات,
Include Web View Link in Email,تضمين رابط عرض الويب في البريد الإلكتروني,
Include filters,تضمين المرشحات,
Include hidden columns,تضمين الأعمدة المخفية,
Include indentation,تشمل المسافة البادئة,
"Include symbols, numbers and capital letters in the password",تضمين الرموز والأرقام والأحرف الكبيرة في كلمة المرور,
Incoming,وارد,
Incoming (POP/IMAP) Settings,إعدادات الوارد (POP/IMAP).,
Incoming Emails (Last 7 days),رسائل البريد الإلكتروني الواردة (آخر 7 أيام),
Incoming Server,الخادم الوارد,
Incoming Settings,إعدادات الواردة,
Incoming email account not correct,حساب البريد الإلكتروني الوارد غير صحيح,
Incomplete Virtual Doctype Implementation,تنفيذ Doctype الظاهري غير مكتمل,
Incomplete login details,تفاصيل تسجيل الدخول غير مكتملة,
Incorrect Configuration,التكوين غير الصحيح,
Incorrect URL,URL غير صحيح,
Incorrect User or Password,مستخدم غير صحيح أو كلمة مرور,
Incorrect Verification code,رمز التحقق غير صحيح,
Incorrect value in row {0}:,قيمة غير صحيحة في الصف {0}:,
Incorrect value:,قيمة غير صحيحة:,
Indent,المسافة البادئة,
Index,مؤشر,
Index Web Pages for Search,فهرس صفحات الويب للبحث,
Index created successfully on column {0} of doctype {1},تم إنشاء الفهرس بنجاح في العمود {0} من نوع المستند {1},
Indexing authorization code,رمز ترخيص الفهرسة,
Indexing refresh token,رمز تحديث الفهرسة,
Indicator,مؤشر,
Indicator Color,لون المؤشر,
Indicator color,لون المؤشر,
Info,معلومات,
Info:,معلومات:,
Initial Sync Count,عدد مزامنة الأولي,
InnoDB,InnoDB,
Input existing role name if you would like to extend it with access of another role.,أدخل اسم الدور الحالي إذا كنت ترغب في توسيعه من خلال الوصول إلى دور آخر.,
Insert,إدراج,
Insert Above,إدراج أعلاه,
Insert After,إدراج بعد,
Insert After cannot be set as {0},الإدراج بعد لا يمكن تعيينه ك {0},
"Insert After field '{0}' mentioned in Custom Field '{1}', with label '{2}', does not exist",إدراج بعد الحقل '{0}' المذكورة في الحقل المخصص '{1}'، مع التصنيف '{2}'، غير موجود,
Insert Below,أدخل أدناه,
Insert Column Before {0},إدراج عمود قبل {0},
Insert Image in Markdown,إدراج صورة في تخفيض السعر,
Insert New Records,أدخل سجلات جديدة,
Insert Style,إدراج نمط,
Instagram,انستغرام,
Install {0} from Marketplace,قم بتثبيت {0} من Marketplace,
Installed Application,التطبيق المثبت,
Installed Applications,التطبيقات المثبتة,
Installed Apps,التطبيقات المثبتة,
Instructions,تعليمات,
Instructions Emailed,تعليمات بالبريد الإلكتروني,
Insufficient Permission Level for {0},مستوى الأذونات غير كافٍ لـ {0},
Insufficient Permission for {0},عدم كفاية الإذن {0},
Insufficient Permissions for deleting Report,الأذونات غير كافية لحذف التقرير,
Insufficient Permissions for editing Report,أذونات غير كافية لتحرير التقرير,
Insufficient attachment limit,الحد الأقصى للمرفقات غير كاف,
Int,الباحث,
Integration Request,التكامل طلب,
Integrations,التكاملات,
Integrations can use this field to set email delivery status,يمكن التكامل استخدام هذا الحقل لتغيير الحالة تسليم البريد الإلكتروني,
Inter,انتر,
Interests,الإهتمامات او الفوائد,
Intermediate,متوسط,
Internal Server Error,خطأ في الخادم الداخلي,
Internal record of document shares,السجل الداخلي لمشاركات الوثيقة,
Interval,الفاصل الزمني,
Intro Video URL,عنوان URL للفيديو التمهيدي,
Introduce your company to the website visitor.,اعرض شركتك لزائرن الموقع الألكتروني,
Introduction,مقدمة,
Introductory information for the Contact Us Page,المعلومات التمهيدية لصفحة اتصل بنا,
Introspection URI,الاستبطان URI,
Invalid,غير صالح,
"Invalid ""depends_on"" expression",تعبير &quot;under_on&quot; غير صالح,
"Invalid ""depends_on"" expression set in filter {0}",تم تعيين تعبير &quot;يعتمد على&quot; غير صالح في عامل التصفية {0},
"Invalid ""mandatory_depends_on"" expression","تعبير ""mandatory_depends_on"" غير صالح",
Invalid Action,إجراء غير صالح,
Invalid CSV Format,تنسيق CSV غير صالح,
Invalid Code. Please try again.,رمز غير صالح. يرجى المحاولة مرة أخرى.,
Invalid Condition: {},حالة غير صالحة: {},
Invalid Credentials,بيانات اعتماد غير صالحة,
Invalid Credentials for Email Account: {0},بيانات اعتماد غير صالحة لحساب البريد الإلكتروني: {0},
Invalid Date,تاريخ غير صالح,
Invalid DocType,نوع المستند غير صالح,
Invalid DocType: {0},DocType غير صالح: {0},
Invalid Doctype,نوع المستند غير صالح,
Invalid Fieldname,اسم الحقل غير صالح,
Invalid File URL,عنوان URL للملف غير صالح,
Invalid Filter,عامل التصفية غير صالح,
Invalid Filter Format for field {0} of type {1}. Try using filter icon on the field to set it correctly,تنسيق التصفية غير صالح للحقل {0} من النوع {1}. حاول استخدام أيقونة الفلتر في الحقل لتعيينه بشكل صحيح,
Invalid Filter Value,قيمة تصفية غير صالحة,
Invalid Home Page,الصفحة الرئيسية غير صالحة,
Invalid Link,رابط غير صالح,
Invalid Login Token,صالح رمز الدخول,
Invalid Login. Try again.,تسجيل الدخول غير صالح. حاول ثانية.,
Invalid Mail Server. Please rectify and try again.,خادم البريد غير صالحة . يرجى تصحيح و حاول مرة أخرى.,
Invalid Naming Series: {},سلسلة تسمية غير صالحة: {},
Invalid Operation,عملية غير صالحة,
Invalid Option,خيار غير صالح,
Invalid Outgoing Mail Server or Port: {0},خادم أو منفذ البريد الصادر غير صالح: {0},
Invalid Output Format,تنسيق الإخراج غير صالح,
Invalid Override,تجاوز غير صالح,
Invalid Parameters.,المعلمات غير صالحة.,
Invalid Password,رمز مرور خاطئ,
Invalid Phone Number,رقم الهاتف غير صالح,
Invalid Request,طلب غير صالح,
Invalid Search Field {0},حقل البحث غير صالح {0},
Invalid Table Fieldname,اسم حقل الجدول غير صالح,
Invalid Transition,انتقال غير صالح,
Invalid URL,عنوان URL غير صالح,
Invalid User Name or Support Password. Please rectify and try again.,اسم المستخدم غير صحيح أو كلمة المرور الدعم . يرجى تصحيح و حاول مرة أخرى.,
Invalid Values,قيم غير صالحة,
Invalid Webhook Secret,سر الرد التلقائي على الويب غير صالح,
Invalid aggregate function,دالة مجمعة غير صالحة,
Invalid alias format: {0}. Alias must be a simple identifier.,تنسيق الاسم المستعار غير صالح: {0}. يجب أن يكون الاسم المستعار معرفًا بسيطًا.,
Invalid app,تطبيق غير صالح,
Invalid argument format: {0}. Only quoted string literals or simple field names are allowed.,تنسيق الوسيطة غير صالح: {0}. يُسمح فقط بالسلاسل الحرفية المقتبسة أو أسماء الحقول البسيطة.,
"Invalid argument type: {0}. Only strings, numbers, dicts, and None are allowed.",نوع الوسيطة غير صالح: {0}. يُسمح فقط بالسلاسل والأرقام والإملاءات ولا شيء.,
"Invalid characters in fieldname: {0}. Only letters, numbers, and underscores are allowed.",أحرف غير صالحة في اسم الحقل: {0}. يُسمح فقط بالأحرف والأرقام والشرطات السفلية.,
Invalid column,عمود غير صالح,
Invalid condition type in nested filters: {0},نوع الشرط غير صالح في عوامل التصفية المتداخلة: {0},
Invalid direction in Order By: {0}. Must be 'ASC' or 'DESC'.,"الاتجاه غير صالح في الترتيب حسب: {0}. يجب أن يكون ""ASC"" أو ""DESC"".",
Invalid docstatus,حالة المستند غير صالحة,
Invalid expression in Workflow Update Value: {0},تعبير غير صالح في قيمة تحديث سير العمل: {0},
Invalid expression set in filter {0},تم تعيين تعبير غير صالح في عامل التصفية {0},
Invalid expression set in filter {0} ({1}),تم تعيين تعبير غير صالح في عامل التصفية {0} ({1}),
"Invalid field format for SELECT: {0}. Field names must be simple, backticked, table-qualified, aliased, or '*'.",تنسيق الحقل غير صالح للتحديد: {0}. يجب أن تكون أسماء الحقول بسيطة، أو مرتبة عكسيًا، أو مؤهلة في الجدول، أو مستعارة، أو '*'.,
"Invalid field format in {0}: {1}. Use 'field', 'link_field.field', or 'child_table.field'.","تنسيق الحقل غير صالح في {0}: {1}. استخدم ""الحقل"" أو ""link_field.field"" أو ""child_table.field"".",
Invalid field name {0},اسم الحقل غير صالح {0},
Invalid field type: {0},نوع الحقل غير صالح: {0},
Invalid fieldname '{0}' in autoname,اسم الحقل غير صالح '{0}' في الااسم تلقائي,
Invalid file path: {0},مسار الملف غير صالح: {0},
Invalid filter condition: {0}. Expected a list or tuple.,شرط التصفية غير صالح: {0}. من المتوقع قائمة أو Tuple.,
Invalid filter field format: {0}. Use 'fieldname' or 'link_fieldname.target_fieldname'.,"تنسيق حقل التصفية غير صالح: {0}. استخدم ""اسم الحقل"" أو ""link_fieldname.target_fieldname"".",
Invalid filter: {0},مرشح غير صالح: {0},
"Invalid function argument type: {0}. Only strings, numbers, lists, and None are allowed.",نوع وسيطة الدالة غير صالح: {0}. يُسمح فقط بالسلاسل والأرقام والقوائم ولا شيء.,
Invalid input,إدخال غير صالح,
Invalid json added in the custom options: {0},تمت إضافة json غير صالح في الخيارات المخصصة: {0},
Invalid key,مفتاح غير صالح,
Invalid name type (integer) for varchar name column,نوع اسم غير صالح (عدد صحيح) لعمود اسم varchar,
Invalid naming series {}: dot (.) missing,سلسلة تسمية غير صالحة {}: النقطة (.) مفقودة,
Invalid naming series {}: dot (.) missing before the numeric placeholders. Kindly use a format like <b>ABCD.#####</b>.,سلسلة تسمية غير صالحة {}: النقطة (.) مفقودة قبل العناصر النائبة الرقمية. يرجى استخدام تنسيق مثل <b>ABCD.#####</b>.,
Invalid nested expression: dictionary must represent a function or operator,تعبير متداخل غير صالح: يجب أن يمثل القاموس دالة أو عامل تشغيل,
Invalid or corrupted content for import,محتوى غير صالح أو تالف للاستيراد,
Invalid redirect regex in row #{}: {},التعبير العادي لإعادة التوجيه غير صالح في الصف رقم {}: {},
Invalid request arguments,وسيطات الطلب غير صالحة,
Invalid request body,نص الطلب غير صالح,
Invalid role,دور غير صالح,
Invalid simple filter format: {0},تنسيق مرشح بسيط غير صالح: {0},
Invalid start for filter condition: {0}. Expected a list or tuple.,بداية غير صالحة لشرط التصفية: {0}. من المتوقع قائمة أو Tuple.,
Invalid template file for import,ملف نموذج غير صالح للاستيراد,
Invalid token state! Check if the token has been created by the OAuth user.,حالة الرمز المميز غير صالحة! تحقق مما إذا تم إنشاء الرمز المميز بواسطة مستخدم OAuth.,
Invalid username or password,خطأ في اسم المستخدم أو كلمة مرور,
Invalid value specified for UUID: {},تم تحديد قيمة غير صالحة لـ UUID: {},
Invalid values for fields:,قيم غير صالحة للحقول:,Error message in web form
Invalid wkhtmltopdf version,إصدار wkhtmltopdf غير صالح,
Invalid {0} condition,حالة {0} غير صالحة,
Invalid {0} dictionary format,تنسيق قاموس {0} غير صالح,
Inverse,معكوس,
Invitation already accepted,تم قبول الدعوة بالفعل,
Invitation already exists,الدعوة موجودة بالفعل,
Invitation cannot be cancelled,لا يمكن إلغاء الدعوة,
Invitation is cancelled,تم إلغاء الدعوة,
Invitation is expired,انتهت صلاحية الدعوة,
Invitation not found,لم يتم العثور على الدعوة,
Invitation to join {0} cancelled,تم إلغاء الدعوة للانضمام إلى {0}.,
Invitation to join {0} expired,انتهت صلاحية الدعوة للانضمام إلى {0}.,
Invite as User,دعوة كمستخدم,
Invited By,بدعوة من,
Is,هل,
Is Active,نشط,
Is Attachments Folder,هو مجلد المرفقات,
Is Calendar and Gantt,هو التقويم وجانت,
Is Child Table,هو الجدول التابع,
Is Complete,كاملة,
Is Completed,قد اكتمل,
Is Current,الحالي,
Is Custom,مخصص,
Is Custom Field,هو حقل مخصص,
Is Default,افتراضي,
Is Dynamic URL?,هل عنوان URL ديناميكي؟,
Is Folder,هو مجلد,
Is Global,هو عالمي,
Is Group,هل المجموعة,
Is Hidden,مخفي,
Is Home Folder,هو المجلد الرئيسي,
Is Mandatory Field,هو حقل إلزامي,
Is Optional State,هو الدولة اختياري,
Is Primary,هو الابتدائية,
Is Primary Address,هو العنوان الأساسي,
Is Primary Contact,هو جهة الاتصال الرئيسية,
Is Primary Mobile,هو المحمول الأساسي,
Is Primary Phone,هو الهاتف الأساسي,
Is Private,غير الخاصة,
Is Public,عام,
Is Published Field,ونشرت الميدان,
Is Published Field must be a valid fieldname,"""تم نشر"" الحقل يجب أن يكون اسم حقل صالح",
Is Query Report,هو تقرير الاستعلام,
Is Remote Request?,هل الطلب عن بعد؟,
Is Setup Complete?,هل اكتمل الإعداد؟,
Is Single,مفردة,
Is Skipped,تم تخطي,
Is Spam,هو المزعج,
Is Standard,هو معيار,
Is Submittable,يستطيع الاعتماد,
Is System Generated,هل تم إنشاء النظام,
Is Table,هو الجدول,
Is Table Field,هو حقل الجدول,
Is Tree,هي شجرة,
Is Unique,فريد من نوعة,
Is Virtual,افتراضية,
Is standard,هو المعيار,
It is risky to delete this file: {0}. Please contact your System Manager.,أنه أمر محفوف بالمخاطر لحذف هذا الملف: {0}. يرجى الاتصال بمدير النظام الخاص بك.,
Item Label,تسمية العنصر,
Item Type,نوع العنصر,
Item cannot be added to its own descendants,البند لا يمكن أن تضاف الى أحفادها<br>Item cannot be added to its own descendants,
Items,الاصناف,
JS,شبيبة,
JS Message,رسالة شبيبة,
JSON,JSON,
JSON Request Body,طلب JSON الجسم,
Jane Doe,جين دو,
JavaScript,جافا سكريبت,
JavaScript Format: frappe.query_reports['REPORTNAME'] = {},جافا سكريبت الصيغة: frappe.query_reports [' REPORTNAME '] = { },
Javascript,جافا سكريبت,
Javascript is disabled on your browser,تم تعطيل Javascript على متصفحك,
Jinja,جينجا,
Job ID,معرف الوظيفة,
Job Id,معرف الوظيفة,
Job Info,معلومات الوظيفة,
Job Name,اسم الوظيفة,
Job Status,الحالة الوظيفية,
Job Stopped Successfully,تم إيقاف المهمة بنجاح,
Job is in {0} state and can't be cancelled,الوظيفة في حالة {0} ولا يمكن إلغاؤها,
Job is not running.,الوظيفة لا تعمل.,
Job stopped successfully,تم إيقاف المهمة بنجاح,
Join video conference with {0},انضم إلى مؤتمر فيديو مع {0},
Jump to field,القفز الى الميدان,
K,K,Number system
Kanban,لوحة المهام,
Kanban Board,مجلس كانبان,
Kanban Board Column,عمود لوح كانبان,
Kanban Board Name,اسم لوح كانبان,
Kanban Settings,إعدادات كانبان,Button in kanban view menu
Kanban View,عرض كانبان,
Keep Closed,ابقِ مغلقًا,
Keep track of all update feeds,تتبع جميع خلاصات التحديث,
Keeps track of all communications,يتتبع جميع الاتصالات,
Key,مفتاح,
Keyboard Shortcuts,اختصارات لوحة المفاتيح,
Keycloak,عباءة المفاتيح,
Kh,Kh,Number system
Knowledge Base,قاعدة المعرفة,
Knowledge Base Contributor,مشارك قاعدة المعرفة,
Knowledge Base Editor,محرر قاعدة المعرفة,
L,L,Number system
LDAP Auth,مصادقة LDAP,
LDAP Custom Settings,إعدادات LDAP المخصصة,
LDAP Email Field,LDAP البريد الإلكتروني الميدان,
LDAP First Name Field,LDAP الاسم الميدان,
LDAP Group,مجموعة LDAP,
LDAP Group Field,حقل مجموعة LDAP,
LDAP Group Mapping,تعيين مجموعة LDAP,
LDAP Group Mappings,تعيينات LDAP,
LDAP Group Member attribute,سمة عضو مجموعة LDAP,
LDAP Last Name Field,حقل اسم العائلة LDAP,
LDAP Middle Name Field,حقل الاسم الأوسط LDAP,
LDAP Mobile Field,حقل LDAP المحمول,
LDAP Not Installed,لم يتم تثبيت لداب,
LDAP Phone Field,حقل هاتف LDAP,
LDAP Search String,LDAP بحث سلسلة,
"LDAP Search String must be enclosed in '()' and needs to contian the user placeholder {0}, eg sAMAccountName={0}",يجب أن تكون سلسلة بحث LDAP محاطة بـ '()' ويجب أن تحتوي على العنصر النائب للمستخدم {0}، على سبيل المثال sAMAccountName={0},
LDAP Search and Paths,بحث ومسارات LDAP,
LDAP Security,أمان LDAP,
LDAP Server Settings,إعدادات خادم LDAP,
LDAP Server Url,خادم LDAP رابط,
LDAP Settings,إعدادات LDAP,
LDAP User Creation and Mapping,إنشاء مستخدم LDAP ورسم الخرائط,
LDAP Username Field,LDAP اسم المستخدم الميدان,
LDAP is not enabled.,لم يتم تمكين LDAP.,
LDAP search path for Groups,مسار بحث LDAP للمجموعات,
LDAP search path for Users,مسار بحث LDAP للمستخدمين,
LDAP settings incorrect. validation response was: {0},إعدادات LDAP غير صحيحة. كانت استجابة التحقق: {0},
Label,ملصق,
Label Help,التسمية تعليمات,
Label and Type,التسمية و النوع,
Label is mandatory,التسمية إلزامية,
Landing Page,الصفحة المقصودة,
Landscape,المناظر الطبيعيه,
Language,اللغة,
Language Code,كود اللغة,
Language Name,اسم اللغة,
Last,الاخير,
Last 10 active users,آخر 10 مستخدمين نشطين,
Last 14 Days,آخر 14 يومًا,
Last 30 Days,آخر 30 يومًا,
Last 6 Months,آخر 6 أشهر,
Last 7 Days,آخر 7 أيام,
Last 90 Days,آخر 90 يومًا,
Last Active,آخر تواجد في,
Last Edited by You,آخر تعديل بواسطتك,
Last Edited by {0},تم التعديل الأخير بواسطة {0},
Last Execution,آخر تنفيذ,
Last Heartbeat,آخر نبضات القلب,
Last IP,أخر IP,
Last Known Versions,المعروفة إصدارات مشاركة,
Last Login,آخر تسجيل دخول,
Last Modified Date,تاريخ آخر تعديل,
Last Modified On,آخر تعديل ل,
Last Month,الشهر الماضي,
Last Name,اسم العائلة,
Last Password Reset Date,تاريخ إعادة تعيين كلمة المرور الأخيرة,
Last Quarter,الربع الأخير,
Last Received At,آخر استلام في,
Last Reset Password Key Generated On,تم إنشاء مفتاح إعادة تعيين كلمة المرور الأخير في,
Last Run,التشغيل الأخير,
Last Sync On,آخر مزامنة تشغيل,
Last Synced On,آخر مزامنة في,
Last Updated,آخر تحديث,
Last Updated By,آخر تحديث بواسطة,
Last Updated On,آخر تحديث يوم,
Last User,آخر مستخدم,
Last Week,الاسبوع الماضي,
Last Year,العام الماضي,
Last synced {0},آخر مزامنة {0},
Layout,التخطيط,
Layout Reset,إعادة تعيين التخطيط,
"Layout will be reset to standard layout, are you sure you want to do this?",سيتم إعادة تعيين التخطيط إلى التخطيط القياسي، هل أنت متأكد من أنك تريد القيام بذلك؟,
Lead Conversion Time,وقت تحويل الرصاص,
Learn more,تعلم المزيد,
Leave blank to repeat always,اتركه فارغ لتكرار دائما,
Leave this conversation,ترك هذه المحادثة,
Ledger,دفتر الأستاذ,
Left,ترك,
Left Bottom,اليسار السفلي,
Left Center,مركز اليسار,
Left this conversation,تركت هذه المحادثة,
Legal,قانوني,
Length,الطول,
Length of passed data array is greater than value of maximum allowed label points!,طول مصفوفة البيانات التي تم تمريرها أكبر من قيمة الحد الأقصى لنقاط التسمية المسموح بها!,
Length of {0} should be between 1 and 1000,يجب أن يكون طول {0} بين 1 و 1000,
Less,أقل,
Less Than,أقل من,
Less Than Or Equal To,أقل من أو يساوي,
Let us continue with the onboarding,دعونا نستمر في الإعداد,
Let's Get Started,هيا بنا نبدأ,
Let's avoid repeated words and characters,دعونا تجنب الكلمات المكررة وشخصيات,
Let's set up your account,دعنا نقوم بإعداد حسابك,
Let's take you back to onboarding,دعنا نعيدك إلى الإعداد,
Letter,رسالة,
Letter Head,ترئيس الرسالة,
Letter Head Based On,رسالة رئيس بناء على,
Letter Head Image,صورة رأس الرسالة,
Letter Head Name,اسم ترئيس الرسالة,
Letter Head Scripts,مخطوطات رأس الرسالة,
Letter Head cannot be both disabled and default,لا يمكن تعطيل رأس الرسالة وافتراضيًا,
Letter Head in HTML,ترئيس الرسالة كصيغة HTML,
Level,المستوى,
"Level 0 is for document level permissions, higher levels for field level permissions.",المستوى 0 مخصص لأذونات مستوى المستند ، ومستويات أعلى للأذونات على مستوى الحقل.,
Library,مكتبة,
License,رخصة,
License Type,نوع الترخيص,
Light,ضوء,
Light Blue,أزرق فاتح,
Light Color,لون فاتح,
Light Theme,موضوع الضوء,
Like,مثل,
Liked,أحب,
Liked By,أحب بواسطة,
Liked by me,أعجبني,
Likes,يحب,
Limit,حد,
Limit must be a non-negative integer,يجب أن يكون الحد عددًا صحيحًا غير سالب,
Line,خط,
Link,رابط,
Link Cards,بطاقات الارتباط,
Link Count,عدد الروابط,
Link Details,تفاصيل الرابط,
Link DocType,رابط الاستمارة,
Link Document Type,رابط نوع الوثيقة,
Link Expired,انتهت صلاحية الرابط,
Link Field Results Limit,حد نتائح حقل الرابط,
Link Fieldname,اسم الحقل الرابط,
Link Filters,مرشحات الارتباط,
Link Name,اسم الرابط,
Link Title,لينك تيتل,
Link To,رابط ل,
Link To in Row,رابط إلى في الصف,
Link Type,نوع الرابط,
Link Type in Row,نوع الارتباط في الصف,
"Link for About Us Page is ""/about"".","رابط صفحة ""معلومات عنا"" هو ""/about"".",
"Link that is the website home page. Standard Links (home, login, products, blog, about, contact)",الرابط الذي هو الصفحة الرئيسية للموقع. الروابط القياسية (الصفحة الرئيسية، تسجيل الدخول، المنتجات، المدونة، حول، جهة الاتصال),
Link to the page you want to open. Leave blank if you want to make it a group parent.,الرابط إلى الصفحة التي تريد فتحها. اتركه فارغا إذا كنت تريد أن تجعل من أحد الوالدين المجموعة.,
Linked,مرتبط,
Linked With,ترتبط,
Linked with {0},مرتبط بـ {0},
LinkedIn,ينكدين,
Links,الروابط,
List,قائمة,
List / Search Settings,إعدادات القائمة / البحث,
List Columns,أعمدة القائمة,
List Filter,تصفية القائمة,
List Settings,إعدادات القائمة,
List View,عرض القائمة,
List View Settings,إعدادات عرض القائمة,
List a document type,قائمة نوع مستند,
"List as [{""label"": _(""Jobs""), ""route"":""jobs""}]",القائمة كما [{ &quot;التسمية&quot;: _ ( &quot;وظائف&quot;)، &quot;الطريق&quot;: &quot;وظائف&quot;}],
"List of email addresses, separated by comma or new line.",قائمة عناوين البريد الإلكتروني، مفصولة بفاصلة أو سطر جديد.,
List of patches executed,قائمة التصحيحات المنفذة,
List setting message,رسالة إعداد القائمة,
Lists,القوائم,
Load Balancing,تحميل موازنة,
Load More,تحميل المزيد,
Load More Communications,تحميل المزيد من الاتصالات,Form timeline
Load more,تحميل المزيد,
Loading,تحميل,
Loading Filters...,جارٍ تحميل عوامل التصفية...,
Loading import file...,جارٍ تحميل ملف الاستيراد...,
Loading versions...,جارٍ تحميل الإصدارات...,
Loading...,تحميل ...,
Location,الموقع,
Log,سجل,
Log API Requests,تسجيل طلبات API,
Log Data,تسجيل البيانات,
Log DocType,سجل DocType,
Log In To {0},تسجيل الدخول إلى {0},
Log Index,مؤشر السجل,
Log Setting User,مستخدم إعداد السجل,
Log Settings,إعدادات السجل,
Log in to access this page.,تسجيل الدخول للوصول إلى هذه الصفحة.,
Log out,تسجيل الخروج,
Logged Out,تسجيل الخروج,
Login,دخول,
Login After,بعد الدخول,
Login Before,تسجيل الدخول قبل,
Login Failed please try again,فشل تسجيل الدخول يرجى المحاولة مرة أخرى,
Login Id is required,مطلوب معرف تسجيل الدخول,
Login Methods,طرق تسجيل الدخول,
Login Page,صفحة تسجيل الدخول,
Login To {0},تسجيل الدخول إلى {0},
Login Verification Code from {},تسجيل الدخول رمز التحقق من {},
Login and view in Browser,تسجيل الدخول وعرض في المتصفح,
Login is required to see web form list view. Enable {0} to see list settings,مطلوب تسجيل الدخول لرؤية عرض قائمة نموذج الويب. قم بتمكين {0} لرؤية إعدادات القائمة,
Login link sent to your email,تم إرسال رابط تسجيل الدخول إلى بريدك الإلكتروني,
Login not allowed at this time,تسجيل الدخول غير مسموح في هذا الوقت,
Login required,تسجيل الدخول مطلوب,
"Login session expired, refresh page to retry",انتهت صلاحية جلسة تسجيل الدخول، ثم حدث الصفحة لإعادة المحاولة,
Login to comment,سجل الدخول للتعليق,
Login to start a new discussion,تسجيل الدخول لبدء مناقشة جديدة,
Login to view,تسجيل الدخول للعرض,
Login to {0},تسجيل الدخول إلى {0},
Login token required,رمز تسجيل الدخول مطلوب,
Login with Email Link,تسجيل الدخول مع رابط البريد الإلكتروني,
Login with Frappe Cloud,تسجيل الدخول باستخدام Frappe Cloud,
Login with LDAP,تسجيل الدخول مع LDAP,
Login with email link,تسجيل الدخول برابط البريد الإلكتروني,
Login with email link expiry (in minutes),تسجيل الدخول مع انتهاء صلاحية رابط البريد الإلكتروني (بالدقائق),
Login with username and password is not allowed.,غير مسموح بتسجيل الدخول باسم المستخدم وكلمة المرور.,
Login with {0},تسجيل الدخول باستخدام {0},
Logo URI,عنوان URL للشعار,
Logo URL,عنوان URL للشعار,
Logout,خروج,
Logout All Sessions,تسجيل الخروج من جميع الجلسات,
Logout All Sessions on Password Reset,تسجيل خروج جميع الجلسات عند إعادة تعيين كلمة المرور,
Logout From All Devices After Changing Password,تسجيل الخروج من جميع الأجهزة بعد تغيير كلمة المرور,
Logs To Clear,سجلات لمسح,
Logs to Clear,سجلات لمسح,
Long Text,نص طويل,
Looks like you didn't change the value,يبدو أنك لم تغير القيمة,
Looks like you haven\u2019t received any notifications.,يبدو أنك لم تتلق أي إشعارات.,
Looks like you haven’t added any third party apps.,يبدو أنك لم تقم بإضافة أي تطبيقات تابعة لجهات خارجية.,
Looks like you haven’t received any notifications.,يبدو أنك لم تتلق أي إشعارات.,
Low,منخفض,
M,م,
MIT License,رخصة معهد ماساتشوستس للتكنولوجيا,
MM,MM,
Madam,سيدتي,
Main Section,القسم العام,
Main Section (HTML),القسم الرئيسي (HTML),
Main Section (Markdown),القسم الرئيسي (تخفيض السعر),
Maintenance Manager,مدير الصيانة,
Maintenance User,مستخدم الصيانة,
Major,رائد,
"Make ""name"" searchable in Global Search","اجعل ""الاسم"" قابلا للبحث في البحث العالمي",
Make Attachment Public (by default),جعل المرفق عامًا (افتراضيًا),
Make Attachments Public by Default,جعل المرفقات عامة بشكل افتراضي,
Make sure to configure a Social Login Key before disabling to prevent lockout,تأكد من تكوين مفتاح تسجيل الدخول الاجتماعي قبل التعطيل لمنع الإغلاق,
Make use of longer keyboard patterns,الاستفادة من نماذج لوحة المفاتيح أطول,
Make {0},اصنع {0},
Makes the page public,يجعل الصفحة عامة,
Male,ذكر,
Manage 3rd party apps,إدارة تطبيقات الطرف الثالث,
Manage Billing,إدارة الفواتير,
Mandatory,إلزامية,
Mandatory Depends On,إلزامي يعتمد على,
Mandatory Depends On (JS),إلزامي يعتمد على (JS),
Mandatory Information missing:,معلومات إلزامية مفقود:,
Mandatory field: set role for,الحقل إلزامي :تعيين الدور ل\n<br>\nMandatory field: set role for,
Mandatory field: {0},حقل إلزامي: {0},
"Mandatory fields required in table {0}, Row {1}",الحقول الالزامية في جدول {0} صف رقم {1} مطلوبة,
Mandatory fields required in {0},الحقول الإلزامية المطلوبة في {0},
Mandatory fields required:,الحقول الإلزامية المطلوبة:,Error message in web form
Mandatory:,إلزامية:,
Map,خريطه,
Map Columns,خريطة الأعمدة,
Map View,عرض الخريطة,
Map columns from {0} to fields in {1},قم بتعيين الأعمدة من {0} إلى الحقول الموجودة في {1},
Map route parameters into form variables. Example <code>/project/&lt;name&gt;</code>,تعيين معلمات الطريق في متغيرات النموذج. مثال <code>/project/&lt;name&gt;</code>,
Mapping column {0} to field {1},تعيين العمود {0} إلى الحقل {1},
Margin Bottom,الهامش السفلي,
Margin Left,الهامش الأيسر,
Margin Right,هامش الحق,
Margin Top,أعلى الهامش,
MariaDB Variables,متغيرات ماريا دي بي,
Mark all as read,وضع علامة على الكل كمقروءة,
Mark as Read,ضع إشارة مقروء,
Mark as Spam,علامة كدعاية,
Mark as Unread,حدده كغير مقروء,
Markdown,مصغر,
Markdown Editor,محرر تخفيض السعر,
Marked As Spam,محددة كدعايات,
Marketing Manager,مدير التسويق,
Mask,قناع,
Master,سيد,
Max 500 records at a time,500 سجل كحد أقصى في نفس الوقت,
Max Attachments,الحد الأقصى للمرفقات,
Max File Size (MB),الحجم الأقصى للملف (ميغابايت),
Max Height,أقصى ارتفاع,
Max Length,الحد الاقصى للطول,
Max Report Rows,الحد الأقصى لصفوف التقرير,
Max Value,القيمة القصوى,
Max attachment size,الحد الأقصى لحجم المرفق,
Max auto email report per user,الحد الأقصى لتقرير البريد الإلكتروني التلقائي لكل مستخدم,
Max signups allowed per hour,الحد الأقصى المسموح به للاشتراكات في الساعة,
Max width for type Currency is 100px in row {0},عرض ماكس لنوع العملة هو 100px في الصف {0},
Maximum,أقصى,
Maximum Attachment Limit of {0} has been reached for {1} {2}.,تم الوصول إلى الحد الأقصى للمرفقات وهو {0} لـ {1} {2}.,
Maximum attachment limit of {0} has been reached.,تم الوصول إلى الحد الأقصى للمرفقات وهو {0}.,
Maximum {0} rows allowed,الحد الأقصى {0} الصفوف المسموح,
Maybe,ربما,
Me,أنا,
Meaning of Different Permission Types,معنى أنواع الأذونات المختلفة,
Medium,متوسط,
Meeting,اجتماع,
Meets Condition?,يفي بالشرط؟,
Memory Usage,استخدام الذاكرة,
Memory Usage in MB,استخدام الذاكرة بالميجابايت,
Mention,أشير,
Mentions,يذكر,
Menu,الخيارات,
Merge with existing,دمج مع الموجود,
Merging is only possible between Group-to-Group or Leaf Node-to-Leaf Node,الدمج مسموح فقط بين مجموعة ومجموعة أو فرع وفرع<br>Merging is only possible between Group-to-Group or Leaf Node-to-Leaf Node,
Message,رسالة,
Message Examples,أمثلة رسالة,
Message ID,معرف الرسالة,
Message Parameter,معامل الرسالة,
Message Sent,تم إرسال الرسالة,
Message Type,نوع الرسالة,
Message clipped,رسالة قص,
Message from server: {0},رسالة من الخادم: {0},
Message not setup,رسالة لا الإعداد,
Message to be displayed on successful completion,سيتم عرض الرسالة عند الانتهاء بنجاح,
Message-id,معرف الرسالة,
Messages,الرسائل,
Meta,ميتا,
Meta Description,ميتا الوصف,
Meta Image,صورة ميتا,
Meta Tags,العلامات الفوقية,
Meta Title,عنوان الفوقية,
Meta description,وصف الميتا,
Meta image,صورة ميتا,
Meta title,عنوان ميتا,
Meta title for SEO,عنوان Meta لـ SEO,
Metadata,البيانات الوصفية,
Method,طريقة,
Method Not Allowed,الطريقة غير مسموح بها,
Method is required to create a number card,الطريقة مطلوبة لإنشاء بطاقة أرقام,
Mid Center,مركز منتصف,
Middle Name,الاسم الأوسط,
Milestone,معلم,
Milestone Tracker,معلما المقتفي,
Minimum,الحد الأدنى,
Minimum Password Score,الحد الأدنى لدرجة كلمة المرور,
Minor,قاصر,
Minutes,الدقائق,Duration
Minutes After,بعد دقائق,
Minutes Before,قبل دقائق,
Minutes Offset,إزاحة الدقائق,
Misconfigured,تم تكوينه بشكل خاطئ,
Miss,ملكة جمال,
Missing DocType,DocType مفقود,
Missing Field,الحقل المفقود,
Missing Fields,حقول مفقودة,
Missing Filters Required,المرشحات المفقودة مطلوبة,
Missing Permission,إذن مفقود,
Missing Value,القيمة المفقودة,
Missing Values Required,القيم المفقودة مطلوبة,
Mobile,الجوال,
Mobile No,رقم الجوال,
Modal Trigger,الزناد مشروط,
Module,وحدة,
Module (for export),الوحدة (للتصدير),
Module Def,تعريف وحدة برمجية,
Module HTML,وحدة HTML,
Module Name,اسم وحدة,
Module Onboarding,وحدة Onboarding,
Module Profile,الملف الشخصي للوحدة,
Module Profile Name,اسم ملف تعريف الوحدة النمطية,
Module onboarding progress reset,إعادة ضبط تقدم الوحدة النمطية,
Module to Export,وحدة لتصدير,
Module {} not found,الوحدة النمطية {} غير موجودة,
Modules,وحدات برمجية,
Modules HTML,وحدات HTML,
Monday,الاثنين,
Monospace,معدل النصوص والشروط,
Month,شهر,
Monthly,شهريا,
Monthly Long,الشهرية الطويلة,
More,أكثر,
More Info,مزيد من المعلومات,
More Information,المزيد من المعلومات,
More articles on {0},المزيد من المقالات حول {0},
More content for the bottom of the page.,المزيد من المحتوى لأسفل الصفحة.,
Most Used,الأكثر استخداما,
Most probably your password is too long.,على الأرجح أن كلمة المرور الخاصة بك طويلة جدًا.,
Move,تحرك,
Move To,الانتقال إلى,
Move To Trash,ارسال الى سلة المحذوفات,
Move current and all subsequent sections to a new tab,انقل الأقسام الحالية وجميع الأقسام اللاحقة إلى علامة تبويب جديدة,
Move cursor to above row,حرك المؤشر إلى الصف أعلاه,
Move cursor to below row,حرك المؤشر إلى الصف أدناه,
Move cursor to next column,نقل المؤشر إلى العمود التالي,
Move cursor to previous column,نقل المؤشر إلى العمود السابق,
Move sections to new tab,نقل الأقسام إلى علامة تبويب جديدة,
Move the current field and the following fields to a new column,انقل الحقل الحالي والحقول التالية إلى عمود جديد,
Move to Row Number,الانتقال إلى رقم الصف,
Move to next step when clicked inside highlighted area.,انتقل إلى الخطوة التالية عند النقر داخل المنطقة المميزة.,
Mozilla doesn't support :has() so you can pass parent selector here as workaround,لا تدعم Mozilla :has() لذا يمكنك تمرير محدد الأصل هنا كحل بديل,
Mr,السيد,r
Mrs,السيدة,
Ms,السيدة,s
Multiple root nodes not allowed.,العقد الجذرية متعددة غير مسموح به.,
Must be a publicly accessible Google Sheets URL,يجب أن يكون عنوان URL الخاص بجداول بيانات Google متاحًا للجميع,
"Must be enclosed in '()' and include '{0}', which is a placeholder for the user/login name. i.e. (&(objectclass=user)(uid={0}))",يجب تضمينه في '()' ويتضمن '{0}'، وهو عنصر نائب لاسم المستخدم/تسجيل الدخول. على سبيل المثال (&(objectclass=user)(uid={0})),
"Must be of type ""Attach Image""",يجب أن يكون من نوع &quot;إرفاق صورة&quot;,
Must have report permission to access this report.,يجب أن يكون لديك إذن تقارير للوصول إلى هذا التقرير.,
Must specify a Query to run,يجب تحديد استعلام لتشغيل,
Mute Sounds,كتم الصوتيات,
Mx,مكس,x
My Account,حسابي,
My Device,جهازي,
My Filter,الفلتر الخاص بي,
MyISAM,MYISAM,
"NOTE: If you add states or transitions in the table, it will be reflected in the Workflow Builder but you will have to position them manually. Also Workflow Builder is currently in <b>BETA</b>.",ملاحظة: إذا قمت بإضافة حالات أو انتقالات في الجدول، فسوف ينعكس ذلك في Workflow Builder ولكن سيتعين عليك تحديد موضعها يدويًا. كما أن Workflow Builder موجود حاليًا في <b>نسخة تجريبية</b>.,
NOTE: This box is due for depreciation. Please re-setup LDAP to work with the newer settings,ملحوظة: هذا المربع مخصص للإهلاك. الرجاء إعادة إعداد LDAP للعمل مع الإعدادات الأحدث,
Name,الاسم,
Name (Doc Name),الاسم (اسم المستند),
"Name already taken, please set a new name",الاسم مأخوذ بالفعل، يرجى تعيين اسم جديد,
Name cannot contain special characters like {0},الإسم لا يمكن أن يحتوي على أحرف خاصة مثل {0},
Name of the Document Type (DocType) you want this field to be linked to. e.g. Customer,اسم نوع الوثيقة (DOCTYPE) تريد هذا الحقل لتكون مرتبطة. على سبيل المثال العملاء,
Name of the new Print Format,اسم الشكل الجديد طباعة,
Name of {0} cannot be {1},اسم {0} لا يمكن أن يكون {1},
Names and surnames by themselves are easy to guess.,الأسماء والألقاب في حد ذاتها سهلة التخمين.,
Naming,التسمية,
"Naming Options:
<ol><li><b>field:[fieldname]</b> - By Field</li><li><b>naming_series:</b> - By Naming Series (field called naming_series must be present)</li><li><b>Prompt</b> - Prompt user for a name</li><li><b>[series]</b> - Series by prefix (separated by a dot); for example PRE.#####</li>
<li><b>format:EXAMPLE-{MM}morewords{fieldname1}-{fieldname2}-{#####}</b> - Replace all braced words (fieldnames, date words (DD, MM, YY), series) with their value. Outside braces, any characters can be used.</li></ol>","خيارات التسمية:
<ol><li><b>field:[fieldname]</b> - حسب الحقل</li><li><b>naming_series:</b> - حسب سلسلة التسمية (يجب أن يكون الحقل المسمى naming_series موجودًا)</li><li><b>مطالبة</b> - مطالبة المستخدم بالاسم</li><li><b>[سلسلة]</b> - سلسلة حسب بادئة (مفصولة بنقطة)؛ على سبيل المثال PRE.#####</li>
<li><b>format:EXAMPLE-{MM}morewords{fieldname1}-{fieldname2}-{#####}</b> - استبدل جميع الكلمات بين قوسين (أسماء الحقول، كلمات التاريخ (DD، MM، YY)، السلسلة) بقيمتها. خارج الأقواس، يمكن استخدام أي حرف.</li></ol>",
Naming Rule,قاعدة التسمية,
Naming Series,سلسلة التسمية,
Naming Series mandatory,تسمية سلسلة إلزامية,
Navbar,نافبار,
Navbar Item,عنصر Navbar,
Navbar Settings,إعدادات Navbar,
Navbar Template,قالب نافبار,
Navbar Template Values,قيم قالب نافبار,
Navigate list down,انتقل القائمة لأسفل,Description of a list view shortcut
Navigate list up,انتقل القائمة لأعلى,Description of a list view shortcut
Navigate to main content,انتقل إلى المحتوى الرئيسي,
Navigation Buttons,أزرار التنقل,
Navigation Settings,إعدادات التنقل,
Need Help?,هل تحتاج إلى مساعدة؟,
Need Workspace Manager role to edit private workspace of other users,تحتاج إلى دور Workspace Manager لتحرير مساحة العمل الخاصة للمستخدمين الآخرين,
Negative Value,قيمة سالبة,
Nested filters must be provided as a list or tuple.,يجب توفير عوامل التصفية المتداخلة كقائمة أو صف.,
Nested set error. Please contact the Administrator.,خطأ مجموعة متداخلة . يرجى الاتصال بمدير البرنامج.,
Network Printer Settings,إعدادات طابعة الشبكة,
Never,أبدا,
New,جديد,
New Activity,نشاط جديد,
New Address,العنوان الجديد,
New Chart,مخطط جديد,
New Contact,جهة اتصال جديدة,
New Custom Block,كتلة مخصصة جديدة,
New Custom Print Format,تنسيق طباعة مخصص جديد,
New Document Form,نموذج وثيقة جديدة,
New Document Shared {0},مستند جديد مشترك {0},
New Email,بريد إلكتروني جديد,
New Email Account,حساب بريد إلكتروني جديد,
New Event,حدث جديد,
New Folder,ملف جديد,
New Kanban Board,مجلس كانبان جديدة,
New Links,روابط جديدة,
New Mention on {0},إشارة جديدة في {0},
New Message from Website Contact Page,رسالة جديدة من موقع الاتصال الصفحة,
New Name,اسم جديد,
New Notification,إخطار جديد,
New Number Card,بطاقة الرقم الجديد,
New Onboarding,تأهيل جديد,
New Password,كلمة مرور جديدة,
New Print Format Name,اسم تنسيق طباعة جديد,
New Quick List,قائمة سريعة جديدة,
New Report name,اسم التقرير الجديد,
New Role,دور جديد,
New Shortcut,اختصار جديد,
New Sidebar Item,عنصر شريط جانبي جديد,
New Users (Last 30 days),المستخدمون الجدد (آخر 30 يومًا),
New Value,قيمة جديدة,
New Workflow Name,اسم سير العمل الجديد,
New Workspace,مساحة عمل جديدة,
"New line separated list of allowed public client URLs (eg <code>https://frappe.io</code>), or <code>*</code> to accept all.
<br>
Public clients are restricted by default.","قائمة مفصولة بسطر جديد لعناوين URL العامة المسموح بها للعملاء (على سبيل المثال <code>https://frappe.io</code>)، أو <code>*</code> لقبول الكل.
<ر>
يتم تقييد العملاء العامين بشكل افتراضي.",
New line separated list of scope values.,سطر جديد مفصول بقائمة قيم النطاق.,
"New lines separated list of strings representing ways to contact people responsible for this client, typically email addresses.",سطور جديدة مفصولة بقائمة من السلاسل التي تمثل طرق الاتصال بالأشخاص المسؤولين عن هذا العميل، وعادة ما تكون عناوين البريد الإلكتروني.,
New password cannot be same as old password,كلمة المرور الجديدة لا يمكن أن تكون نفس كلمة المرور القديمة,
New updates are available,تحديثات جديدة متاحة,
New users will have to be manually registered by system managers.,سيتعين على مديري النظام تسجيل المستخدمين الجدد يدويًا.,
New value to be set,القيمة الجديدة التي سيتم تحديدها,
New {0},{0} جديد,
New {0} Created,جديد {0} تم إنشاؤه,
New {0} {1} added to Dashboard {2},تمت إضافة {0} {1} جديد إلى لوحة التحكم {2},
New {0} {1} created,تم إنشاء {0} {1} جديد,
New {0}: {1},جديد {0}: {1},
New {} releases for the following apps are available,تتوفر {} إصدارات جديدة للتطبيقات التالية,
Newly created user {0} has no roles enabled.,المستخدم الذي تم إنشاؤه حديثًا {0} ليس لديه أدوار ممكنة.,
Newsletter Manager,مدير النشرة الإخبارية,
Next,التالي,
Next 14 Days,الـ 14 يومًا القادمة,
Next 30 Days,الثلاثين يومًا القادمة,
Next 6 Months,الستة أشهر القادمة,
Next 7 Days,7 أيام القادمة,
Next Action Email Template,التالي عمل قالب البريد الإلكتروني,
Next Actions,الإجراءات التالية,
Next Actions HTML,العمليات القادمة HTML,
Next Document,الوثيقة التالية,
Next Execution,التنفيذ القادم,
Next Form Tour,جولة النموذج التالي,
Next Month,الشهر القادم,
Next Quarter,الربع القادم,
Next Schedule Date,تاريخ الجدول التالي,
Next Scheduled Date,التاريخ المقرر التالي,
Next State,الحالية التالية,
Next Step Condition,شرط الخطوة التالية,
Next Sync Token,رمز المزامنة التالي,
Next Week,الأسبوع القادم,
Next Year,العام القادم,
Next actions,الإجراءات التالية,
Next on Click,التالي عند النقر,
No,لا,
No Active Sessions,ليست هناك جلسات نشطة,
No Copy,اي نسخة,
No Data,لا توجد بيانات,
No Data...,لا توجد بيانات...,
No Email Account,ليس لديك حساب البريد الإلكتروني,
No Email Accounts Assigned,لم يتم تعيين حسابات البريد الإلكتروني,
No Email field found in {0},لم يتم العثور على حقل بريد إلكتروني في {0},
No Emails,لا رسائل البريد الإلكتروني,
No Entry for the User {0} found within LDAP!,لم يتم العثور على إدخال للمستخدم {0} في LDAP!,
No Filters Set,لا توجد فلاتر,
No Google Calendar Event to sync.,لا يوجد حدث تقويم Google للمزامنة.,
No Images,لا توجد صور,
No LDAP User found for email: {0},لم يتم العثور على مستخدم LDAP للبريد الإلكتروني: {0},
No Label,بدون تسمية,
No Letterhead,لا ترويسة,
No Name Specified for {0},لا يوجد اسم محدد لـ {0},
No New notifications,لا توجد إشعارات جديدة,
No Permissions Specified,لا الأذونات المحددة,
No Permissions set for this criteria.,لم يحدد ضوابط لهذه المعايير.,
No Permitted Charts,لا توجد مخططات مسموح بها,
No Permitted Charts on this Dashboard,لا توجد مخططات مسموح بها في لوحة المعلومات هذه,
No Preview,لا معاينة,
No Preview Available,لا تتوفر معاينة,
No Printer is Available.,لا يوجد طابعة متاحة.,
No RQ Workers connected. Try restarting the bench.,لا يوجد عمال RQ متصلين. حاول إعادة تشغيل مقاعد البدلاء.,
No Results,لا يوجد نتائج,
No Results found,لم يتم العثور على نتائج,
No Roles Specified,لم يتم تحديد الأدوار,
No Select Field Found,لم يتم العثور على حقل محدد,
No Suggestions,لا اقتراحات,
No Tags,لا علامات,
No Upcoming Events,لا توجد أحداث قادمة,
No address added yet.,لم تتم إضافة أي عنوان بعد.,
No alerts for today,لا تنبيهات لهذا اليوم,
No automatic optimization suggestions available.,لا توجد اقتراحات للتحسين التلقائي متاحة.,
No changes in document,لا توجد تغييرات في المستند,
No changes made,لم يتم إجراء أي تغييرات,
No changes made because old and new name are the same.,لم يتم إجراء أي تغييرات لأن الاسم القديم والاسم الجديد متماثلان.,
No changes to sync,لا توجد تغييرات للمزامنة,
No changes to update,لا توجد تغييرات للتحديث,
No comments yet.,لا تعليقات بعد.,
No contacts added yet.,لم تتم إضافة أي جهات اتصال حتى الآن.,
No contacts linked to document,لا جهات اتصال مرتبطة بالمستند,
No currency fields in {0},لا توجد حقول عملة في {0},
No data to export,لا توجد بيانات للتصدير,
No default Address Template found. Please create a new one from Setup > Printing and Branding > Address Template.,لم يتم العثور على قالب عنوان افتراضي. يرجى إنشاء واحدة جديدة من الإعداد&gt; الطباعة والعلامة التجارية&gt; قالب العنوان.,
No documents found tagged with {0},لم يتم العثور على مستندات ذات علامة {0},
No email account associated with the User. Please add an account under User > Email Inbox.,لا يوجد حساب بريد إلكتروني مرتبط بالمستخدم. الرجاء إضافة حساب ضمن المستخدم&gt; البريد الوارد للبريد الإلكتروني.,
No email addresses to invite,لا توجد عناوين بريد إلكتروني لدعوتها,
No failed logs,لا توجد سجلات فاشلة,
"No fields found that can be used as a Kanban Column. Use the Customize Form to add a Custom Field of type ""Select"".","لم يتم العثور على حقول يمكن استخدامها كعمود كانبان. استخدم نموذج التخصيص لإضافة حقل مخصص من النوع ""تحديد"".",
No file attached,أي ملف مرفق,
No filters found,لم يتم العثور على مرشحات,
No filters selected,لم يتم تحديد أي مرشحات,
No further records,لا توجد سجلات أخرى,
No matching records. Search something new,أية سجلات مطابقة. بحث شيئا جديدا,
No more items to display,لا مزيد من العناصر لعرضها,
"No need for symbols, digits, or uppercase letters.",لا حاجة لرموز أو أرقام أو أحرف كبيرة.,
No new Google Contacts synced.,لم تتم مزامنة جهات اتصال Google الجديدة.,
No of Columns,عدد الأعمدة,
No of Requested SMS,عدد الرسائل القصيرة المطلوبة,
No of Rows (Max 500),عدد الصفوف (بحد أقصى 500),
No of Sent SMS,عدد الرسائل القصيرة المرسلة,
No permission for {0},لا يوجد صلاحية لـ {0}<br>No permission for {0},
No permission to '{0}' {1},لا يوجد إذن لـ '{0}' {1},
No permission to read {0},ليس هناك إذن لقراءة {0},
No permission to {0} {1} {2},لا يوجد تصريح إلى {0} {1} {2},
No records deleted,لا توجد سجلات محذوفة,
No records present in {0},لا توجد سجلات في {0},
No records tagged.,لم يتم وضع علامة على أي سجلات.,
No records will be exported,لن يتم تصدير سجلات,
No rows,لا توجد صفوف,
No rows selected,لم يتم تحديد أي صفوف,
No subject,لا يوجد موضوع,
No template found at path: {0},لم يتم العثور على نموذج في المسار: {0},
No user has the role <strong>{0}</strong>,لا يوجد مستخدم لديه الدور <strong>{0}</strong>,
No values to show,لا توجد قيم لإظهارها,
No {0},لا {0},
No {0} found,لم يتم العثور على {0}.,
No {0} found with matching filters. Clear filters to see all {0}.,لم يتم العثور على {0} مع عوامل التصفية المطابقة. امسح عوامل التصفية لرؤية كل {0}.,
No {0} mail,لا {0} الإلكتروني,
No.,لا.,Title of the 'row number' column
Nomatim,نوماتيم,
Non Negative,غير سلبي,
Non-Conforming,غير مطابق,
None,لا شيء,
None: End of Workflow,لا شيء: نهاية سير العمل,
Normalized Copies,نسخ طبيعية,
Normalized Query,استعلام عادي,
Not Allowed,غير مسموح,
Not Allowed: Disabled User,غير مسموح به: مستخدم معطل,
Not Ancestors Of,ليس الأجداد من,
Not Descendants Of,ليس من أحفاد,
Not Equals,لا تساوي,
Not Found,لم يتم العثور على,
Not Helpful,غير مفيد,
Not In,ليس في,
Not Like,لا تعجبني,
Not Linked to any record,غير مرتبط بأي سجل,
Not Nullable,غير قابلة للإلغاء,
Not Permitted,غير مسموح,
Not Permitted to read {0},غير مسموح له بقراءة {0},
Not Published,لم تنشر,
Not Saved,لم يتم الحفظ,
Not Seen,لا أرى,
Not Sent,لا ترسل,
Not Set,غير محدد,Field value is not set
Not a valid Comma Separated Value (CSV File),ليس صالحا القيمة المفصولة بفواصل ( CSV ملف),
Not a valid User Image.,ليست صورة مستخدم صالحة.,
Not a valid Workflow Action,ليس إجراء سير عمل صالح,
Not a valid user,ليس مستخدمًا صالحًا,
Not active,غير نشط,
Not allowed for {0}: {1},غير مسموح لـ {0}: {1},
"Not allowed to attach {0} document, please enable Allow Print For {0} in Print Settings",غير مسموح بإرفاق مستند {0} ، يرجى تمكين السماح بالطباعة لـ {0} في إعدادات الطباعة,
Not allowed to create custom Virtual DocType.,غير مسموح بإنشاء Virtual DocType مخصص.,
Not allowed to print cancelled documents,لا يسمح لطباعة الوثائق الملغاة,
Not allowed to print draft documents,لا يسمح لطباعة مسودات الوثائق,
Not allowed via controller permission check,غير مسموح به عبر التحقق من إذن وحدة التحكم,
Not found,لم يتم العثور على,
Not in Developer Mode,ليس في وضع مطور البرامج,
Not in Developer Mode! Set in site_config.json or make 'Custom' DocType.,"ليس في وضع المطور! يقع في site_config.json أو جعل DOCTYPE ""مخصص"".",
Not permitted,غير مسموح,
Not permitted to view {0},غير مسموح بمشاهدة {0},
Not permitted. {0}.,غير مسموح. {0}.,
Note,ملاحظة,
Note Seen By,ملاحظة يراها,
Note:,ملحوظة:,
Note: Changing the Page Name will break previous URL to this page.,ملاحظة: يؤدي تغيير اسم الصفحة إلى كسر عنوان ورل السابق لهذه الصفحة.,
Note: Etc timezones have their signs reversed.,ملاحظة: المناطق الزمنية الأخرى تكون علاماتها معكوسة.,
"Note: For best results,  images must be of the same size and width must be greater than height.",ملاحظة: للحصول على أفضل النتائج ، يجب أن تكون الصور بنفس الحجم والعرض يجب أن يكون أكبر من الارتفاع.,
Note: Multiple sessions will be allowed in case of mobile device,ملاحظة: سيتم السماح جلسات متعددة في حالة جهاز الموبايل,
Note: This will be shared with user.,ملاحظة: سيتم مشاركة هذا مع المستخدم.,
Note: Your request for account deletion will be fulfilled within {0} hours.,ملاحظة: سيتم تلبية طلبك لحذف الحساب خلال {0} ساعة.,
Notes:,ملاحظات:,
Nothing New,لا شيء جديد,
Nothing left to redo,لم يتبق شيء لإعادة,
Nothing left to undo,لم يتبق شيء للتراجع عنه,
Nothing to show,لا شيء لإظهار,
Nothing to update,لا شيء للتحديث,
Notification,إشعار,
Notification Log,سجل الإخطار,
Notification Recipient,مستلم الإعلام,
Notification Settings,إعدادات الإخطار,
Notification Subscribed Document,وثيقة الاشتراك المكتوبة,
Notification sent to,تم إرسال الإخطار إلى,
Notification: customer {0} has no Mobile number set,إشعار: العميل {0} ليس لديه رقم جوال محدد,
Notification: document {0} has no {1} number set (field: {2}),إشعار: المستند {0} لا يحتوي على مجموعة أرقام {1} (الحقل: {2}),
Notification: user {0} has no Mobile number set,إشعار: المستخدم {0} ليس لديه رقم جوال محدد,
Notifications,إخطارات,
Notifications Disabled,الإخطارات معطلة,
Notifications and bulk mails will be sent from this outgoing server.,سيتم إرسال إخطارات ورسائل السائبة من هذا الخادم المنتهية ولايته.,
Notify Users On Every Login,إعلام المستخدمين على كل تسجيل الدخول,
Notify by Email,الإخطار عن طريق البريد الإلكتروني,
Notify by email,إبلاغ عبر البريد الإلكتروني,
Notify if unreplied,يخطر إذا لا تحوي على ردود,
Notify if unreplied for (in mins),يخطر إذا لا تحوي على ردود ل (في دقيقة),
Notify users with a popup when they log in,إعلام المستخدمين مع منبثقة عندما يقومون بتسجيل الدخول,
Now,الآن,
Number,رقم,
Number Card,بطاقة رقم,
Number Card Link,رابط بطاقة الرقم,
Number Card Name,اسم البطاقة رقم,
Number Cards,عدد البطاقات,
Number Format,تنسيق الأرقام,
Number of Backups,عدد النسخ الاحتياطية,
Number of Groups,عدد المجموعات,
Number of Queries,عدد الاستعلامات,
"Number of attachment fields are more than {}, limit updated to {}.",عدد حقول المرفقات أكبر من {}، وتم تحديث الحد إلى {}.,
Number of backups must be greater than zero.,يجب أن يكون عدد النسخ الاحتياطية أكبر من الصفر.,
Number of columns for a field in a Grid (Total Columns in a grid should be less than 11),عدد الأعمدة للحقل في الشبكة (يجب أن يكون مجموع الأعمدة في شبكة أقل من 11),
Number of columns for a field in a List View or a Grid (Total Columns should be less than 11),عدد الأعمدة للحقل في قائمة عرض أو الشبكة (يجب أن يكون مجموع الأعمدة أقل من 11),
Number of days after which the document Web View link shared on email will be expired,عدد الأيام التي ستنتهي بعدها صلاحية رابط عرض الويب للمستند الذي تمت مشاركته عبر البريد الإلكتروني,
Number of keys,عدد المفاتيح,
Number of onsite backups,عدد النسخ الاحتياطية في الموقع,
OAuth,OAuth,
OAuth Authorization Code,مصادقة رمز التفويض,
OAuth Bearer Token,حامل رمز المصادقة,
OAuth Client,عميل OAuth,
OAuth Client ID,معرف عميل OAuth,
OAuth Client Role,دور عميل OAuth,
OAuth Error,خطأ في OAuth,
OAuth Provider Settings,إعدادات موفرOAuth,
OAuth Scope,نطاق OAuth,
OAuth Settings,إعدادات المصادقة,
"OAuth has been enabled but not authorised. Please use ""Authorise API Access"" button to do the same.","تم تمكين OAuth ولكن لم يتم التصريح به. الرجاء استخدام زر ""تخويل الوصول إلى واجهة برمجة التطبيقات"" للقيام بنفس الشيء.",
OPTIONS,خيارات,
OR,أو,
OTP App,تطبيق كلمة السر الفريدة,
OTP Issuer Name,اسم جهة إصدار OTP,
OTP SMS Template,قالب الرسائل القصيرة OTP,
OTP SMS Template must contain <code>{0}</code> placeholder to insert the OTP.,يجب أن يحتوي قالب الرسائل القصيرة لمرة واحدة (OTP) على العنصر النائب <code>{0}</code> لإدراج كلمة المرور لمرة واحدة (OTP).,
OTP Secret Reset - {0},إعادة تعيين سر OTP - {0},
OTP Secret has been reset. Re-registration will be required on next login.,تمت إعادة تعيين سر مكتب المدعي العام. سوف تكون هناك حاجة لإعادة التسجيل على تسجيل الدخول المقبل.,
OTP placeholder should be defined as <code>{{ otp }}</code> ,يجب تعريف العنصر النائب لـ OTP على أنه <code>{{ otp }}</code>,
OTP setup using OTP App was not completed. Please contact Administrator.,لم يكتمل إعداد OTP باستخدام تطبيق OTP. يرجى الاتصال بالمسؤول.,
Occurrences,الحوادث,
Off,إيقاف,
Office,مكتب,
Office 365,مكتب 365,
Official Documentation,التوثيق الرسمي,
Offset X,الإزاحة X,
Offset Y,إزاحة Y,
Offset must be a non-negative integer,يجب أن تكون الإزاحة عددًا صحيحًا غير سالب,
Old Password,كلمة المرور القديمة,
Old and new fieldnames are same.,أسماء الحقول القديمة والجديدة هي نفسها.,
Older backups will be automatically deleted,سيتم حذف النسخ الاحتياطية القديمة تلقائيا,
Oldest Unscheduled Job,أقدم وظيفة غير مجدولة,
On Hold,في الانتظار,
On Payment Authorization,بشأن إذن الدفع,
On Payment Charge Processed,عند معالجة رسوم الدفع,
On Payment Failed,عند فشل الدفع,
On Payment Mandate Acquisition Processed,تمت معالجة عملية الحصول على تفويض الدفع,
On Payment Mandate Charge Processed,تمت معالجة رسوم تفويض الدفع,
On Payment Paid,على الدفع المدفوع,
"On checking this option, URL will be treated like a jinja template string",عند تحديد هذا الخيار، سيتم التعامل مع عنوان URL كسلسلة قالب جينجا,
On or After,في أو بعد,
On or Before,في أو قبل,
"On {0}, {1} wrote:",في {0}، كتب {1}:,
Onboard,على متن الطائرة,
Onboarding Name,اسم الصعود,
Onboarding Permission,إذن على متن الطائرة,
Onboarding Status,حالة الإعداد,
Onboarding Step,خطوة Onboarding,
Onboarding Step Map,خريطة خطوة Onboarding,
Onboarding complete,اكتمل الإعداد,
"Once submitted, submittable documents cannot be changed. They can only be Cancelled and Amended.",بمجرد إرسالها ، لا يمكن تغيير المستندات المقدمة. يمكن إلغاؤها وتعديلها فقط.,
"Once you have set this, the users will only be able access documents (eg. Blog Post) where the link exists (eg. Blogger).",بمجرد تعيين هذا، لن يتمكن المستخدمون من الوصول إلا إلى المستندات (على سبيل المثال، منشور المدونة) حيث يوجد الرابط (على سبيل المثال، Blogger).,
One Last Step,خطوة أخيرة واحدة,
One Time Password (OTP) Registration Code from {},كلمة المرور لمرة واحدة (OTP) رمز التسجيل من {},
One of,واحد من,
Only 200 inserts allowed in one request,فقط 200 إدراج سمحت في طلب واحد,
Only Administrator can delete Email Queue,يمكن فقط للمسؤول حذف قائمة انتظار البريد الإلكتروني,
Only Administrator can edit,مدير النظام فقط يمكنه التحرير,
Only Administrator can save a standard report. Please rename and save.,مسؤول فقط يمكن حفظ تقرير القياسية. الرجاء إعادة تسمية وحفظ.,
Only Administrator is allowed to use Recorder,يسمح فقط للمسؤول باستخدام Recorder,
Only Allow Edit For,السماح بالتحرير فقط لـ,
Only Options allowed for Data field are:,الخيارات المسموح بها لحقل البيانات فقط هي:,
Only Send Records Updated in Last X Hours,فقط إرسال السجلات التي تم تحديثها في آخر X ساعات,
Only System Managers can make this file public.,يمكن لمديري النظام فقط جعل هذا الملف عامًا.,
Only Workspace Manager can edit public workspaces,يمكن لـ Workspace Manager فقط تحرير مساحات العمل العامة,
Only allow System Managers to upload public files,السماح لمديري النظام فقط برفع الملفات العامة,
Only allowed to export customizations in developer mode,يُسمح فقط بتصدير التخصيصات في وضع المطور,
Only draft documents can be discarded,يمكن تجاهل مسودات المستندات فقط,
Only for,فقط ل,
Only mandatory fields are necessary for new records. You can delete non-mandatory columns if you wish.,ضرورية لسجلات جديدة الحقول الإلزامية فقط. يمكنك حذف الأعمدة غير الإلزامية إذا كنت ترغب في ذلك.,
Only one {0} can be set as primary.,يمكن تعيين {0} واحد فقط على أنه أساسي.,
Only reports of type Report Builder can be deleted,يمكن حذف التقارير من النوع Report Builder فقط,
Only reports of type Report Builder can be edited,يمكن تحرير التقارير من النوع Report Builder فقط,
Only standard DocTypes are allowed to be customized from Customize Form.,يُسمح بتخصيص أنواع DocTypes القياسية فقط من تخصيص النموذج.,
Only the Administrator can delete a standard DocType.,يمكن للمسؤول فقط حذف DocType القياسي.,
Only the assignee can complete this to-do.,يمكن للمكلف فقط إكمال هذه المهمة.,
Only {0} emailed reports are allowed per user.,يُسمح فقط بـ {0} من التقارير المرسلة عبر البريد الإلكتروني لكل مستخدم.,
Oops! Something went wrong.,عفوًا! حدث خطأ ما.,
Open,مفتوح,
Open Awesomebar,افتح شريط ممتاز,
Open Communication,فتح الاتصالات,
Open Document,افتح المستند,
Open Documents,المستندات المفتوحة,
Open Help,افتح المساعدة,
Open Link,افتح الرابط,
Open Reference Document,افتح مستند مرجعي,
Open Settings,أفتح الإعدادات,
Open Source Applications for the Web,تطبيقات مفتوحة المصدر للويب,
Open Translation,الترجمة المفتوحة,
Open URL in a New Tab,افتح URL في علامة تبويب جديدة,
Open a dialog with mandatory fields to create a new record quickly. There must be at least one mandatory field to show in dialog.,افتح مربع حوار يحتوي على حقول إلزامية لإنشاء سجل جديد بسرعة. يجب أن يكون هناك حقل إلزامي واحد على الأقل لإظهاره في مربع الحوار.,
Open a module or tool,فتح وحدة نمطية أو أداة,
Open console,فتح وحدة التحكم,
Open in a new tab,افتح في علامة تبويب جديدة,
Open in new tab,افتح في علامة تبويب جديدة,
Open list item,فتح عنصر القائمة,Description of a list view shortcut
Open reference document,فتح الوثيقة المرجعية,
Open your authentication app on your mobile phone.,افتح تطبيق المصادقة على هاتفك الجوال.,
Open {0},مفتوحة {0},
OpenID Configuration,تكوين OpenID,
OpenID Configuration fetched successfully!,تم جلب تكوين OpenID بنجاح!,
OpenLDAP,OpenLDAP,
Opened,افتتح,
Operation,العملية,
Operator must be one of {0},يجب أن يكون المشغل واحدا من {0},
Operator {0} requires exactly 2 arguments (left and right operands),يتطلب عامل التشغيل {0} وسيطتين بالضبط (معاملا اليسار واليمين),
Optimize,تحسين,
Optimizing image...,جارٍ تحسين الصورة...,
Option 1,الخيار 1,
Option 2,الخيار 2,
Option 3,الخيار 3,
Option {0} for field {1} is not a child table,الخيار {0} للحقل {1} ليس جدولًا فرعيًا,
Optional: Always send to these ids. Each Email Address on a new row,اختياري: إرسال دوما إلى هذه المعرفات. كل عنوان البريد الإلكتروني على صف جديد,
Optional: The alert will be sent if this expression is true,اختياري: سيتم إرسال التنبية إذا كان هذا التعبير صحيح,
Options,خيارات,
Options 'Dynamic Link' type of field must point to another Link Field with options as 'DocType',"'الارتباط الحيوي ""نوع من الخيارات الميدانية يجب أن يشير إلى رابط حقل آخر مع خيارات باسم' DOCTYPE '",
Options Help,خيارات مساعدة,
Options for Rating field can range from 3 to 10,يمكن أن تتراوح خيارات حقل التقييم من 3 إلى 10,
Options for select. Each option on a new line.,خيارات للاختيار. كل خيار على سطر جديد.,
Options for {0} must be set before setting the default value.,يجب تعيين خيارات {0} قبل تعيين القيمة الافتراضية.,
Options is required for field {0} of type {1},الخيارات مطلوبة للحقل {0} من النوع {1},
Options not set for link field {0},خيارات لم يتم تعيين لحقل الرابط {0},
Orange,برتقالي,
Order,طلب,
Order By must be a string,Order By يجب أن يكون سلسلة,
Org History,تاريخ المنظمة,
Org History Heading,عنوان تاريخ المنظمة,
Orientation,توجيه,
Original,أصلي,
Original Value,القيمة الأصلية,
Other,آخر,
Outgoing,المنتهية ولايته,
Outgoing (SMTP) Settings,إعدادات الصادر (SMTP).,
Outgoing Emails (Last 7 days),رسائل البريد الإلكتروني الصادرة (آخر 7 أيام),
Outgoing Server,الخادم الصادر,
Outgoing Settings,إعدادات الصادرة,
Outgoing email account not correct,البريد الالكتروني الصادر غير صحيح<br>Outgoing email account not correct,
Outlook.com,Outlook.com,
Output,الناتج,
Overview,نظرة عامة,
PATCH,التصحيح,
PDF,قوات الدفاع الشعبي,
PDF Generation in Progress,إنشاء PDF قيد التقدم,
PDF Generator,مولد قوات الدفاع الشعبي,
PDF Page Height (in mm),ارتفاع صفحة PDF (مم),
PDF Page Size,حجم صفحة صيغة PDF,
PDF Page Width (in mm),عرض صفحة PDF (مم),
PDF Settings,إعدادات PDF,
PDF generation failed,فشل توليد قوات الدفاع الشعبي,
PDF generation failed because of broken image links,فشل الجيل PDF بسبب الروابط صورة مكسورة,
PDF generation may not work as expected.,قد لا يعمل إنشاء PDF كما هو متوقع.,
"PDF printing via ""Raw Print"" is not supported.","طباعة PDF عبر ""Raw Print"" غير مدعومة.",
PID,معرف المنتج,
POP3 OAuth authentication failed for Email Account {0},فشلت مصادقة POP3 OAuth لحساب البريد الإلكتروني {0},
POST,بريد,
PUT,وضع,
Package,الحزمة,
Package Import,استيراد الحزمة,
Package Name,اسم الحزمة,
Package Release,إصدار الحزمة,
Page,الصفحة,
Page Break,فاصل الصفحة,
Page Builder,منشئ الصفحة,
Page Building Blocks,كتل إنشاء الصفحة,
Page HTML,صفحة HTML,
Page Height (in mm),ارتفاع الصفحة (مم),
Page Margins,هوامش الصفحة,
Page Name,اسم الصفحة,
Page Number,رقم الصفحة,
Page Route,طريق الصفحة,
Page Settings,إعدادات الصفحة,
Page Shortcuts,اختصارات الصفحة,
Page Size,حجم الصفحة,
Page Title,عنوان الصفحة,
Page Width (in mm),عرض الصفحة (مم),
Page has expired!,انتهت صلاحية الصفحة!,
Page height and width cannot be zero,لا يمكن أن يكون ارتفاع الصفحة وعرضها صفرًا,
Page not found,لم يتم العثور على الصفحة,
"Page to show on the website
",الصفحة التي سيتم عرضها على الموقع,
Page {0} of {1},الصفحة {0} من {1},
Parameter,المعلمة,
Parent,رقم الاب,
Parent DocType,نوع المستند الأصلي,
Parent Document Type,نوع الوثيقة الأصلية,
Parent Document Type is required to create a number card,نوع المستند الأصلي مطلوب لإنشاء بطاقة أرقام,
Parent Element Selector,محدد العنصر الأصلي,
Parent Field,حقل الوالدين,
Parent Field (Tree),حقل الأصل (شجرة),
Parent Field must be a valid fieldname,يجب أن يكون حقل الأصل اسمًا صالحًا للحقل,
Parent Icon,أيقونة الوالدين,
Parent Label,الإسم الأصل,
Parent Missing,الوالد مفقود,
Parent Page,الصفحة الأم,
Parent Table,الجدول الرئيسي,
Parent document type is required to create a dashboard chart,نوع المستند الأصلي مطلوب لإنشاء مخطط لوحة المعلومات,
Parent is the name of the document to which the data will get added to.,الأصل هو اسم المستند الذي ستتم إضافة البيانات إليه.,
Parent-to-child or child-to-different-child grouping is not allowed.,لا يُسمح بالتجميع من الوالدين إلى الطفل أو من طفل إلى طفل مختلف.,
Parentfield not specified in {0}: {1},الحقل الأصلي غير محدد في {0}: {1},
"Parenttype, Parent and Parentfield are required to insert a child record",مطلوب Parenttype وParent وParentfield لإدراج سجل فرعي,
Partial,جزئي,
Partial Success,النجاح الجزئي,
Partially Sent,تم الإرسال جزئيًا,
Participants,المشاركين,
Pass,تمرير,
Passive,غير فعال,
Password,كلمة السر,
Password Email Sent,تم إرسال البريد الإلكتروني كلمة المرور,
Password Reset,إعادة تعيين كلمة المرور,
Password Reset Link Generation Limit,حد إنشاء رابط إعادة تعيين كلمة المرور,
Password cannot be filtered,لا يمكن تصفية كلمة المرور,
Password changed successfully.,تم تغيير الرقم السري بنجاح.,
Password for Base DN,كلمة السر لقاعدة DN,
Password is required or select Awaiting Password,كلمة المرور مطلوبة أو اختر كلمة المرور,
Password is valid. 👍,كلمة المرور صالحة. 👍,
Password missing in Email Account,كلمة المرور مفقودة في حساب البريد الإلكتروني,
Password not found for {0} {1} {2},لم يتم العثور على كلمة المرور لـ {0} {1} {2},
Password requirements not met,لم يتم استيفاء متطلبات كلمة المرور,
Password reset instructions have been sent to {}'s email,تم إرسال تعليمات إعادة تعيين كلمة المرور إلى البريد الإلكتروني الخاص بـ {}.,
Password set,تم تعيين كلمة المرور,
Password size exceeded the maximum allowed size,تجاوز حجم كلمة المرور الحد الأقصى المسموح به,
Password size exceeded the maximum allowed size.,تجاوز حجم كلمة المرور الحد الأقصى المسموح به.,
Passwords do not match,كلمات المرور غير متطابقة,
Passwords do not match!,كلمة المرور غير مطابقة!,
Paste,لصق,
Patch,بقعة,
Patch Log,سجل التصحيح,
Patch type {} not found in patches.txt,لم يتم العثور على نوع التصحيح {} في ملف patch.txt,
Path,مسار,
Path to CA Certs File,الطريق إلى CA Certs ملف,
Path to Server Certificate,المسار إلى شهادة الخادم,
Path to private Key File,الطريق إلى ملف مفتاح خاص,
Path {0} is not within module {1},المسار {0} ليس ضمن الوحدة النمطية {1},
Path {0} it not a valid path,المسار {0} ليس مسارًا صالحًا,
Payload Count,عدد الحمولة,
Peak Memory Usage,ذروة استخدام الذاكرة,
Pending,في انتظار,
Pending Approval,ما زال يحتاج بتصدير,
Pending Emails,رسائل البريد الإلكتروني المعلقة,
Pending Jobs,الوظائف المعلقة,
Pending Verification,في انتظار التحقق,
Percent,نسبة مئوية,
Percentage,النسبة المئوية,
Period,الفترة,
Perm Level,مستوى الصلاحيات,
Permanent,دائم,
Permanently Cancel {0}?,الغاء دائم {0} ؟,
Permanently Discard {0}?,هل تريد تجاهل {0} نهائيًا؟,
Permanently Submit {0}?,إرسال دائم {0} ؟,
Permanently delete {0}?,حذف بشكل دائم {0} ؟,
Permission,إذن,
Permission Error,خطأ في الإذن,
Permission Inspector,مفتش الإذن,
Permission Level,مستوى الصلاحيات,
Permission Levels,مستويات الأذونات,
Permission Log,سجل الأذونات,
Permission Query,استعلام إذن,
Permission Rules,إذن قوانين,
Permission Type,نوع الإذن,
Permission Type '{0}' is reserved. Please choose another name.,نوع الإذن '{0}' محجوز. الرجاء اختيار اسم آخر.,
Permissions,الصلاحيات,
Permissions Error,خطأ في الأذونات,
Permissions are automatically applied to Standard Reports and searches.,يتم تطبيق الأذونات تلقائيًا على التقارير القياسية وعمليات البحث.,
"Permissions are set on Roles and Document Types (called DocTypes) by setting rights like Read, Write, Create, Delete, Submit, Cancel, Amend, Report, Import, Export, Print, Email and Set User Permissions.",يتم تعيين الأذونات على الأدوار وأنواع المستندات (تسمى DocTypes) عن طريق تعيين حقوق مثل القراءة والكتابة والإنشاء والحذف والإرسال والإلغاء والتعديل والإبلاغ والاستيراد والتصدير والطباعة والبريد الإلكتروني وتعيين أذونات المستخدم.,
Permissions at higher levels are Field Level permissions. All Fields have a Permission Level set against them and the rules defined at that permissions apply to the field. This is useful in case you want to hide or make certain field read-only for certain Roles.,الأذونات في المستويات الأعلى هي أذونات مستوى الحقل. تحتوي جميع الحقول على مستوى إذن محدد لها، وتنطبق القواعد المحددة في تلك الأذونات على الحقل. يعد هذا مفيدًا في حالة رغبتك في إخفاء حقل معين أو جعله للقراءة فقط لأدوار معينة.,
"Permissions at level 0 are Document Level permissions, i.e. they are primary for access to the document.",الأذونات عند المستوى 0 هي أذونات على مستوى المستند، أي أنها أساسية للوصول إلى المستند.,
Permissions get applied on Users based on what Roles they are assigned.,يتم تطبيق الأذونات على المستخدمين بناءً على الأدوار التي تم تعيينها لهم.,
Permitted Documents For User,المستندات يسمح للمستخدم,
Permitted Roles,الأدوار المسموح بها,
Personal,الشخصية,
Personal Data Deletion Request,طلب حذف البيانات الشخصية,
Personal Data Deletion Step,خطوة حذف البيانات الشخصية,
Personal Data Download Request,طلب تنزيل البيانات الشخصية,
Phone,الهاتف,
Phone No.,رقم الهاتف,
Phone Number {0} set in field {1} is not valid.,رقم الهاتف {0} المحدد في الحقل {1} غير صالح.,
Pick Columns,اختيار الأعمدة,
Pie,فطيرة,
Pincode,رمز Pin,
Pink,وردي,
Placeholder,العنصر النائب,
Places,الأماكن,
Plain Text,نص عادي,
Plant,مصنع,
Please Authorize OAuth for Email Account {0},الرجاء تفويض OAuth لحساب البريد الإلكتروني {0},
Please Authorize OAuth for Email Account {},الرجاء تفويض OAuth لحساب البريد الإلكتروني {},
Please Duplicate this Website Theme to customize.,يرجى تكرار هذا الموقع موضوع لتخصيص.,
Please Install the ldap3 library via pip to use ldap functionality.,الرجاء تثبيت مكتبة ldap3 عبر النقطة لاستخدام وظيفة ldap.,
Please Set Chart,يرجى وضع الرسم البياني,
Please Update SMS Settings,يرجى تحديث إعدادات الرسائل القصيرة,
Please add a subject to your email,الرجاء إضافة موضوع إلى بريدك الإلكتروني,
Please add a valid comment.,الرجاء إضافة تعليق صالح.,
Please ask your administrator to verify your sign-up,الرجاء اطلب من المشرف التأكد من تسجيلك,
Please attach a file first.,يرجى إرفاق ملف الأول.,
Please attach an image file to set HTML for Footer.,الرجاء إرفاق ملف صورة لتعيين HTML للتذييل.,
Please attach an image file to set HTML for Letter Head.,الرجاء إرفاق ملف صورة لتعيين HTML لـ Letter Head.,
Please attach the package,يرجى إرفاق الحزمة,
Please check the filter values set for Dashboard Chart: {},يرجى التحقق من قيم المرشح المحددة لمخطط لوحة المعلومات: {},
"Please check the value of ""Fetch From"" set for field {0}",يرجى التحقق من قيمة مجموعة &quot;الجلب من&quot; للحقل {0},
Please check your email for verification,يرجى التحقق من بريدك الالكتروني للتحقق,
Please check your email login credentials.,يرجى التحقق من بيانات اعتماد تسجيل الدخول بالبريد الإلكتروني الخاص بك.,
Please check your registered email address for instructions on how to proceed. Do not close this window as you will have to return to it.,يرجى التحقق من عنوان بريدك الإلكتروني المسجل للحصول على إرشادات حول كيفية المتابعة. لا تغلق هذه النافذة كما سيكون لديك للعودة إليها.,
Please click Edit on the Workspace for best results,"الرجاء النقر فوق ""تحرير"" في مساحة العمل للحصول على أفضل النتائج",
"Please click on 'Export Errored Rows', fix the errors and import again.","الرجاء النقر فوق ""تصدير الصفوف الخاطئة"" وإصلاح الأخطاء والاستيراد مرة أخرى.",
Please click on the following link and follow the instructions on the page. {0},الرجاء الضغط على الرابط التالي واتباع التعليمات الموجودة في الصفحة. {0},
Please click on the following link to set your new password,الرجاء الضغط على الرابط التالي لتعيين كلمة المرور الجديدة,
Please confirm your action to {0} this document.,يرجى تأكيد الإجراء الخاص بك إلى {0} هذا المستند.,
Please contact your system manager to install correct version.,يرجى الاتصال بمدير النظام الخاص بك لتثبيت الإصدار الصحيح.,
Please create Card first,الرجاء إنشاء البطاقة أولاً,
Please create chart first,يرجى إنشاء الرسم البياني أولا,
Please delete the field from {0} or add the required doctype.,يرجى حذف الحقل من {0} أو إضافة نوع المستند المطلوب.,
Please do not change the template headings.,من فضلك لا تغيير عناوين القالب.,
Please duplicate this to make changes,يرجى تكرار هذه إلى إجراء تغييرات,
Please enable atleast one Social Login Key or LDAP or Login With Email Link before disabling username/password based login.,يرجى تمكين مفتاح تسجيل دخول اجتماعي واحد على الأقل أو LDAP أو تسجيل الدخول باستخدام رابط البريد الإلكتروني قبل تعطيل تسجيل الدخول المعتمد على اسم المستخدم/كلمة المرور.,
Please enable pop-ups,الرجاء تمكين النوافذ المنبثقة,
Please enable pop-ups in your browser,يرجى تمكين النوافذ المنبثقة في متصفحك,
Please enable {} before continuing.,الرجاء تمكين {} قبل المتابعة.,
Please ensure that your profile has an email address,يرجى التأكد من أن التعريف الخاص بك لديه عنوان البريد الإلكتروني,
Please enter Access Token URL,الرجاء إدخال عنوان ورل لرمز الدخول المميز,
Please enter Authorize URL,الرجاء إدخال عنوان ورل للمصادقة,
Please enter Base URL,الرجاء إدخال عنوان ورل الأساسي,
Please enter Client ID before social login is enabled,الرجاء إدخال معرف العميل قبل تمكين تسجيل الدخول الاجتماعي,
Please enter Client Secret before social login is enabled,الرجاء إدخال العميل السري قبل تمكين تسجيل الدخول الاجتماعي,
Please enter OpenID Configuration URL,الرجاء إدخال عنوان URL لتكوين OpenID,
Please enter Redirect URL,الرجاء إدخال عنوان ورل لإعادة التوجيه,
Please enter a valid email address.,الرجاء إدخال عنوان بريد إلكتروني صالح.,
Please enter both your email and message so that we can get back to you. Thanks!,يرجى إدخال بريدك الإلكتروني ورسالتك حتى نتمكن من الرد عليك. شكرًا!,
Please enter the password,الرجاء إدخال كلمة المرور,
Please enter the password for: <b>{0}</b>,الرجاء إدخال كلمة المرور لـ: <b>{0}</b>,Email Account
Please enter valid mobile nos,الرجاء إدخال أرقام جوال صالحة,
Please enter your new password.,الرجاء إدخال كلمة المرور الجديدة.,
Please enter your old password.,الرجاء إدخال كلمة المرور القديمة.,
Please find attached {0}: {1},يرجى الاطلاع على المرفق {0}: {1},
Please login to post a comment.,الرجاء تسجيل الدخول لإضافة تعليق.,
Please make sure the Reference Communication Docs are not circularly linked.,يرجى التأكد من أن وثائق الاتصال المرجعية غير مرتبطة بشكل دائري.,
Please refresh to get the latest document.,يرجى تحديث للحصول على أحدث وثيقة.,
Please remove the printer mapping in Printer Settings and try again.,الرجاء إزالة تعيين الطابعة في إعدادات الطابعة ثم حاول مرة أخرى.,
Please save before attaching.,الرجاء حفظ قبل إرفاق.,
Please save the document before assignment,الرجاء حفظ المستند قبل التعيين,
Please save the document before removing assignment,الرجاء حفظ المستند قبل إزالة المهمة,
Please save the form before previewing the message,الرجاء حفظ النموذج قبل معاينة الرسالة,
Please save the report first,يرجى حفظ التقرير الأول,
Please save to edit the template.,يرجى الحفظ لتعديل القالب.,
Please select DocType first,يرجى تحديد DOCTYPE أولا,
Please select Entity Type first,يرجى اختيار نوع الكيان أولا,
Please select Minimum Password Score,يرجى تحديد الحد الأدنى لسجل كلمة المرور,
Please select X and Y fields,الرجاء تحديد الحقلين X وY,
Please select a DocType in options before setting filters,الرجاء تحديد DocType في الخيارات قبل تعيين عوامل التصفية,
Please select a country code for field {1}.,الرجاء تحديد رمز البلد للحقل {1}.,
Please select a file first.,الرجاء تحديد ملف أولاً.,
Please select a file or url,يرجى تحديد ملف أو URL,
Please select a valid csv file with data,يرجى تحديد ملف CSV ساري المفعول مع البيانات,
Please select a valid date filter,الرجاء تحديد مرشح تاريخ صالح,
Please select applicable Doctypes,يرجى اختيار الأساليب المناسبة,
Please select atleast 1 column from {0} to sort/group,يرجى تحديد عمود واحد على الأقل من {0} إلى التصنيف / المجموعة,
Please select prefix first,الرجاء اختيار البادئة اولا,
Please select the Document Type.,الرجاء تحديد نوع المستند.,
Please select the LDAP Directory being used,الرجاء تحديد دليل LDAP الجاري استخدامه,
Please select {0},الرجاء تحديد {0},
Please set Email Address,يرجى وضع عنوان البريد الإلكتروني,
Please set a printer mapping for this print format in the Printer Settings,يرجى تعيين تعيين طابعة لتنسيق الطباعة هذا في &quot;إعدادات الطابعة&quot;,
Please set filters,الرجاء ضبط المرشحات,
Please set filters value in Report Filter table.,الرجاء تعيين قيمة عوامل التصفية في جدول تصفية التقرير.,
Please set the document name,الرجاء تعيين اسم المستند,
Please set the following documents in this Dashboard as standard first.,يرجى تعيين المستندات التالية في لوحة المعلومات هذه كمعيار أولاً.,
Please set the series to be used.,يرجى ضبط المسلسل ليتم استخدامه.,
"Please setup SMS before setting it as an authentication method, via SMS Settings",يرجى إعداد سمز قبل تعيينه كطريقة المصادقة، عبر إعدادات سمز,
Please setup a message first,يرجى إعداد رسالة أولاً,
Please setup default outgoing Email Account from Settings > Email Account,يرجى إعداد حساب البريد الإلكتروني الصادر الافتراضي من الإعدادات > حساب البريد الإلكتروني,
Please setup default outgoing Email Account from Tools > Email Account,يرجى إعداد حساب البريد الإلكتروني الصادر الافتراضي من الأدوات > حساب البريد الإلكتروني,
Please specify,يرجى التحديد,
Please specify a valid parent DocType for {0},الرجاء تحديد DocType أصلي صالح لـ {0},
Please specify at least 10 minutes due to the trigger cadence of the scheduler,يرجى تحديد 10 دقائق على الأقل بسبب إيقاع تشغيل المجدول,
Please specify the field from which to attach files,يرجى تحديد الحقل الذي سيتم إرفاق الملفات منه,
Please specify the minutes offset,يرجى تحديد تعويض الدقائق,
Please specify which date field must be checked,يرجى تحديد حقل التاريخ الذي يجب التحقق منه,
Please specify which datetime field must be checked,يرجى تحديد حقل التاريخ والوقت الذي يجب التحقق منه,
Please specify which value field must be checked,يرجى تحديد حقل القيمة الذي يجب التحقق منه,
Please try again,حاول مرة اخرى,
Please update {} before continuing.,الرجاء تحديث {} قبل المتابعة.,
Please use a valid LDAP search filter,الرجاء استخدام مرشح بحث LDAP صالح,
Please use following links to download file backup.,الرجاء استخدام الروابط التالية لتنزيل النسخة الاحتياطية للملفات.,
Please visit https://frappecloud.com/docs/sites/migrate-an-existing-site#encryption-key for more information.,يرجى زيارة https://frappecloud.com/docs/sites/migrate-an-existing-site#encryption-key لمزيد من المعلومات.,
Policy URI,عنوان URL للسياسة,
Polling,الاقتراع,
Popover Element,العنصر المنبثق,
Popover or Modal Description,Popover أو وصف مشروط,
Port,المنفذ,
Portal,البوابة,
Portal Menu,البوابة القائمة,
Portal Menu Item,بوابة عنصر القائمة,
Portal Settings,إعدادات البوابة,
Portrait,صورة,
Position,موضع,
Post,بعد,
"Post it here, our mentors will help you out.",انشرها هنا، وسيقوم مرشدونا بمساعدتك.,
Postal,بريدي,
Postal Code,الرمز البريدي,
Posting Timestamp,نشر الطابع الزمني,
Precision,دقة,
Precision ({0}) for {1} cannot be greater than its length ({2}).,لا يمكن أن تكون الدقة ({0}) لـ {1} أكبر من طولها ({2}).,
Precision should be between 1 and 6,وينبغي أن تكون الدقة بين 1 و 6,
Predictable substitutions like '@' instead of 'a' don't help very much.,بدائل يمكن التنبؤ بها مثل &#39;@&#39; بدلا من &#39;&#39; لا يساعد كثيرا جدا.,
Prefer not to say,يفضل عدم القول,
Preferred Billing Address,عنوان الفواتير المفضل,
Preferred Shipping Address,عنوان النقل البحري المفضل,
Prefix,بادئة,
Prepared Report,أعد التقرير,
Prepared Report Analytics,تحليلات التقارير المعدة,
Prepared Report User,إعداد تقرير المستخدم,
Prepared report render failed,فشل تقديم التقرير المجهز,
Preparing Report,إعداد التقرير,
Prepend the template to the email message,قم بإرفاق القالب برسالة البريد الإلكتروني,
Press Alt Key to trigger additional shortcuts in Menu and Sidebar,اضغط على مفتاح Alt لتشغيل اختصارات إضافية في القائمة والشريط الجانبي,
Press Enter to save,اضغط على إنتر للحفظ,
Preview,معاينة,
Preview HTML,معاينة HTML,
Preview Message,عرض الرسالة,
Preview Mode,وضع المعاينة,
Preview of generated names,معاينة الأسماء التي تم إنشاؤها,
Preview on {0},المعاينة في {0},
Preview type,نوع المعاينة,
Preview:,معاينة:,
Previous,سابق,
Previous Document,الوثيقة السابقة,
Previous Submission,التقديم السابق,
Primary,أساسي,
Primary Address,عنوان أساسي,
Primary Color,لون أصلي,
Primary Contact,جهة الاتصال الأساسية,
Primary Email,البريد الإلكتروني الأساسي,
Primary Mobile,الجوال الأساسي,
Primary Phone,الهاتف الأساسي,
Primary key of doctype {0} can not be changed as there are existing values.,لا يمكن تغيير المفتاح الأساسي لنوع المستند {0} نظرًا لوجود قيم موجودة.,
Print,طباعة,
Print Documents,طباعة الوثائق,
Print Format,تنسيق الطباعة,
Print Format Builder,منشئ تنسيق الطباعة,
Print Format Builder Beta,طباعة الإصدار التجريبي من منشئ التنسيق,
Print Format Error,خطأ في تنسيق الطباعة,
Print Format Field Template,طباعة قالب حقل التنسيق,
Print Format For,تنسيق الطباعة ل,
Print Format Help,تنسيق الطباعة مساعدة,
Print Format Type,نوع تنسيق الطباعة,
Print Format not found,لم يتم العثور على تنسيق الطباعة,
Print Format {0} is disabled,تم تعطيل تنسيق الطباعة {0},
Print Heading,عنوان الطباعة,
Print Hide,اخفاء الطباعة,
Print Hide If No Value,طباعة إخفاء إذا لا قيمة,
Print Language,لغة الطباعة,
Print Sent to the printer!,طباعة المرسلة إلى الطابعة!,
Print Server,ملقم الطباعة,
Print Settings,إعدادات الطباعة,
Print Style,نمط الطباعة,
Print Style Name,اسم نمط الطباعة,
Print Style Preview,معاينة قبل الطباعة ستايل,
Print Width,طباعة العرض,
"Print Width of the field, if the field is a column in a table",حقل عرض الطباعة، إذا كان الحقل عمود في الجدول,
Print document,طباعة الوثيقة,
Print with letterhead,طباعة مع ترويسة,
Printer,طابعة,
Printer Mapping,تعيين الطابعة,
Printer Name,اسم الطابعة,
Printer Settings,إعدادات الطابعة,
Printer mapping not set.,لم يتم تعيين تعيين الطابعة.,
Printing,الطباعة,
Printing failed,فشلت الطباعة,
Priority,الأولوية,
Private,خاص,
Private Files (MB),الملفات الخاصة (ميجابايت),
Private Files Backup:,النسخ الاحتياطي للملفات الخاصة:,
ProTip: Add <code>Reference: {{ reference_doctype }} {{ reference_name }}</code> to send document reference,ProTip: إضافة <code>Reference: {{ reference_doctype }} {{ reference_name }}</code> لإرسال وثيقة مرجعية,
Proceed,تابع,
Proceed Anyway,المتابعة على أية حال,
Processing,معالجة,
Processing...,معالجة...,
Prof,البروفيسور,
Progress,التقدم,
Project,مشروع,
Property,الملكية,
Property Depends On,الملكية تعتمد على,
Property Setter,ضابط الخصائص,
Property Setter overrides a standard DocType or Field property,يتجاوز محدد الخصائص خاصية DocType أو Field القياسية,
Property Type,نوع الملكية,
Protect Attached Files,حماية الملفات المرفقة,
Protected File,ملف محمي,
"Provide a list of allowed file extensions for file uploads. Each line should contain one allowed file type. If unset, all file extensions are allowed. Example: <br>CSV<br>JPG<br>PNG",قم بتوفير قائمة بامتدادات الملفات المسموح بها لتحميل الملفات. يجب أن يحتوي كل سطر على نوع ملف واحد مسموح به. إذا لم يتم تعيينه، فسيتم السماح بجميع امتدادات الملفات. مثال: <br>CSV<br>JPG<br>PNG,
Provider,المزود,
Provider Name,اسم المزود,
Public,جمهور,
Public Files (MB),الملفات العامة (ميجابايت),
Public Files Backup:,النسخ الاحتياطي للملفات العامة:,
Publish,نشر,
Published,نشرت,
Publishing Dates,مواعيد النشر,
Pull Emails,سحب رسائل البريد الإلكتروني,
Pull from Google Calendar,سحب من تقويم جوجل,
Pull from Google Contacts,سحب من اتصالات جوجل,
Pulled from Google Calendar,تم سحبها من تقويم Google,
Pulled from Google Contacts,سحبت من اتصالات جوجل,
Pulling emails...,جارٍ سحب رسائل البريد الإلكتروني...,
Purchase Manager,مدير المشتريات,
Purchase Master Manager,مدير الشراء الرئيسي,
Purchase User,مستخدم الشراء,
Purple,أرجواني,
Push Notification Settings,إعدادات الإشعارات,
Push to Google Calendar,اضغط على تقويم Google,
Push to Google Contacts,اضغط على جهات اتصال Google,
Put on Hold,ضع في الانتظار,
Python,بايثون,
QR Code,رمز الاستجابة السريعة,
QR Code for Login Verification,رمز الاستجابة السريعة لتسجيل الدخول,
QZ Tray Connection Active!,اتصال علبة QZ نشط!,
QZ Tray Failed:,فشل علبة QZ:,
Quarter Day,يوم الربع,
Quarterly,ربع سنوية,
Query,سؤال,
Query / Script,استعلام / برنامج نصي,
Query Options,خيارات الاستعلام,
Query Parameters,معلمات الاستعلام,
Query Report,الاستعلام عن,
Query analysis complete. Check suggested indexes.,اكتمل تحليل الاستعلام. تحقق من الفهارس المقترحة.,
Query must be of SELECT or read-only WITH type.,يجب أن يكون الاستعلام من نوع SELECT أو للقراءة فقط مع النوع.,
Queue,قائمة الانتظار,
Queue Overloaded,قائمة الانتظار مثقلة,
Queue Status,حالة قائمة الانتظار,
Queue Type(s),نوع (أنواع) قائمة الانتظار,
Queue in Background (BETA),قائمة الانتظار في الخلفية (تجريبي),
Queue should be one of {0},يجب أن تكون قائمة الانتظار واحدة من {0},
Queue(s),قائمة الانتظار (قوائم),
Queued,قائمة الانتظار,
Queued At,في قائمة الانتظار عند,
Queued By,في قائمة الانتظار بواسطة,
Queued for Submission. You can track the progress over {0}.,في قائمة الانتظار للتقديم. يمكنك تتبع التقدم خلال {0}.,
Queued for backup. You will receive an email with the download link,قائمة الانتظار للنسخ الاحتياطي. سوف تتلقى رسالة بريد إلكتروني مع رابط التحميل,
Queues,قوائم الانتظار,
Queuing {0} for Submission,انتظار {0} للإرسال,
Quick Entry,دخول سريع,
Quick Help for Setting Permissions,مساعدة سريعة لتحديد الأذونات,
Quick List Filter,تصفية القائمة السريعة,
Quick Lists,قوائم سريعة,
Quoting must be between 0 and 3,يجب أن يكون الاقتباس بين 0 و 3,
RAW Information Log,سجل معلومات RAW,
RQ Job,وظيفة آر كيو,
RQ Worker,عامل آر كيو,
Random,عشوائي,
Range,النطاق,
Rate Limiting,الحد من المعدل,
Rate limit for email link login,الحد الأقصى لسعر تسجيل الدخول إلى رابط البريد الإلكتروني,
Rating,التقييم,
Raw Commands,أوامر الخام,
Raw Email,البريد الإلكتروني الخام,
Raw HTML can be used only with Email Templates having 'Use HTML' checked. Proceeding with plain text email.,"لا يمكن استخدام HTML الخام إلا مع تحديد ""استخدام HTML"" في قوالب البريد الإلكتروني. المضي قدما مع البريد الإلكتروني النص العادي.",
"Raw HTML emails are rendered as complete Jinja templates. Otherwise, emails are wrapped in the standard.html email template, which inserts brand_logo, header and footer.",يتم تقديم رسائل البريد الإلكتروني بتنسيق HTML الخام كقوالب Jinja كاملة. بخلاف ذلك، يتم تغليف رسائل البريد الإلكتروني في قالب البريد الإلكتروني Standard.html، الذي يُدرج شعار العلامة التجارية والرأس والتذييل.,
Raw Printing,الطباعة الخام,
Raw Printing Setting,إعداد الطباعة الخام,
Raw Printing Settings,إعدادات الطباعة الأولية,
Re-Run in Console,إعادة التشغيل في وحدة التحكم,
Re:,إعادة:,
Re: {0},رد: {0},
Read,قرأ,
Read Only,للقراءة فقط,
Read Only Depends On,قراءة يعتمد فقط على,
Read Only Depends On (JS),القراءة تعتمد فقط على (JS),
Read Only Mode,وضع القراءة فقط,
Read by Recipient,قراءة من قبل المتلقي,
Read by Recipient On,قراءة من قبل المتلقي,
Read mode,وضع القراءة,
Read the documentation to know more,اقرأ الوثائق لمعرفة المزيد,
Readme,الملف التمهيدي,
Realtime (SocketIO),الوقت الحقيقي (SocketIO),
Reason,السبب,
Rebuild,إعادة بناء,
Rebuild Tree,إعادة بناء الشجرة,
Rebuilding of tree is not supported for {},إعادة بناء الشجرة غير مدعومة لـ {},
Received,تم الاستلام,
Received an invalid token type.,تم استلام نوع رمز مميز غير صالح.,
Receiver By Document Field,المتلقي حسب حقل المستند,
Receiver By Role,المتلقي حسب الدور,
Receiver Parameter,معامل المستقبل,
Recent years are easy to guess.,السنوات الأخيرة من السهل تخمين.,
Recents,الأخيرة,
Recipient,مستلم,
Recipient Account Field,حقل حساب المستلم,
Recipient Unsubscribed,المتلقي غير المشتركين,
Recipients,المستلمين,
Recorder,مسجل,
Recorder Query,استعلام المسجل,
Recorder Suggested Index,الفهرس المقترح للمسجل,
Records for following doctypes will be filtered,سيتم تصفية السجلات الخاصة بأنواع المستندات التالية,
Recursive Fetch From,جلب عودي من,
Red,أحمر,
Redirect HTTP Status,إعادة توجيه حالة HTTP,
Redirect To Path,إعادة التوجيه إلى المسار,
Redirect URI,إعادة توجيه URI,
Redirect URI Bound To Auth Code,إعادة التوجيه URI ملزمة لكود التفويض,
Redirect URIs,إعادة توجيه محددات,
Redirect URL,إعادة توجيه URL,
Redirect to the selected app after login,إعادة التوجيه إلى التطبيق المحدد بعد تسجيل الدخول,
Redirect to this URL after successful confirmation.,قم بإعادة التوجيه إلى عنوان URL هذا بعد التأكيد الناجح.,
Redirects,عمليات إعادة التوجيه,
Redis cache server not running. Please contact Administrator / Tech support,مخبأ خادم رديس يست قيد التشغيل. الرجاء الاتصال بمسؤول / الدعم الفني,
Redo,إعادة,
Redo last action,إعادة الإجراء الأخير,
Ref DocType,المرجع DOCTYPE,
Referance Doctype and Dashboard Name both can't be used at the same time.,لا يمكن استخدام نوع المستند المرجعي واسم لوحة المعلومات في نفس الوقت.,
Reference,مرجع,
Reference Date,التاريخ المرجعي,
Reference Datetime,التاريخ المرجعي,
Reference Doc,وثيقة مرجعية,
Reference DocName,مرجع DocName,
Reference DocType,مرجع DOCTYPE,
Reference DocType and Reference Name are required,مطلوب مرجع دوكتيب واسم مرجع,
Reference Docname,إشارة DocName,
Reference Doctype,مرجع Doctype,
Reference Document,الوثيقة المرجعية,
Reference Document Name,اسم الوثيقة المرجعية,
Reference Document Type,نوع الوثيقة المرجعية,
Reference Name,اسم المرجع,
Reference Owner,إشارة المالك,
Reference Report,تقرير مرجعي,
Reference Type,نوع المرجع,
Reference name,اسم المرجع,
Reference: {0} {1},إشارة: {0} {1},
Referrer,المرجع,
Refresh,تحديث,
Refresh All,تحديث كافة,
Refresh Google Sheet,قم بتحديث ورقة Google,
Refresh List,تحديث القائمة,
Refresh Print Preview,قم بتحديث معاينة الطباعة,
Refresh Token,تحديث رمز,
Refreshing,منعش,Document count in list view
Refreshing...,يحديث ...,
Registered but disabled,سجل لكن المعوقين,
Rejected,مرفوض,
Relay Server URL missing,عنوان URL لخادم الترحيل مفقود,
Relay Settings,إعدادات التتابع,
Release Notes,ملاحظات الإصدار,
Relink,إعادة ربط,
Relink Communication,الاتصالات إعادة ربط,
Relinked,إعادة ربط,
Reload,تحديث,
Reload File,إعادة تحميل الملف,
Reload List,إعادة تحميل القائمة,
Reload Report,إعادة تحميل التقرير,
Remember Last Selected Value,تذكر آخر مختارة القيمة,
Remind At,أذكر في,
Remind Me,ذكرني,
Remind Me In,ذكرني في,
Reminder,تذكير,
Reminder cannot be created in past.,لا يمكن إنشاء التذكير في الماضي.,
Reminder set at {0},تم ضبط التذكير على {0},
Remove,إزالة,
Remove Failed Jobs,إزالة المهام الفاشلة,
Remove Field,إزالة الميدان,
Remove Filter,إزالة عامل التصفية,
Remove Section,إزالة القسم,
Remove all customizations?,إزالة كافة التخصيصات ؟,
Remove all fields in the column,قم بإزالة كافة الحقول في العمود,
Remove column,إزالة العمود,
Remove field,إزالة الحقل,
Remove last column,إزالة العمود الأخير,
Remove page break,إزالة فاصل الصفحات,
Remove section,إزالة القسم,
Remove tab,إزالة علامة التبويب,
Removed,تمت الإزالة,
Rename,إعادة تسمية,
Rename Fieldname,إعادة تسمية اسم الحقل,
Rename {0},إعادة تسمية {0},
"Renamed files and replaced code in controllers, please check!",إعادة تسمية الملفات ورمز استبدالها في وحدات التحكم ، يرجى مراجعة!,
Render labels to the left and values to the right in this section,قم بعرض التسميات على اليسار والقيم على اليمين في هذا القسم,
Reopen,إعادة فتح,
Repeat,كرر,
Repeat Header and Footer,كرر الرأس والتذييل,
Repeat On,كرر على,
Repeat Till,تكرار حتى,
Repeat on Day,كرر يوم,
Repeat on Days,كرر في الأيام,
Repeat on Last Day of the Month,كرر في اليوم الأخير من الشهر,
Repeat this Event,كرر هذا الحدث,
"Repeats like ""aaa"" are easy to guess",كما يكرر &quot;AAA&quot; من السهل تخمين,
"Repeats like ""abcabcabc"" are only slightly harder to guess than ""abc""",يكرر مثل &quot;abcabcabc&quot; ليست سوى أصعب قليلا لتخمين من &quot;اي بي سي&quot;,
Repeats {0},يكرر {0},
Replicate,تكرار,
Replicating...,جارٍ النسخ المتماثل...,
Replication completed.,اكتمل النسخ المتماثل.,
Replied,أجاب,
Reply,رد,
Reply All,الرد على الجميع,
Report,تقرير,
Report Builder,تقرير منشئ,
Report Column,عمود التقرير,
Report Description,وصف تقرير,
Report Document Error,تقرير خطأ في المستند,
Report Filter,عامل تصفية التقرير,
Report Filters,مرشحات تقرير,
Report Hide,إخفاء التقرير,
Report Information,تقرير المعلومات,
Report Manager,مدير التقارير,
Report Name,تقرير الاسم,
"Report Name, Report Field and Fucntion are required to create a number card",اسم التقرير، حقل التقرير والوظيفة مطلوبة لإنشاء بطاقة رقم,
Report Ref DocType,تقرير المرجع DocType,
Report Reference Doctype,تقرير مرجع Doctype,
Report Type,نوع التقرير,
Report View,عرض التقرير,
Report bug,الإبلاغ عن الخلل,
Report cannot be set for Single types,لا يمكن تعيين التقرير لأنواع واحدة,
"Report has no data, please modify the filters or change the Report Name",لا يحتوي التقرير على بيانات ، يرجى تعديل الفلاتر أو تغيير اسم التقرير,
"Report has no numeric fields, please change the Report Name",لا يحتوي التقرير على حقول رقمية ، يُرجى تغيير اسم التقرير,
"Report initiated, click to view status",تم بدء التقرير، انقر لعرض الحالة,
Report limit reached,تم الوصول إلى حد التقرير,
Report timed out.,انتهت مهلة التقرير.,
Report updated successfully,تم تحديث التقرير بنجاح,
Report was not saved (there were errors),لم يتم حفظ التقرير (كانت هناك أخطاء),
Report with more than 10 columns looks better in Landscape mode.,التقرير مع أكثر من 10 أعمدة تبدو أفضل في وضع أفقي.,
Report {0},تقرير {0},
Report {0} deleted,تم حذف التقرير {0}.,
Report {0} is disabled,تقرير غير مفعلة {0},
Report {0} saved,تم حفظ التقرير {0}.,
Report:,أبلغ عن:,
Reports,التقارير,
Reports & Masters,التقارير والماجستير,
Reports already in Queue,التقارير موجودة بالفعل في قائمة الانتظار,
Represents a User in the system.,يمثل مستخدمًا في النظام.,
Represents the states allowed in one document and role assigned to change the state.,يمثل الحالات المسموح بها في مستند واحد والدور المخصص لتغيير الحالة.,
Request Body,هيئة الطلب,
Request Data,طلب البيانات,
Request Description,وصف الطلب,
Request Headers,طلب الرؤوس,
Request ID,معرف الطلب,
Request Limit,حد الطلب,
Request Method,طريقة الطلب,
Request Structure,طلب هيكل,
Request Timed Out,طلب مهلة,
Request Timeout,مهلة الطلب,
Request URL,طلب عنوان ورل,
Requested Numbers,الارقام المطلوبة,
Require Trusted Certificate,طلب شهادة موثوق بها,
"Requires any valid fdn path. i.e. ou=groups,dc=example,dc=com","يتطلب أي مسار FDN صالح. أي ou=groups,dc=example,dc=com",
"Requires any valid fdn path. i.e. ou=users,dc=example,dc=com","يتطلب أي مسار FDN صالح. أي ou=users,dc=example,dc=com",
Res: {0},الدقة: {0},
Reset,إعادة تعيين,
Reset All Customizations,إعادة تعيين كافة التخصيصات,
Reset Changes,إعادة ضبط التغييرات,
Reset Chart,إعادة تعيين المخطط,
Reset Dashboard Customizations,إعادة ضبط تخصيصات لوحة المعلومات,
Reset Fields,تصفير البيانات في الحقول,
Reset LDAP Password,إعادة تعيين كلمة مرور LDAP,
Reset Layout,إعادة تعيين التخطيط,
Reset OTP Secret,إعادة تعيين مكتب المدعي العام سر,
Reset Password,إعادة تعيين كلمة المرور,
Reset Password Key,إعادة تعيين كلمة المرور الرئيسية,
Reset Password Link Expiry Duration,إعادة تعيين مدة انتهاء صلاحية رابط كلمة المرور,
Reset Password Template,إعادة تعيين قالب كلمة المرور,
Reset Permissions for {0}?,إعادة تعيين أذونات ل {0} ؟,
Reset To Default,إعادة التعيين إلى الافتراضي,
Reset sorting,إعادة تعيين الفرز,
Reset to default,إعادة التعيين إلى الوضع الافتراضي,
Reset to defaults,إعادة تعيين إلى الإعدادات الافتراضية,
Reset your password,اعد ضبط كلمه السر,
Resource,الموارد,
Resource Documentation,توثيق الموارد,
Resource Name,اسم المورد,
Resource Policy URI,URI لسياسة الموارد,
Resource TOS URI,URI لشروط الخدمة للمورد,
Response,الإستجابة,
Response Headers,رؤوس الاستجابة,
Response Type,نوع الاستجابة,
Rest of the day,بقية اليوم,
Restore,استعادة,
Restore Original Permissions,استعادة ضوابط الأصل,
Restore to default settings?,استعادة الإعدادات الافتراضية؟\n<br>\n?Restore to default settings,
Restored,رمم,
Restoring Deleted Document,استعادة المستند المحذوف,
Restrict IP,تقييد IP,
Restrict Removal,تقييد الإزالة,
Restrict To Domain,تقييد على المجال,
Restrict to Domain,تقييد النطاق,
Restrict user from this IP address only. Multiple IP addresses can be added by separating with commas. Also accepts partial IP addresses like (111.111.111),تقييد المستخدم من هذا العنوان IP فقط. يمكن إضافة عناوين IP متعددة عن طريق فصل بفواصل. يقبل أيضا عناوين IP جزئية مثل (111.111.111),
Restrictions,القيود,Title of message showing restrictions in list view
Result,النتيجة,
Resume Sending,استئناف إرسال,
Retry,أعد المحاولة,
Retry Sending,أعد محاولة الإرسال,
Return to the Verification screen and enter the code displayed by your authentication app,ارجع إلى شاشة التحقق وأدخل الرمز المعروض بواسطة تطبيق المصادقة,
Reverting length to {0} for '{1}' in '{2}'. Setting the length as {3} will cause truncation of data.,إعادة الطول إلى {0} لـ &quot;{1}&quot; في &quot;{2}&quot;. تعيين الطول كـ {3} سيؤدي إلى اقتطاع البيانات.,
Revocation URI,معرف الموارد المنتظم (URI) للإلغاء,
Revoke,سحب,
Revoked,إلغاء,
Rich Text,نص منسق,
Right,حق,
Right Bottom,أسفل اليمين,
Right Center,مركز الحق,
Robots.txt,ملف robots.txt,
Role,صلاحية,
Role 'All' will be given to all system + website users.,"سيتم منح الدور ""الكل"" لجميع مستخدمي النظام + موقع الويب.",
Role 'Desk User' will be given to all system users.,"سيتم منح دور ""مستخدم المكتب"" لجميع مستخدمي النظام.",
Role Name,اسم الدور,
Role Permission for Page and Report,إذن الدور للصفحة والتقرير,
Role Permissions,اذونات الصلاحيات,
Role Permissions Manager,مدير صلاحيات الأدوار,
Role Profile,الملف الشخصي,
Role Profiles,ملفات تعريف الأدوار,
Role Replication,تكرار الدور,
Role and Level,مستوى الصلاحية,
Role has been set as per the user type {0},تم تعيين الدور حسب نوع المستخدم {0},
Roles,الصلاحيات,
Roles & Permissions,الأدوار والأذونات,
Roles Assigned,الصلاحيات المسندة,
Roles HTML,الأدوار HTML,
Roles Html,أدوار Html,
Roles can be set for users from their User page.,يمكن تعيين الأدوار للمستخدمين من صفحة المستخدم الخاصة بهم.,
Root {0} cannot be deleted,الجذر {0} لا يمكن حذف,
Round Robin,جولة روبن,
Rounding Method,طريقة التقريب,
Route,الطريق,
Route History,سجل الطريق,
Route Options,خيارات الطريق,
Route Redirects,إعادة توجيه الطريق,
"Route: Example ""/desk""","المسار: مثال ""/مكتب""",
Row,صف,
Row #,الصف #,
Row # {0}: Non administrator user can not set the role {1} to the custom doctype,الصف رقم {0}: لا يمكن للمستخدم غير المسؤول تعيين الدور {1} إلى نوع المستند المخصص,
Row #{0}:,الصف # {0}:,
Row #{}: Fieldname is required,الصف رقم {}: اسم الحقل مطلوب,
Row Format,تنسيق الصف,
Row Indexes,فهارس الصف,
Row Name,اسم الصف,
Row Number,رقم الصف,
Row Values Changed,تم تغيير قيم الصف,
Row {0},الصف {0},
Row {0}: Not allowed to disable Mandatory for standard fields,الصف {0}: غير مسموح بتعطيل إلزامي للحقول القياسية,
Row {0}: Not allowed to enable Allow on Submit for standard fields,صف {0}: غير مسموح لتمكين السماح إرسال على لحقول القياسية,
Rows Added,واضاف الصفوف,
Rows Removed,الصفوف إزالتها,
Rows Threshold for Grid Search,عتبة الصفوف للبحث في الشبكة,
Rule,قاعدة,
Rule Conditions,شروط القاعدة,
"Rule for this doctype, role, permlevel and if-owner combination already exists.",القاعدة الخاصة بنوع الوثيقة والدور والمستوى الدائم ومجموعة if-owner موجودة بالفعل.,
Rules defining transition of state in the workflow.,القوانين التي تحدد انتقال الحالة في سير العمل.,
"Rules for how states are transitions, like next state and which role is allowed to change state etc.",ويسمح النظام لكيفية قيام الولايات التحولات، مثل الدولة والتي المقبل دور في تغيير الدولة الخ.,
Rules with higher priority number will be applied first.,سيتم تطبيق القواعد ذات رقم الأولوية الأعلى أولاً.,
Run Jobs only Daily if Inactive For (Days),شغِّل الوظائف فقط يوميًا إذا كان غير نشط (أيام),
Run scheduled jobs only if checked,تشغيل المهام المجدولة الا إذا دققت,
Runtime in Minutes,وقت التشغيل بالدقائق,
Runtime in Seconds,وقت التشغيل بالثواني,
SMS,رسالة قصيرة,
SMS Gateway URL,SMS بوابة URL,
SMS Log,سجل الرسائل القصيرة,
SMS Parameter,SMS متغيرات,
SMS Settings,إعدادات الرسائل القصيرة,
SMS sent successfully,تم إرسال الرسائل القصيرة بنجاح,
SMS was not sent. Please contact Administrator.,لم يتم إرسال الرسائل القصيرة. يرجى الاتصال بالمسؤول.,
SMTP Server is required,مطلوب خادم SMTP,
SQL,SQL,
"SQL Conditions. Example: status=""Open""",شروط SQL. على سبيل المثال: الحالة = &quot;فتح&quot;,
SQL Explain,شرح SQL,
SQL Output,إخراج SQL,
SQL Queries,استعلامات SQL,
SQL functions are not allowed as strings in SELECT: {0}. Use dict syntax like {{'COUNT': '*'}} instead.,غير مسموح بوظائف SQL كسلاسل في SELECT: {0}. استخدم صيغة الإملاء مثل {{'COUNT': '*'}} بدلاً من ذلك.,
SSL/TLS Mode,وضع SSL / TLS,
SWATCHES,حوامل,
Sales Manager,مدير المبيعات,
Sales Master Manager,مدير المبيعات الرئيسي,
Sales User,مستخدم المبيعات,
Salesforce,قوة المبيعات,
Salutation,اللقب,
Same Field is entered more than once,تم إدخال نفس الحقل أكثر من مرة,
Sample,عينة,
Saturday,السبت,
Save,حفظ,
Save Anyway,حفظ على أي حال,
Save As,حفظ باسم,
Save Customizations,حفظ التخصيصات,
Save Report,احفظ التقرير,
Save filters,حفظ المرشحات,
Save on Completion,حفظ عند الانتهاء,
Save the document.,احفظ المستند.,
Saved,حفظ,
Saved Filters,المرشحات المحفوظة,
Saving,حفظ,
Saving Changes...,حفظ التغييرات...,
Saving Customization...,جارٍ حفظ التخصيص...,
Saving Sidebar,حفظ الشريط الجانبي,
Saving this will export this document as well as the steps linked here as json.,سيؤدي حفظ هذا إلى تصدير هذا المستند بالإضافة إلى الخطوات المرتبطة هنا بصيغة json.,
Saving...,إنقاذ...,
Scan,مسح,
Scan QRCode,مسح رمز الاستجابة السريعة,
Scan the QR Code and enter the resulting code displayed.,مسح رمز الاستجابة السريعة وأدخل رمز الناتجة عرضها.,
Schedule,الجدول الزمني,
Schedule Send At,جدول الإرسال في,
Scheduled,من المقرر,
Scheduled Against,المقرر ضد,
Scheduled Job,الوظيفة المجدولة,
Scheduled Job Log,سجل الوظائف المجدولة,
Scheduled Job Type,نوع الوظيفة المجدولة,
Scheduled execution for script {0} has updated,تم تحديث التنفيذ المجدول للنص {0},
Scheduled to send,من المقرر أن ترسل,
Scheduler,مجدول,
Scheduler Event,حدث المجدول,
Scheduler Inactive,المجدول غير نشط,
Scheduler Status,حالة المجدول,
Scheduler can not be re-enabled when maintenance mode is active.,لا يمكن إعادة تمكين المجدول عندما يكون وضع الصيانة نشطًا.,
Scheduler is inactive. Cannot import data.,المجدول غير نشط. لا يمكن استيراد البيانات.,
Scheduler: Active,المجدول: نشط,
Scheduler: Inactive,المجدول: غير نشط,
Scope,النطاق,
Scopes,نطاقات,
Scopes Supported,النطاقات المدعومة,
Script,سيناريو,
Script Manager,مدير البرنامج النصي,
Script Report,تقرير النصي,
Script Type,نوع البرنامج النصي,
Script to attach to all web pages.,البرنامج النصي لإرفاقه بجميع صفحات الويب.,
Scripting,البرمجة النصية,
Scripting / Style,البرمجة النصية / الاسلوب,
Scripts,البرامج النصية,
Search,بحث,
Search Bar,شريط البحث,
Search Fields,البحث الحقول,
Search Help,مساعدة البحث,
Search Priorities,أولويات البحث,
Search Results,نتائج البحث,
Search by filename or extension,البحث حسب اسم الملف أو الامتداد,
Search field {0} is not valid,حقل البحث {0} غير صالح,
Search fields,حقول البحث,
Search fieldtypes...,البحث عن أنواع الحقول...,
Search for anything,البحث عن أي شيء,
Search for countries...,البحث عن الدول...,
Search for icons...,البحث عن الرموز...,
Search for {0},البحث عن {0},
Search in a document type,بحث في نوع الوثيقة,
Search or type a command,ابحث أو اكتب أمرًا,
Search properties...,خصائص البحث...,
Search results for,نتائج البحث عن,
Search the docs (Press / to focus),البحث في المستندات (اضغط / للتركيز),
Search...,بحث...,
Searching ...,جاري البحث ...,
Seconds,ثواني,Duration
Section,الجزء,
Section Break,فاصل قسم,
Section Heading,قسم العنوان,
Section ID,معرف القسم,
Section Title,عنوان القسم,
Section must have at least one column,يجب أن يحتوي القسم على عمود واحد على الأقل,
Security Alert: Your account is being impersonated,تنبيه أمني: يتم انتحال هوية حسابك,
Security Settings,إعدادات الأمان,
See all Activity,شاهد كل النشاط,
See all past reports.,عرض جميع التقارير السابقة,
See on Website,ترى على الموقع,
See previous responses,راجع الردود السابقة,Button in web form
See the document at {0},انظر المستند على {0},
Seen,رأيت,
Seen By,تمت رؤيته بواسطة,
Seen By Table,ينظر من خلال الجدول,
Select,اختر,
Select All,حدد الكل,
Select Attachments,حدد المرفقات,
Select Child Table,حدد جدول الطفل,
Select Column,حدد العمود,
Select Columns,تحديد الأعمدة,
Select Country,اختر البلد,
Select Currency,حدد العملة,
Select Dashboard,اختر لوحة القيادة,
Select Date Range,اختر نطاق التاريخ,
Select DocType,حدد نوع المستند,
Select Doctype,حدد نوع المستند,
Select Document Type,حدد نوع الوثيقة,
Select Document Type or Role to start.,حدد نوع الوثيقة أو دور للبدء.,
Select Document Types to set which User Permissions are used to limit access.,حدد أنواع المستندات لتعيين أذونات المستخدم المستخدمة لتقييد الوصول.,
Select Field,اختر المجال,
Select Field...,حدد الحقل...,
Select Fields,حدد الحقول,
Select Fields (Up to {0}),حدد الحقول (حتى {0}),
Select Fields To Insert,حدد الحقول المطلوب إدراجها,
Select Fields To Update,حدد الحقول المراد تحديثها,
Select Filters,اختر المرشحات,
Select Google Calendar to which event should be synced.,حدد تقويم Google للحدث الذي يجب مزامنته.,
Select Google Contacts to which contact should be synced.,حدد جهات اتصال Google التي يجب مزامنتها مع جهة الاتصال.,
Select Group By...,حدد المجموعة حسب...,
Select Kanban,حدد كانبان,
Select Language,اختار اللغة,
Select List View,حدد عرض القائمة,
Select Mandatory,حدد إلزامية,
Select Module,اختر وحدة,
Select Network Printer,حدد طابعة الشبكة,
Select Page,حدد الصفحة,
Select Print Format,حدد تنسيق طباعة,
Select Print Format to Edit,حدد تنسيق طباعة إلى تحرير,
Select Report,حدد تقرير,
Select Table Columns for {0},تحديد الأعمدة الجدول ل{0},
Select Time Zone,حدد المنطقة الزمنية,
Select Transaction,حدد المعاملات,
Select Workflow,حدد سير العمل,
Select Workspace,حدد مساحة العمل,
Select a Brand Image first.,اختر صورة العلامة التجارية لأول مرة.,
Select a DocType to make a new format,أختر DocType لتنشئ تنسيق جديد,
Select a field to edit its properties.,حدد حقلاً لتحرير خصائصه.,
Select a group {0} first.,حدد مجموعة {0} أولاً.,
Select a valid Sender Field for creating documents from Email,حدد حقل مرسل صالحًا لإنشاء المستندات من البريد الإلكتروني,
Select a valid Subject field for creating documents from Email,حدد حقل موضوع صالحًا لإنشاء المستندات من البريد الإلكتروني,
Select an Image,حدد صورة,
Select an existing format to edit or start a new format.,حدد تنسيقًا موجودًا لتحريره أو بدء تنسيق جديد.,
Select an image of approx width 150px with a transparent background for best results.,اختر صورة بعرض 150px تقريبا مع خلفية شفافة لنتيجة افضل,
Select atleast 1 record for printing,اختر أتلست سجل 1 للطباعة,
Select atleast 2 actions,حدد على الأقل 2 الإجراءات,
Select list item,حدد عنصر القائمة,Description of a list view shortcut
Select multiple list items,حدد عناصر قائمة متعددة,Description of a list view shortcut
Select or drag across time slots to create a new event.,اختر أو اسحب عبر فتحات الوقت لإنشاء حدث جديد.,
Select records for assignment,اختر سجلات التعيين,
Select records for removing assignment,حدد السجلات لإزالة المهمة,
Select the label after which you want to insert new field.,حدد التسمية بعد الذي تريد إدراج حقل جديد.,
Select two versions to view the diff.,حدد نسختين لعرض الفرق.,
Select {0},حدد {0},
Self approval is not allowed,الموافقة الذاتية غير مسموح بها,
Send,أرسل,Send Email
Send <b>at the earliest</b> this number of minutes before or after the reference datetime. The actual sending may be delayed by up to 5 minutes due to the scheduler's trigger cadence.,أرسل <b>في أقرب وقت</b> هذا العدد من الدقائق قبل أو بعد التاريخ المرجعي. قد يتأخر الإرسال الفعلي لمدة تصل إلى 5 دقائق بسبب إيقاع تشغيل المجدول.,
Send After,إرسال بعد,
Send Alert On,إرسال تنبيه في,
Send As Raw HTML,إرسال كـ HTML خام,
Send Email Alert,إرسال تنبيه عبر البريد الإلكتروني,
Send Email On State,إرسال البريد الإلكتروني على الدولة,
Send Email Print Attachments as PDF (Recommended),إرسال البريد الإلكتروني المرفقات طباعة بصيغة PDF (مستحسن),
Send Email To Creator,إرسال البريد الإلكتروني إلى الخالق,
Send Me A Copy of Outgoing Emails,أرسل لي نسخة من رسائل البريد الإلكتروني الصادرة,
Send Notification to,إرسال إشعار إلى,
Send Notifications For Documents Followed By Me,إرسال إخطارات للمستندات التي اتبعتها,
Send Notifications For Email Threads,إرسال إخطارات لمواضيع البريد الإلكتروني,
Send Now,أرسل الآن,
Send Print as PDF,إرسال الطباعة بصيغة PDF,
Send Read Receipt,إرسال مقروءة إيصال,
Send System Notification,إرسال إشعار النظام,
Send To All Assignees,أرسل إلى جميع المعينين,
Send Welcome Email,إرسال رسالة ترحيبية,
Send alert if date matches this field's value,إرسال تنبيه إذا تاريخ توافق مع قيمة هذا الحقل,
Send alert if datetime matches this field's value,أرسل تنبيهًا إذا كان التاريخ والوقت يطابق قيمة هذا الحقل,
Send alert if this field's value changes,إرسال تنبيه إذا تغيرت قيمة هذا الحقل,
Send an email reminder in the morning,إرسال رسالة تذكير في الصباح,
Send days before or after the reference date,إرسال أيام قبل أو بعد التاريخ المرجعي,
Send email when document transitions to the state.,أرسل بريدًا إلكترونيًا عند انتقال المستند إلى الحالة.,
Send enquiries to this email address,إرسال الاستفسارات إلى عنوان البريد الإلكتروني هذا,
Send login link,إرسال رابط تسجيل الدخول,
Send me a copy,أرسل لي نسخة,
Send only if there is any data,إرسال فقط إذا كان هناك أي بيانات,
Send unsubscribe message in email,إرسال رسالة إلغاء الاشتراك في البريد الإلكتروني,
Sender,المرسل,
Sender Email,البريد الإلكتروني للمرسل,
Sender Email Field,حقل البريد الإلكتروني للمرسل,
Sender Field should have Email in options,يجب أن يحتوي حقل المرسل على البريد الإلكتروني في الخيارات,
Sender Name,اسم المرسل,
Sender Name Field,حقل اسم المرسل,
Sendgrid,سيندغريد,
Sending,إرسال,
Sent,أرسلت,
Sent Folder Name,اسم المجلد المرسل,
Sent On,تم الإرسال,
Sent Read Receipt,أرسلت مقروءة إيصال,
Sent To,تم الإرسال إلى,
Sent or Received,المرسلة أو المتلقاة,
Sent/Received Email,البريد المرسل / المستلم,
Separator,فاصل,
Sequence Id,معرف التسلسل,
Series List for this Transaction,قائمة متسلسلة لهذه العملية,
Series Updated for {},تم تحديث السلسلة لـ {},
Series counter for {} updated to {} successfully,تم تحديث عداد السلسلة لـ {} إلى {} بنجاح,
Series {0} already used in {1},الترقيم المتسلسل {0} مستخدم بالفعل في {1},
Server Action,عمل الخادم,
Server Error,خطأ في الخادم,
Server IP,خادم IP,
Server Script,خادم النصي,
Server Scripts are disabled. Please enable server scripts from bench configuration.,تم تعطيل البرامج النصية للخادم. الرجاء تمكين البرامج النصية للخادم من تكوين مقاعد البدلاء.,
Server Scripts feature is not available on this site.,ميزة البرامج النصية للخادم غير متوفرة على هذا الموقع.,
Server error during upload. The file might be corrupted.,حدث خطأ في الخادم أثناء التحميل. قد يكون الملف تالفًا.,
Server failed to process this request because of a concurrent conflicting request. Please try again.,فشل الخادم في معالجة هذا الطلب بسبب وجود طلب متعارض متزامن. يرجى المحاولة مرة أخرى.,
Server was too busy to process this request. Please try again.,كان الخادم مشغولاً للغاية بحيث لم يتمكن من معالجة هذا الطلب. يرجى المحاولة مرة أخرى.,
Service,الخدمة,
Session Created,تم إنشاء الجلسة,
Session Default,الجلسة الافتراضية,
Session Default Settings,إعدادات الجلسة الافتراضية,
Session Defaults,الجلسة الافتراضية,
Session Defaults Saved,تم حفظ الإعدادات الافتراضية للجلسة,
Session Expired,انتهت الجلسة,
Session Expiry (idle timeout),انتهاء الجلسة (مهلة الخمول),
Session Expiry must be in format {0},يجب أن يكون انتهاء الجلسة بالتنسيق {0},
Sessions,الجلسات,
Set,مجموعة,
Set Banner from Image,تعيين ترويسة من الصورة,
Set Chart,مجموعة الرسم البياني,
"Set Default Options for all charts on this Dashboard (Ex: ""colors"": [""#d1d8dd"", ""#ff5858""])",تعيين الخيارات الافتراضية لجميع الرسوم البيانية في لوحة المعلومات هذه (على سبيل المثال: &quot;الألوان&quot;: [&quot;# d1d8dd&quot;، &quot;# ff5858&quot;]),
Set Dynamic Filters,تعيين عوامل التصفية الديناميكية,
Set Filters,ضبط المرشحات,
Set Filters for {0},تعيين عوامل التصفية لـ {0},
Set Level,تعيين المستوى,
Set Limit,تعيين الحد,
Set Naming Series options on your transactions.,قم بتعيين خيارات سلسلة التسمية على معاملاتك.,
Set New Password,وضع كلمة سر جديدة,
Set Number of Backups,تعيين عدد من النسخ الاحتياطية,
Set Password,تعيين كلمة المرور,
Set Permissions,تعيين أذونات,
Set Properties,تعيين الخصائص,
Set Property After Alert,تعيين الملكية بعد تنبيه,
Set Quantity,ضبط الكمية,
Set Role For,تعيين صلاحية لل,
Set User Permissions,تعيين صلاحيات المستخدم,
Set Value,تعيين القيمة,
Set all private,تعيين كل شيء خاص,
Set all public,تعيين كافة العامة,
Set as Default,تعيين كافتراضي,
Set as Default Theme,تعيين كالموضوع الافتراضي,
Set by user,تم تعيينه من قبل المستخدم,
Set dynamic filter values in JavaScript for the required fields here.,قم بتعيين قيم التصفية الديناميكية في JavaScript للحقول المطلوبة هنا.,
Set non-standard precision for a Float or Currency field,تعيين الدقة غير القياسية لحقل تعويم أو العملات,
"Set non-standard precision for a Float, Currency or Percent field",قم بتعيين دقة غير قياسية لحقل Float أو العملة أو النسبة المئوية,
Set only once,تعيين مرة واحدة فقط,
Set size in MB,ضبط الحجم بالميجابايت,
"Set the filters here. For example:
<pre class=""small text-muted""><code>
[{
	fieldname: ""company"",
	label: __(""Company""),
	fieldtype: ""Link"",
	options: ""Company"",
	default: frappe.defaults.get_user_default(""Company""),
	reqd: 1
},
{
	fieldname: ""account"",
	label: __(""Account""),
	fieldtype: ""Link"",
	options: ""Account"",
	reqd: 1
}]
</code></pre>","اضبط المرشحات هنا. على سبيل المثال:
<pre class=""small text-muted""><code>
[{
	اسم الحقل: ""الشركة""،
	التسمية: __ (""الشركة"")،
	نوع الحقل: ""رابط""،
	الخيارات: ""الشركة""،
	الافتراضي: frappe.defaults.get_user_default(""الشركة"")،
	المطلوب: 1
},
{
	اسم الحقل: ""الحساب""،
	التسمية: __ (""الحساب"")،
	نوع الحقل: ""رابط""،
	الخيارات: ""الحساب""،
	المطلوب: 1
}]
</code></pre>",
"Set the path to a whitelisted function that will return the data for the number card in the format:

<pre class=""small text-muted""><code>
{
	""value"": value,
	""fieldtype"": ""Currency"",
	""route_options"": {""from_date"": ""2023-05-23""},
	""route"": [""query-report"", ""Permitted Documents For User""]
}</code></pre>","قم بتعيين المسار إلى وظيفة القائمة البيضاء التي ستعيد البيانات الخاصة ببطاقة الأرقام بالتنسيق:

<pre class=""small text-muted""><code>
{
	""القيمة"": القيمة،
	""نوع الحقل"": ""العملة""،
	""route_options"": {""from_date"": ""23-05-2023""},
	""المسار"": [""تقرير الاستعلام""، ""المستندات المسموح بها للمستخدم""]
</كود></قبل>",
Setting,الإعداد,
Setting this Address Template as default as there is no other default,وضع هذا القالب كما العنوان الافتراضي حيث لا يوجد الافتراضية الأخرى,
Setting up Global Search documents.,إعداد وثائق البحث العالمي.,
Setting up your system,إعداد النظام الخاص بك,
Settings,الإعدادات,
Settings Dropdown,قائمة الإعدادات المنسدلة,
Settings for Contact Us Page,إعدادات صفحة اتصل بنا,
Settings for the About Us Page,"إعدادات صفحة ""نبذة عنا"".",
Setup,الإعدادات,
Setup > Customize Form,الإعداد> تخصيص النموذج,
Setup > User,الإعداد> المستخدم,
Setup > User Permissions,الإعداد> أذونات المستخدم,
Setup Auto Email,الإعداد التلقائي البريد الإلكتروني,
Setup Complete,اكتمل الإعداد,
Setup Series for transactions,سلسلة الإعداد للمعاملات,
Setup Wizard,معالج الإعداد,
Setup failed,فشل الإعداد,
Share,مشاركة,
Share With,مشاركة مع,
Share this document with,شارك هذه الوثيقة مع,
Share {0} with,مشاركة {0} مع,
Shared,مشتركة,
Shared with the following Users with Read access:{0},مشترك مع المستخدمين التاليين الذين لهم حق الوصول للقراءة: {0},
Shipping,الشحن,
Shipping Address,عنوان الشحن,
Shop,تسوق,
Short keyboard patterns are easy to guess,نماذج لوحة المفاتيح قصيرة من السهل تخمين,
Shortcuts,اختصارات,
Show,تبين,
Show Absolute Datetime in Timeline,عرض التاريخ والوقت المطلق في المخطط الزمني,
Show Absolute Values,إظهار القيم المطلقة,
Show All,إظهار الكل,
Show Arrow,عرض السهم,
Show Auth Server Metadata,إظهار البيانات التعريفية لخادم المصادقة,
Show Calendar,إظهار التقويم,
Show Currency Symbol on Right Side,إظهار رمز العملة على الجانب الأيمن,
Show Dashboard,عرض لوحة القيادة,
Show Document,عرض المستند,
Show Error,إظهار الخطأ,
Show External Link Warning,عرض تحذير الرابط الخارجي,
Show Fieldname (click to copy on clipboard),إظهار اسم الحقل (انقر للنسخ في الحافظة),
Show First Document Tour,عرض جولة المستند الأولى,
Show Form Tour,إظهار جولة في النموذج,
Show Full Error and Allow Reporting of Issues to the Developer,عرض الخطأ الكامل والسماح بالإبلاغ عن المشكلات,
Show Full Form?,إظهار الشكل الكامل؟,
Show Full Number,إظهار الرقم الكامل,
Show Keyboard Shortcuts,إظهار اختصارات لوحة المفاتيح,
Show Labels,إظهار التسميات,
Show Language Picker,إظهار منتقي اللغة,
Show Line Breaks after Sections,فواصل عرض الخط بعد الأقسام,
Show Links,إظهار الروابط,
Show Only Failed Logs,إظهار السجلات الفاشلة فقط,
Show Percentage Stats,إظهار إحصائيات النسبة المئوية,
Show Permissions,مشاهدة ضوابط,
Show Preview,عرض المعاينة,
Show Preview Popup,إظهار معاينة المنبثقة,
Show Processlist,عرض قائمة العمليات,
Show Protected Resource Metadata,إظهار بيانات تعريف الموارد المحمية,
Show Related Errors,إظهار الأخطاء ذات الصلة,
Show Report,عرض تقرير,
Show Section Headings,عرض عناوين القسم,
Show Sidebar,مشاهدة الشريط الجانبي,
Show Social Login Key as Authorization Server,إظهار مفتاح تسجيل الدخول الاجتماعي كخادم ترخيص,
Show Tags,أضهر العلامات,
Show Title,اظهار العنوان,
Show Title in Link Fields,إظهار العنوان في حقول الارتباط,
Show Totals,مشاهدة المجاميع,
Show Tour,جولة العرض,
Show Traceback,إظهار التتبع,
Show Values over Chart,إظهار القيم على الرسم البياني,
Show Warnings,إظهار التحذيرات,
Show Weekends,عرض عطلة نهاية الاسبوع,
Show account deletion link in My Account page,إظهار رابط حذف الحساب في صفحة حسابي,
Show all Versions,عرض كل الإصدارات,
Show all activity,إظهار كافة الأنشطة,
Show as cc,كما تظهر سم مكعب,
Show attachments,إظهار المرفقات,
Show footer on login,إظهار التذييل عند تسجيل الدخول,
Show full form instead of a quick entry modal,إظهار شكل كامل بدلاً من إدخال سريع مشروط,
Show in Module Section,تظهر في القسم وحدة,
Show in Resource Metadata,تظهر في بيانات تعريف الموارد,
Show in filter,اعرض في الفلتر,
Show link to document,إظهار الرابط للمستند,
Show list,عرض القائمة,
Show more details,إظهار مزيد من التفاصيل,
Show on Timeline,عرض على الجدول الزمني,
Show percentage difference according to this time interval,إظهار فرق النسبة المئوية وفقًا لهذا الفاصل الزمني,
Show sidebar,إظهار الشريط الجانبي,
"Show title in browser window as ""Prefix - title""","اظهار العنوان في نافذة المتصفح كما ""بادئة - عنوان""",
Show {0} List,عرض قائمة {0}.,
Showing only Numeric fields from Report,عرض حقول رقمية فقط من التقرير,
Showing only first {0} rows out of {1},عرض أول {0} صف فقط من أصل {1},
Sidebar,الشريط الجانبي,
Sidebar Item Group,مجموعة عناصر الشريط الجانبي,
Sidebar Item Group Link,رابط مجموعة عناصر الشريط الجانبي,
Sidebar Items,عناصر الشريط الجانبي,
Sidebar Settings,إعدادات الشريط الجانبي,
Sidebar and Comments,الشريط الجانبي وتعليقات,
Sign Out,تسجيل الخروج,
Sign Up and Confirmation,الاشتراك والتأكيد,
Sign Up is disabled,تم تعطيل الاشتراك,
Sign up,سجل,
Sign ups,الاشتراكات,
Signature,توقيع,
Signup Disabled,تم تعطيل التسجيل,
Signups have been disabled for this website.,تم تعطيل الاشتراكات لهذا الموقع.,
"Simple Python Expression, Example: <code class=""language-python"">status == ""Invalid""</code>","تعبير بايثون بسيط، مثال: <code class=""language-python"">الحالة == ""غير صالح""</code>",
"Simple Python Expression, Example: <code class=""language-python"">status == 'Open' and issue_type == 'Bug'</code>","تعبير بايثون بسيط، مثال: <code class=""language-python"">status == 'Open' and Issue_type == 'Bug'</code>",
"Simple Python Expression, Example: <code class=""language-python"">status in (""Closed"", ""Cancelled"")</code>","تعبير بايثون بسيط، مثال: <code class=""language-python"">الحالة في (""مغلق""، ""ملغى"")</code>",
Simultaneous Sessions,جلسات متزامنة,
Single DocTypes cannot be customized.,لا يمكن تخصيص DocTypes مفردة.,
Single Types have only one record no tables associated. Values are stored in tabSingles,أنواع واحد يكون سجل واحد فقط لا الجداول المرتبطة . يتم تخزين القيم في tabSingles,
"Site is running in read only mode for maintenance or site update, this action can not be performed right now. Please try again later.",الموقع يعمل في وضع القراءة فقط للصيانة أو تحديث الموقع، ولا يمكن تنفيذ هذا الإجراء الآن. يرجى المحاولة مرة أخرى في وقت لاحق.,
Size,الحجم,
Size (MB),الحجم (ميجابايت),
Size exceeds the maximum allowed file size.,يتجاوز الحجم الحد الأقصى المسموح به لحجم الملف.,
Skip,تخطى,
Skip Authorization,تجاهل حق الوصول,
Skip Step,تخطي الخطوة,
Skipped,تم تخطيه,
Skipping Duplicate Column {0},تخطي عمود مكرر {0},
Skipping Untitled Column,تخطي العمود بلا عنوان,
Skipping column {0},عمود التخطي {0},
Skipping fixture syncing for doctype {0} from file {1},تخطي مزامنة التركيبات لنوع المستند {0} من الملف {1},
"Skipping {0} of {1}, {2}",تخطي {0} من {1}، {2},
Skype,سكايب,
Slack,تثاقل,
Slack Channel,قناة سلاك,
Slack Webhook Error,خطأ Slack Webhook,
Slack Webhook URL,عنوان URL لـ Slack Webhook,
Slideshow,عرض الشرائح,
Slideshow Items,عرض الشرائح عناصر,
Slideshow Name,اسم العرض,
Slideshow like display for the website,عرض الشرائح مثل العرض للموقع,
Slug,سبيكة,
Small Text,نص صغير,
Smallest Currency Fraction Value,أصغر قيمه كسر العملة,
Smallest circulating fraction unit (coin). For e.g. 1 cent for USD and it should be entered as 0.01,أصغر وحدة تعميم جزء (عملة). على سبيل المثال ل 1 في المائة لUSD ويجب إدخال كما 0.01,
Snippet and more variables:  {0},مقتطف ومتغيرات أخرى: {0},
Social Link Settings,إعدادات الارتباط الاجتماعي,
Social Link Type,نوع الارتباط الاجتماعي,
Social Login Key,مفتاح تسجيل الدخول الاجتماعي,
Social Login Provider,موفر تسجيل الدخول الاجتماعي,
Social Logins,تسجيل الدخول الاجتماعي,
SocketIO Ping Check,التحقق من الأمر Ping لـSocketIO,
SocketIO Transport Mode,وضع النقل المقبس IO,
Soft-Bounced,لينة المرتجعة,
Software ID,معرف البرنامج,
Software Version,إصدار البرنامج,
Solid,صلب,
Some columns might get cut off when printing to PDF. Try to keep number of columns under 10.,قد يتم قطع بعض الأعمدة عند الطباعة إلى PDF. حاول إبقاء عدد الأعمدة أقل من 10.,
"Some mailboxes require a different Sent Folder Name e.g. ""INBOX.Sent""","تتطلب بعض صناديق البريد اسم مجلد مرسل مختلفًا، على سبيل المثال. ""البريد الوارد. تم الإرسال""",
Some of the features might not work in your browser. Please update your browser to the latest version.,قد لا تعمل بعض الميزات في المتصفح. يرجى تحديث المتصفح إلى أحدث إصدار.,
Something went wrong,حدث خطأ ما,
Something went wrong during the token generation. Click on {0} to generate a new one.,حدث خطأ ما أثناء الجيل المميز. انقر على {0} لإنشاء واحدة جديدة.,
Something went wrong.,حدث خطأ ما.,
Sorry! I could not find what you were looking for.,"عذراَ ! ,  لا يمكن العثورعلى ما تبحث عنه.",
Sorry! You are not permitted to view this page.,"عذراَ !, غير مسموح لك مشاهدة هذه الصفحة.",
Sort Ascending,فرز تصاعدي,
Sort Descending,فرز تنازلي,
Sort Field,نوع الحقل,
Sort Options,خيارات الفرز,
Sort Order,ترتيب,
Sort field {0} must be a valid fieldname,يجب أن يكون حقل نوع {0} لFIELDNAME صحيح,
Source,المصدر,
Source Code,كود المصدر,
Source Name,اسم المصدر,
Source Text,النص المصدر,
Spacer,فاصل,
Spam,بريد مؤذي,
SparkPost,سبارك بوست,
Spawns actions in a background job,يولد الإجراءات في وظيفة الخلفية,
Special Characters are not allowed,لا يسمح أحرف خاصة,
"Special Characters except '-', '#', '.', '/', '{{' and '}}' not allowed in naming series {0}",{0} الأحرف الخاصة باستثناء &quot;-&quot; ، &quot;#&quot; ، &quot;.&quot; ، &quot;/&quot; ، &quot;{{&quot; و &quot;}}&quot; غير مسموح في سلسلة التسمية,
"Specify a custom timeout, default timeout is 1500 seconds",حدد مهلة مخصصة، المهلة الافتراضية هي 1500 ثانية,
"Specify the domains or origins that are permitted to embed this form. Enter one domain per line (e.g., https://example.com). If no domains are specified, the form can only be embedded on the same origin.",حدد المجالات أو الأصول المسموح لها بتضمين هذا النموذج. أدخل نطاقًا واحدًا في كل سطر (على سبيل المثال، https://example.com). إذا لم يتم تحديد أي نطاقات، فيمكن تضمين النموذج فقط على نفس الأصل.,
Splash Image,صورة سبلاش,
Sr,الأب,
Sr No.,رقم السيد,
Stack Trace,تتبع المكدس,
Standard,اساسي,
Standard DocType can not be deleted.,لا يمكن حذف DocType القياسي.,
"Standard DocType cannot have default print format, use Customize Form",لا يمكن أن يكون تنسيق دوكتيب القياسي تنسيق طباعة افتراضي، استخدام نموذج مخصص,
Standard Not Set,المعيار غير محدد,
Standard Permissions,الأذونات القياسية,
Standard Print Format cannot be updated,لا يمكن تحديث تنسيق الطباعة القياسية,
Standard Print Style cannot be changed. Please duplicate to edit.,لا يمكن تغيير نمط الطباعة القياسي. الرجاء تكرار التعديل.,
Standard Reports cannot be deleted,لا يمكن حذف التقارير القياسية,
Standard Reports cannot be edited,لا يمكن تحرير التقارير القياسية,
Standard Sidebar Menu,قائمة الشريط الجانبي الرئيسية,
"Standard Web Forms can not be modified, duplicate the Web Form instead.",لا يمكن تعديل نماذج الويب القياسية، قم بتكرار نموذج الويب بدلاً من ذلك.,
Standard rich text editor with controls,محرر نص منسق قياسي مع عناصر تحكم,
Standard roles cannot be disabled,الصلاحيات القياسية لا يمكن تعطيلها,
Standard roles cannot be renamed,الصلاحيات القياسية لا يمكن إعادة تسميتها,
Standard user type {0} can not be deleted.,لا يمكن حذف نوع المستخدم القياسي {0}.,
Start,ابدأ,
Start Date,تاريخ البدء,
Start Date Field,تاريخ البدء الحقل,
Start Import,ابدأ الاستيراد,
Start Recording,ابدأ التسجيل,
Start Time,وقت البدء,
Start a new discussion,ابدأ مناقشة جديدة,
Start entering data below this line,البدء في إدخال البيانات تحت هذا الخط,
Start new Format,بدء تنسيق جديد,
StartTLS,STARTTLS,
Started,بدأت,
Started At,بدأت في,
Starting Frappe ...,جارٍ بدء Frappe ...,
Starts on,يبدأ يوم,
State,الدولة,
State Properties,خصائص الدولة,
State/Province,الولاية / المقاطعة,
States,الحالات,
Static Parameters,ثابت معلمات,
Statistics,الإحصائيات,
Stats,احصائيات,
Stats Time Interval,الفاصل الزمني للإحصائيات,
Status,الحالة,
Status Updated,تم تحديث الحالة,
Status Updated. The email will be picked up in the next scheduled run.,تم تحديث الحالة. سيتم التقاط البريد الإلكتروني في التشغيل المقرر التالي.,
Status: {0},الحالة: {0},
Step,خطوة,
Steps,خطوات,
Steps to verify your login,خطوات التحقق من تسجيل الدخول,
Sticky,لزجة,
Stop,توقف,
Stopped,توقف,
Storage Usage (MB),استخدام التخزين (ميجابايت),
Storage Usage By Table,استخدام التخزين حسب الجدول,
Store Attached PDF Document,تخزين مستند PDF المرفق,
Store the API secret securely. It won't be displayed again.,قم بتخزين سر API بشكل آمن. لن يتم عرضه مرة أخرى.,
Stores the JSON of last known versions of various installed apps. It is used to show release notes.,يخزن JSON من الإصدارات المعروفة الأخيرة من مختلف التطبيقات المثبتة. يتم استخدامها لعرض ملاحظات الإصدار.,
Stores the datetime when the last reset password key was generated.,يخزن التاريخ والوقت الذي تم فيه إنشاء آخر مفتاح لإعادة تعيين كلمة المرور.,
Straight rows of keys are easy to guess,صفوف متتالية من مفاتيح سهلة للتخمين,
Strip EXIF tags from uploaded images,إزالة علامات EXIF من الصور المرفوعة,
Strong,قوي,
Style,النمط,
Style Settings,نمط الضبط,
"Style represents the button color: Success - Green, Danger - Red, Inverse - Black, Primary - Dark Blue, Info - Light Blue, Warning - Orange",النمط يمثل لون الزر: النجاح-الأخضر ، الخطر-الأحمر ، معكوس-الأسود ، أساسي-أزرق داكن ، المعلومات-أزرق سماوي ، تحذير-برتقالي,
Stylesheet,ورقة الأنماط,
"Sub-currency. For e.g. ""Cent""",شبه العملات. ل &quot;سنت&quot; على سبيل المثال,
Sub-domain provided by erpnext.com,المجال الفرعي مقدم من erpnext.com,
Subdomain,مجال فرعي,
Subject,الموضوع,
Subject Field,حقل الموضوع,
"Subject Field type should be Data, Text, Long Text, Small Text, Text Editor",يجب أن يكون نوع حقل الموضوع بيانات ، نص ، نص طويل ، نص صغير ، محرر نص,
Submission Queue,قائمة انتظار التقديم,
Submit,إرسال,
Submit After Import,إرسال بعد الاستيراد,
Submit an Issue,إرسال مشكلة,
Submit another response,إرسال رد آخر,Button in web form
Submit button label,إرسال تسمية الزر,
Submit on Creation,تقديم على الخلق,
Submit this document to complete this step.,أرسل هذا المستند لإكمال هذه الخطوة.,
Submit this document to confirm,إرسال هذه الوثيقة إلى تأكيد,
Submit {0} documents?,هل تريد إرسال {0} مستند؟,Title of confirmation dialog
Submitted,تم الإرسال,
Submitted Document cannot be converted back to draft. Transition row {0},الوثيقة المسجلة لا يمكن تحويلها إلى مسودة row {0},
Submitted document cannot be converted back to draft while transitioning from <b>{0} State</b> to <b>{1} State</b>,لا يمكن تحويل المستند الذي تم إرساله مرة أخرى إلى مسودة أثناء الانتقال من <b>{0} حالة</b> إلى <b>{1} حالة</b>,
Submitting,تقديم,Freeze message while submitting a document
Submitting {0},تقديم {0},
Subsidiary,شركة فرعية,
Subtitle,عنوان فرعي,
Subtle,خفية,
Success,النجاح,
Success Action,نجاح العمل,
Success Message,رسالة النجاح,
Success URI,عنوان URL للنجاح,
Success URL,رابط النجاح,
Success message,رسالة النجاح,
Success title,عنوان النجاح,
Successful Job Count,عدد الوظائف الناجحة,
Successful Transactions,المعاملات الناجحة,
Successful: {0} to {1},ناجح: {0} إلى {1},
Successfully Updated,تم التحديث بنجاح,
Successfully imported {0},تم استيراد {0} بنجاح,
Successfully imported {0} out of {1} records.,تم استيراد {0} من أصل {1} من السجلات بنجاح.,
Successfully reset onboarding status for all users.,تمت إعادة تعيين حالة الإعداد لجميع المستخدمين بنجاح.,
Successfully signed out,تم تسجيل الخروج بنجاح,
Successfully updated translations,تم تحديث الترجمات بنجاح,
Successfully updated {0},تم تحديث {0} بنجاح,
Successfully updated {0} out of {1} records.,تم تحديث {0} من أصل {1} من السجلات بنجاح.,
Suggest Optimizations,أقترح التحسينات,
Suggested Indexes,الفهارس المقترحة,
Suggested Username: {0},اسم المستخدم اقترح: {0},
Sum,مجموع,
Sum of {0},مجموع {0},
Summary,ملخص,
Sunday,الأحد,
Suspend Sending,تعليق إرسال,
Switch Camera,تبديل الكاميرا,
Switch Theme,تبديل الموضوع,
Switch To Desk,التبديل إلى مكتب,
Switching Camera,تبديل الكاميرا,
Symbol,رمز,
Sync,مزامنة,
Sync Calendar,مزامنة التقويم,
Sync Contacts,مزامنة جهات الاتصال,
Sync events from Google as public,مزامنة الأحداث من Google كأحداث عامة,
Sync on Migrate,المزامنة على ترحيل,
"Sync token was invalid and has been reset, Retry syncing.",رمز المزامنة غير صالح وتمت إعادة تعيينه، أعد محاولة المزامنة.,
Sync with Google Calendar,مزامنة مع تقويم Google,
Sync with Google Contacts,مزامنة مع جهات اتصال Google,
Sync {0} Fields,مزامنة حقول {0}.,
Synced Fields,الحقول المتزامنة,
Syncing,المزامنة,
Syncing {0} of {1},مزامنة {0} من {1},
Syntax Error,خطأ في بناء الجملة,
System,نظام,
System Console,وحدة تحكم النظام,
System Generated Fields can not be renamed,لا يمكن إعادة تسمية الحقول التي أنشأها النظام,
System Health,صحة النظام,
System Health Report,تقرير صحة النظام,
System Health Report Errors,أخطاء تقرير صحة النظام,
System Health Report Failing Jobs,وظائف تقرير صحة النظام الفاشلة,
System Health Report Queue,قائمة انتظار تقرير صحة النظام,
System Health Report Tables,جداول تقرير صحة النظام,
System Health Report Workers,العاملين في تقرير صحة النظام,
System Manager,مدير النظام,
System Manager privileges required.,امتيازات مدير النظام مطلوبة.,
System Notification,إعلام النظام,
System Page,صفحة النظام,
System Settings,إعدادات النظام,
System managers are allowed by default,يسمح لمديري النظام بشكل افتراضي,
T,T,Number system
TOS URI,URI لشروط الخدمة,
Tab,علامة التبويب,
Tab Break,فاصل علامة التبويب,
Tab Label,تسمية علامة التبويب,
Table,جدول,
Table Break,فاصل الجدول,
Table Field,حقل الجدول,
Table Fieldname,اسم حقل الجدول,
Table Fieldname Missing,اسم حقل الجدول مفقود,
Table HTML,جدول HTML,
Table MultiSelect,الجدول MultiSelect,
"Table MultiSelect requires a table with at least one Link field, but none was found in {0}",يتطلب Table MultiSelect جدولاً يحتوي على حقل ارتباط واحد على الأقل، ولكن لم يتم العثور على أي منها في {0},
Table Trimmed,الجدول قلصت,
Table updated,الجدول محدث,
Table {0} cannot be empty,جدول {0} لا يمكن أن يكون فارغا,
Tabloid,صحيفة التابلويد,
Tag,علامة,
Tag Link,علامة الارتباط,
Tags,بطاقات,
Take Photo,تصوير,
Target,الهدف,
Task,المهمة,
Tasks,المهام,
Team Members,أعضاء الفريق,
Team Members Heading,عنوان أعضاء الفريق,
Team Members Subtitle,أعضاء الفريق العنوان الفرعي,
Telemetry,القياس عن بُعد,
Template,القالب,
Template Error,خطأ في القالب,
Template File,ملف القالب,
Template Options,خيارات القالب,
Template Warnings,تحذيرات القالب,
Templates,قوالب,
Temporarily Disabled,موقوف مؤقتا,
Test Data,بيانات الاختبار,
Test Job ID,معرف الوظيفة الاختبارية,
Test Spanish,اختبار الاسبانية,
Test_Folder,إختبار_المجلد,
Text,نص,
Text Align,محاذاة النص,
Text Color,لون الخط,
Text Content,محتوى النص,
Text Editor,محرر النصوص,
Thank you,شكرا,
"Thank you for reaching out to us. We will get back to you at the earliest.


Your query:

{0}","شكرا لتواصلك معنا. سوف نعود اليكم في أقرب وقت ممكن.


استفسارك:

{0}",
Thank you for spending your valuable time to fill this form,نشكرك على قضاء وقتك الثمين في ملء هذا النموذج,
Thank you for your email,شكرا لك على بريدك الالكتروني,
Thank you for your feedback!,شكرا لك على ملاحظاتك!,
Thank you for your message,شكرا لك على رسالتك,
Thanks,شكرا,
The Auto Repeat for this document has been disabled.,تم تعطيل التكرار التلقائي لهذا المستند.,
The CSV format is case sensitive,تنسيق كسف حساس لحالة الأحرف,
"The Client ID obtained from the Google Cloud Console under <a href=""https://console.cloud.google.com/apis/credentials"">
""APIs &amp; Services"" &gt; ""Credentials""
</a>","معرف العميل الذي تم الحصول عليه من Google Cloud Console ضمن <a href=""https://console.cloud.google.com/apis/credentials"">
""واجهات برمجة التطبيقات والخدمات"" > ""بيانات الاعتماد""
</أ>",
The Condition '{0}' is invalid,الشرط '{0}' غير صالح,
The File URL you've entered is incorrect,عنوان URL للملف الذي أدخلته غير صحيح,
The Next Scheduled Date cannot be later than the End Date.,لا يمكن أن يكون التاريخ المجدول التالي بعد تاريخ الانتهاء.,
The Push Relay Server URL key (`push_relay_server_url`) is missing in your site config,مفتاح URL لخادم Push Relay (`push_relay_server_url`) مفقود في تكوين موقعك,
The User record for this request has been auto-deleted due to inactivity by system admins.,تم حذف سجل المستخدم لهذا الطلب تلقائيًا بسبب عدم النشاط من قبل مسؤولي النظام.,
"The application has been updated to a new version, please refresh this page",تم تحديث التطبيق إلى الإصدار الجديد، يرجى تحديث هذه الصفحة,
The application name will be used in the Login page.,سيتم استخدام اسم التطبيق في صفحة تسجيل الدخول.,
The attachments could not be correctly linked to the new document,لا يمكن ربط المرفقات بشكل صحيح مع المستند الجديد,
"The browser API key obtained from the Google Cloud Console under <a href=""https://console.cloud.google.com/apis/credentials"">
""APIs &amp; Services"" &gt; ""Credentials""
</a>","تم الحصول على مفتاح واجهة برمجة تطبيقات المتصفح من Google Cloud Console ضمن <a href=""https://console.cloud.google.com/apis/credentials"">
""واجهات برمجة التطبيقات والخدمات"" > ""بيانات الاعتماد""
</أ>",
The changes have been reverted.,لقد تم التراجع عن التغييرات.,
The column {0} has {1} different date formats. Automatically setting {2} as the default format as it is the most common. Please change other values in this column to this format.,العمود {0} له {1} تنسيقات تاريخ مختلفة. تعيين {2} تلقائيًا كتنسيق افتراضي لأنه الأكثر شيوعًا. يرجى تغيير القيم الأخرى في هذا العمود إلى هذا التنسيق.,
The comment cannot be empty,لا يمكن أن يكون التعليق فارغًا,
The contents of this email are strictly confidential. Please do not forward this email to anyone.,محتويات هذا البريد الإلكتروني سرية للغاية. من فضلك لا ترسل هذا البريد الإلكتروني إلى أي شخص.,
The count shown is an estimated count. Click here to see the accurate count.,العدد الموضح هو عدد تقديري. انقر هنا لرؤية العدد الدقيق.,
The country's ISO 3166 ALPHA-2 code.,كود الدولة ISO 3166 ALPHA-2.,
The document could not be correctly assigned,لا يمكن تعيين المستند بشكل صحيح,
The document has been assigned to {0},تم تعيين المستند إلى {0},
"The document type selected is a child table, so the parent document type is required.",نوع المستند المحدد هو جدول فرعي، لذا فإن نوع المستند الأصلي مطلوب.,
The email button is enabled for the user in the document.,يتم تمكين زر البريد الإلكتروني للمستخدم في المستند.,
The field {0} in {1} does not allow ignoring user permissions,لا يسمح الحقل {0} في {1} بتجاهل أذونات المستخدم,
The field {0} in {1} links to {2} and not {3},الحقل {0} في {1} يرتبط بـ {2} وليس {3},
The field {0} is mandatory,الحقل {0} إلزامي,
The fieldname you've specified in Attached To Field is invalid,اسم الحقل الذي حددته في الحقل المرفق غير صالح,
The following Assignment Days have been repeated: {0},تم تكرار أيام الواجب التالية: {0},
The following Header Script will add the current date to an element in 'Header HTML' with class 'header-content',"سيضيف نص الرأس التالي التاريخ الحالي إلى عنصر في ""Header HTML"" مع فئة ""header-content""",
The following values are invalid: {0}. Values must be one of {1},القيم التالية غير صالحة: {0}. يجب أن تكون القيم واحدة من {1},
The following values do not exist for {0}: {1},القيم التالية غير موجودة لـ {0}: {1},
The limit has not set for the user type {0} in the site config file.,لم يتم تعيين الحد لنوع المستخدم {0} في ملف تكوين الموقع.,
The link will expire in {0} minutes,ستنتهي صلاحية الرابط خلال {0} دقيقة,
The link you trying to login is invalid or expired.,الرابط الذي تحاول تسجيل الدخول به غير صالح أو منتهي الصلاحية.,
"The meta description is an HTML attribute that provides a brief summary of a web page. Search engines such as Google often display the meta description in search results, which can influence click-through rates.",وصف التعريف هو سمة HTML توفر ملخصًا موجزًا لصفحة الويب. غالبًا ما تعرض محركات البحث مثل Google الوصف التعريفي في نتائج البحث ، مما قد يؤثر على معدلات النقر.,
"The meta image is unique image representing the content of the page. Images for this Card should be at least 280px in width, and at least 150px in height.",الصورة الوصفية هي صورة فريدة تمثل محتوى الصفحة. يجب ألا يقل عرض صور هذه البطاقة عن 280 بكسل ، وأن لا يقل ارتفاعها عن 150 بكسل.,
The name that will appear in Google Calendar,الاسم الذي سيظهر في تقويم Google,
The next tour will start from where the user left off.,ستبدأ الجولة التالية من حيث توقف المستخدم.,
The number of seconds until the request expires,عدد الثواني حتى انتهاء الطلب,
The password of your account has expired.,انتهت صلاحية كلمة المرور الخاصة بحسابك.,
The print button is enabled for the user in the document.,يتم تمكين زر الطباعة للمستخدم في المستند.,
The process for deletion of {0} data associated with {1} has been initiated.,بدأت عملية حذف البيانات {0} المرتبطة {1}.,
"The project number obtained from Google Cloud Console under <a href=""https://console.cloud.google.com/iam-admin/settings"">
""IAM &amp; Admin"" &gt; ""Settings""
</a>","رقم المشروع الذي تم الحصول عليه من Google Cloud Console ضمن <a href=""https://console.cloud.google.com/iam-admin/settings"">
""IAM والمسؤول"" > ""الإعدادات""
</أ>",
The report you requested has been generated.<br><br>Click here to download:<br><a href='{0}'>{0}</a><br><br>This link will expire in {1} hours.,تم إنشاء التقرير الذي طلبته.<br><br>انقر هنا للتنزيل:<br><a href='{0}'>{0}</a><br><br>ستنتهي صلاحية هذا الرابط خلال {1} ساعة.,
The reset password link has been expired,انتهت صلاحية رابط إعادة تعيين كلمة المرور,
The reset password link has either been used before or is invalid,تم استخدام رابط إعادة تعيين كلمة المرور من قبل أو أنه غير صالح,
The resource you are looking for is not available,المصدر الذي تبحث عنه غير متاح\n<br>\nThe resource you are looking for is not available,
The role {0} should be a custom role.,يجب أن يكون الدور {0} دورًا مخصصًا.,
The selected document {0} is not a {1}.,المستند المحدد {0} ليس {1}.,
The system is being updated. Please refresh again after a few moments.,يجري تحديث النظام. يرجى التحديث مرة أخرى بعد لحظات قليلة.,
The system provides many pre-defined roles. You can add new roles to set finer permissions.,يوفر النظام العديد من الأدوار المحددة مسبقًا. يمكنك إضافة أدوار جديدة لتعيين أذونات أكثر دقة.,
The total number of user document types limit has been crossed.,تم تجاوز الحد الأقصى لعدد أنواع مستندات المستخدم.,
The user can create a new Item but cannot edit existing items.,يمكن للمستخدم إنشاء عنصر جديد ولكن لا يمكنه تحرير العناصر الموجودة.,
The user can delete Draft / Cancelled documents.,يمكن للمستخدم حذف المسودة / المستندات الملغاة.,
The user can export report data.,يمكن للمستخدم تصدير بيانات التقرير.,
The user can import new records or update existing data for the document.,يمكن للمستخدم استيراد سجلات جديدة أو تحديث البيانات الموجودة للمستند.,
The user can select a Customer in Sales Order but cannot open the Customer master.,يمكن للمستخدم تحديد عميل في أمر المبيعات ولكن لا يمكنه فتح مدير العميل.,
The user can share document access with another user.,يمكن للمستخدم مشاركة الوصول إلى المستند مع مستخدم آخر.,
The user can update a customer or any other fields in an existing Sales Order but cannot create a new Sales Order.,يمكن للمستخدم تحديث العميل أو أي حقول أخرى في أمر مبيعات موجود ولكن لا يمكنه إنشاء أمر مبيعات جديد.,
The user can view Sales Invoices but cannot modify any field values in them.,يمكن للمستخدم عرض فواتير المبيعات ولكن لا يمكنه تعديل أي قيم حقول فيها.,
"The value of the field {0} is too long in the {1} document. To resolve this issue, please reduce the value length or change the {0} field Type to Long Text using customize form, and then try again.",قيمة الحقل {0} طويلة جدًا في المستند {1}. لحل هذه المشكلة، يرجى تقليل طول القيمة أو تغيير الحقل {0} اكتبه إلى نص طويل باستخدام نموذج التخصيص، ثم حاول مرة أخرى.,
The value you pasted was {0} characters long. Max allowed characters is {1}.,القيمة التي قمت بلصقها كانت بطول {0} حرفًا. الحد الأقصى للأحرف المسموح بها هو {1}.,
The webhook will be triggered if this expression is true,سيتم تشغيل webhook إذا كان هذا التعبير صحيحًا,
The {0} is already on auto repeat {1},{0} قيد التكرار التلقائي {1},
Theme,موضوع,
Theme Changed,تم تغيير الموضوع,
Theme Configuration,تكوين الموضوع,
Theme URL,عنوان URL الموضوع,
There are documents which have workflow states that do not exist in this Workflow. It is recommended that you add these states to the Workflow and change their states before removing these states.,توجد مستندات تحتوي على حالات سير عمل غير موجودة في سير العمل هذا. يوصى بإضافة هذه الحالات إلى سير العمل وتغيير حالاتها قبل إزالة هذه الحالات.,
There are no upcoming events for you.,لا توجد أحداث قادمة بالنسبة لك.,
"There are no {0} for this {1}, why don't you start one!",لا يوجد {0} لهذا {1}، لماذا لا تبدأ واحدًا!,
There are {0} with the same filters already in the queue:,يوجد {0} بنفس المرشحات الموجودة بالفعل في قائمة الانتظار:,
There can be only 9 Page Break fields in a Web Form,يمكن أن يكون هناك 9 حقول لفاصل الصفحات فقط في نموذج الويب,
There can be only one Fold in a form,يمكن أن يكون هناك واحد فقط طية في شكل,
There is an error in your Address Template {0},يوجد خطأ في قالب العناوين {0},
There is no data to be exported,لا توجد بيانات ليتم تصديرها,
"There is no task called ""{}""","لا توجد مهمة اسمها ""{}""",
There is nothing new to show you right now.,لا يوجد شيء جديد لأعرضه لك الآن.,
There is some problem with the file url: {0},هناك بعض المشاكل مع رابط الملف: {0},
There is {0} with the same filters already in the queue:,يوجد {0} بنفس المرشحات الموجودة بالفعل في قائمة الانتظار:,
There must be atleast one permission rule.,يجب أن يكون هناك على الأقل قاعدة إذن واحد.,
There was an error building this page,كان هناك خطأ في بناء هذه الصفحة,
There was an error saving filters,كان هناك خطأ في حفظ المرشحات,
There were errors,كانت هناك أخطاء,
There were errors while creating the document. Please try again.,كانت هناك أخطاء أثناء إنشاء المستند. حاول مرة اخرى.,
There were errors while sending email. Please try again.,حدثت أخطاء أثناء إرسال البريد الإلكتروني. يرجى المحاولة مرة أخرى.,
"There were some errors setting the name, please contact the administrator",كانت هناك بعض الأخطاء التي تحدد الاسم، يرجى الاتصال بالمشرف,
These announcements will appear inside a dismissible alert below the Navbar.,ستظهر هذه الإعلانات داخل تنبيه قابل للرفض أسفل شريط التنقل.,
"These fields are used to provide resource server metadata to clients querying the ""well known protected resource"" end point.","يتم استخدام هذه الحقول لتوفير بيانات تعريف خادم المورد للعملاء الذين يستعلمون عن نقطة نهاية ""المورد المحمي المعروف"".",
These settings are required if 'Custom' LDAP Directory is used,"هذه الإعدادات مطلوبة في حالة استخدام دليل LDAP ""المخصص"".",
These values will be automatically updated in transactions and also will be useful to restrict permissions for this user on transactions containing these values.,وسيتم تحديث هذه القيم تلقائيا في المعاملات وأيضا سوف تكون مفيدة لتقييد الأذونات لهذا المستخدم على المعاملات التي تحتوي على هذه القيم.,
Third Party Apps,تطبيقات الجهات الخارجية,
Third Party Authentication,إثبات أصالة الطرف الثالث,
This Currency is disabled. Enable to use in transactions,تم تعطيل هذه العملات . تمكين لاستخدامها في المعاملات,
This Kanban Board will be private,وهذا المجلس كانبان يكون القطاع الخاص,
This Month,هذا الشهر,
This PDF cannot be uploaded as it contains unsafe content.,لا يمكن تحميل ملف PDF هذا لأنه يحتوي على محتوى غير آمن.,
This Quarter,هذا الربع,
This Week,هذا الأسبوع,
This Year,هذا العام,
This action is irreversible. Do you wish to continue?,هذا الإجراء لا رجعة فيه. هل ترغب في الاستمرار؟,
This action is only allowed for {},هذا الإجراء مسموح به فقط لـ {},
This cannot be undone,هذا لا يمكن التراجع عنها,
This card is visible only to Administrator and System Managers by default. Set a DocType to share with users who have read access.,تكون هذه البطاقة مرئية فقط للمسؤول ومديري النظام بشكل افتراضي. قم بتعيين DocType لمشاركته مع المستخدمين الذين لديهم حق الوصول للقراءة.,Number Card
This card will be available to all Users if this is set,ستكون هذه البطاقة متاحة لجميع المستخدمين إذا تم تعيين ذلك,
This chart will be available to all Users if this is set,سيكون هذا المخطط متاحًا لجميع المستخدمين إذا تم تعيين هذا,
This doctype has no orphan fields to trim,لا يحتوي هذا النوع من المستندات على حقول يتيمة لقصها,
"This doctype has pending migrations, run 'bench migrate' before modifying the doctype to avoid losing changes.","يحتوي نوع المستند هذا على عمليات ترحيل معلقة، قم بتشغيل ""ترحيل البدلاء"" قبل تعديل نوع المستند لتجنب فقدان التغييرات.",
This document can not be deleted right now as it's being modified by another user. Please try again after some time.,لا يمكن حذف هذا المستند الآن لأنه يتم تعديله بواسطة مستخدم آخر. يرجى المحاولة مرة أخرى بعد مرور بعض الوقت.,
This document has already been queued for submission. You can track the progress over {0}.,لقد تم بالفعل وضع هذا المستند في قائمة الانتظار لتقديمه. يمكنك تتبع التقدم خلال {0}.,
This document has been modified after the email was sent.,تم تعديل هذا المستند بعد إرسال البريد الإلكتروني.,
This document has unsaved changes which might not appear in final PDF. <br> Consider saving the document before printing.,يحتوي هذا المستند على تغييرات غير محفوظة والتي قد لا تظهر في ملف PDF النهائي. <br> فكر في حفظ المستند قبل الطباعة.,
"This document is already amended, you cannot ammend it again",تم تعديل هذا المستند بالفعل ، ولا يمكنك تعديله مرة أخرى,
This document is currently locked and queued for execution. Please try again after some time.,هذا المستند مقفل حاليًا وفي قائمة الانتظار للتنفيذ. يرجى المحاولة مرة أخرى بعد مرور بعض الوقت.,
This email is autogenerated,تم إنشاء هذا البريد الإلكتروني تلقائيا,
"This feature can not be used as dependencies are missing.
				Please contact your system manager to enable this by installing pycups!","لا يمكن استخدام هذه الميزة لأن التبعيات مفقودة.
				يرجى الاتصال بمدير النظام الخاص بك لتمكين هذا عن طريق تثبيت pycups!",
This feature is brand new and still experimental,هذه الميزة جديدة تمامًا ولا تزال تجريبية,
"This field will appear only if the fieldname defined here has value OR the rules are true (examples):
myfield
eval:doc.myfield=='My Value'
eval:doc.age&gt;18","لن يظهر هذا الحقل إلا إذا كان اسم الحقل المحدد هنا له قيمة أو كانت القواعد صحيحة (أمثلة):
com.myfield
eval:doc.myfield=='قيمتي'
تقييم:doc.age>18",
This file is attached to a protected document and cannot be deleted.,هذا الملف مرفق بمستند محمي ولا يمكن حذفه.,
"This file is public and can be accessed by anyone, even without logging in. Mark it private to limit access.",هذا الملف عام ويمكن لأي شخص الوصول إليه، حتى بدون تسجيل الدخول. قم بوضع علامة عليه كخاص لتقييد الوصول.,
This file is public. It can be accessed without authentication.,هذا الملف عام. يمكن الوصول إليه دون مصادقة.,
This form has been modified after you have loaded it,تم تعديل هذا النموذج بعد أن كنت قد تحميلها,
This form is not editable due to a Workflow.,هذا النموذج غير قابل للتحرير بسبب سير العمل.,
This format is used if country specific format is not found,ويستخدم هذا الشكل إذا لم يتم العثور على صيغة محددة البلاد,
This geolocation provider is not supported yet.,موفر تحديد الموقع الجغرافي هذا غير مدعوم حتى الآن.,
This goes above the slideshow.,هذا يذهب فوق عرض الشرائح.,
This is a background report. Please set the appropriate filters and then generate a new one.,هذا هو تقرير الخلفية. يرجى تعيين المرشحات المناسبة ثم إنشاء واحدة جديدة.,
This is a top-10 common password.,هذا هو كلمة السر المشتركة من أعلى إلى 10.,
This is a top-100 common password.,هذا هو كلمة السر المشتركة من أعلى إلى 100.,
This is a very common password.,هذا هو كلمة شائعة جدا.,
This is a virtual doctype and data is cleared periodically.,هذا نوع مستند افتراضي ويتم مسح البيانات بشكل دوري.,
This is an automatically generated reply,هذا الرد تلقائي,
This is similar to a commonly used password.,هذا هو مماثل لكلمة شائعة الاستخدام.,
This is the number of the last created transaction with this prefix,هذا هو عدد المعاملات التي تم إنشاؤها باستخدام مشاركة هذه البادئة,
This link has already been activated for verification.,تم تنشيط هذا الرابط بالفعل للتحقق منه.,
This link is invalid or expired. Please make sure you have pasted correctly.,هذا الرابط غير صالح أو منتهية الصلاحية. من فضلك تأكد من ولصق بشكل صحيح.,
This may get printed on multiple pages,قد تتم طباعة هذا على صفحات متعددة,
This month,هذا الشهر,
"This report contains {0} rows and is too big to display in browser, you can {1} this report instead.",يحتوي هذا التقرير على {0} صف وهو كبير جدًا بحيث لا يمكن عرضه في المتصفح، يمكنك {1} هذا التقرير بدلاً من ذلك.,
This report was generated on {0},تم إنشاء هذا التقرير في {0},
This report was generated {0}.,تم إنشاء هذا التقرير {0}.,
This request has not yet been approved by the user.,لم تتم الموافقة على هذا الطلب من قبل المستخدم.,
"This site is in read only mode, full functionality will be restored soon.",هذا الموقع في وضع القراءة فقط، وسيتم استعادة وظائفه الكاملة قريبًا.,
This site is running in developer mode. Any change made here will be updated in code.,هذا الموقع يعمل في وضع المطور. سيتم تحديث أي تغيير يتم إجراؤه هنا في الكود.,
This software is built on top of many open source packages.,تم بناء هذا البرنامج على العديد من الحزم مفتوحة المصدر.,
This title will be used as the title of the webpage as well as in meta tags,سيتم استخدام هذا العنوان كعنوان لصفحة الويب وكذلك في العلامات الوصفية,
This value is fetched from {0}'s {1} field,يتم جلب هذه القيمة من الحقل {1} الخاص بـ {0}.,
This value specifies the max number of rows that can be rendered in report view.,تحدد هذه القيمة الحد الأقصى لعدد الصفوف التي يمكن عرضها في عرض التقرير.,
"This will be automatically generated when you publish the page, you can also enter a route yourself if you wish",سيتم إنشاء هذا تلقائيًا عند نشر الصفحة ، ويمكنك أيضًا إدخال مسار بنفسك إذا كنت ترغب في ذلك,
This will be shown in a modal after routing,سيظهر هذا في شكل مشروط بعد التوجيه,
This will be shown to the user in a dialog after routing to the report,سيظهر هذا للمستخدم في مربع حوار بعد التوجيه إلى التقرير,
This will log out {0} from all other devices,سيقوم هذا بتسجيل الخروج {0} من كافة الأجهزة الأخرى,
This will permanently remove your data.,سيؤدي هذا إلى إزالة بياناتك نهائيًا.,
This will reset this tour and show it to all users. Are you sure?,سيؤدي هذا إلى إعادة تعيين هذه الجولة وإظهارها لجميع المستخدمين. هل أنت متأكد؟,
"This will terminate the job immediately and might be dangerous, are you sure?",سيؤدي هذا إلى إنهاء المهمة فورًا وقد يكون خطيرًا، هل أنت متأكد؟,
Throttled,مخنوق,
Thumbnail URL,URL المصغرة,
Thursday,الخميس,
Time,زمن,
Time Format,تنسيق الوقت,
Time Interval,الفاصل الزمني,
Time Series,السلاسل الزمنية,
Time Series Based On,سلسلة زمنية بناء على,
Time Taken,الوقت المستغرق,
Time Window (Seconds),النافذة الزمنية (ثواني),
Time Zone,منطقة زمنية,
Time Zones,من المناطق الزمنية,
Time format,تنسيق الوقت,
Time in Queries,الوقت في الاستعلامات,
Time in seconds to retain QR code image on server. Min:<strong>240</strong>,الوقت في ثوان للاحتفاظ صورة رمز الاستجابة السريعة على الخادم. الحد الأدنى: <strong>240</strong>,
Time series based on is required to create a dashboard chart,مطلوب سلسلة زمنية بناءً على إنشاء مخطط لوحة معلومات,
Time {0} must be in format: {1},يجب أن يكون الوقت {0} بالتنسيق: {1},
Timed Out,انتهت المهلة,
Timeless Night,ليلة خالدة,
Timeline,الجدول الزمني,
Timeline DocType,DOCTYPE الزمني,
Timeline Field,الجدول الزمني الميدان,
Timeline Links,الجدول الزمني وصلات,
Timeline Name,اسم الزمني,
Timeline field must be a Link or Dynamic Link,يجب أن يكون حقل المخطط الزمني رابطا أو رابطا ديناميا,
Timeline field must be a valid fieldname,يجب أن يكون حقل المخطط الزمني اسم حقل صالحا,
Timeout,المهلة,
Timeout (In Seconds),المهلة (بالثواني),
Timeseries,السلاسل الزمنية,
Timespan,الفترة الزمنية,
Timestamp,الطابع الزمني,
Tip: Try the new dropdown console using,نصيحة: جرب وحدة التحكم المنسدلة الجديدة باستخدام,
Title,العنوان,
Title Field,حقل العنوان,
Title Prefix,عنوان الاختصار,
Title field must be a valid fieldname,يجب أن يكون حقل العنوان حقل اسم صالح,
Title of the page,عنوان الصفحة,
To,ل,
To Date,حتى الآن,
To Date Field,إلى تاريخ الحقل,
To Do,قائمة المهام,
"To add dynamic subject, use jinja tags like

<div><pre><code>New {{ doc.doctype }} #{{ doc.name }}</code></pre></div>","لإضافة موضوع ديناميكي، استخدم علامات jinja مثل

<div><pre><code>جديد {{ doc.doctype }} #{{ doc.name }}</code></pre></div>",
"To add dynamic values from the document, use jinja tags like

<div>
<pre><code>{ ""id"": ""{{ doc.name }}"" }</code>
</pre>
</div>","لإضافة قيم ديناميكية من المستند، استخدم علامات jinja مثل

<ديف>
<pre><code>{ ""id"": ""{{ doc.name }}"" }</code>
</قبل>
</div>",
To allow more reports update limit in System Settings.,للسماح بمزيد من حد تحديث التقارير في إعدادات النظام.,
To and CC,لوCC,
"To begin the date range at the start of the chosen period. For example, if 'Year' is selected as the period, the report will start from January 1st of the current year.","لبدء النطاق الزمني في بداية الفترة المختارة. على سبيل المثال، إذا تم تحديد ""السنة"" كفترة، فسيبدأ التقرير اعتبارًا من الأول من يناير من العام الحالي.",
"To configure Auto Repeat, enable ""Allow Auto Repeat"" from {0}.",لتهيئة التكرار التلقائي ، قم بتمكين &quot;السماح بالتكرار التلقائي&quot; من {0}.,
To enable it follow the instructions in the following link: {0},لتمكينه ، اتبع التعليمات في الرابط التالي: {0},
"To enable server scripts, read the {0}.",لتمكين البرامج النصية للخادم، اقرأ {0}.,
"To export this step as JSON, link it in a Onboarding document and save the document.",لتصدير هذه الخطوة بتنسيق JSON، قم بربطها في مستند Onboarding واحفظ المستند.,
To generate password click {0},لإنشاء كلمة المرور، انقر فوق {0},
"To get the updated report, click on {0}.",للحصول على التقرير المحدّث ، انقر على {0}.,
To know more click {0},لمعرفة المزيد انقر على {0},
To print output use <code>print(text)</code>,لطباعة المخرجات استخدم <code>طباعة(نص)</code>,
"To set the role {0} in the user {1}, kindly set the {2} field as {3} in one of the {4} record.",لتعيين الدور {0} في المستخدم {1}، يرجى تعيين الحقل {2} كـ {3} في أحد السجلات {4}.,
"To use Google Calendar, enable {0}.",لاستخدام تقويم Google ، قم بتمكين {0}.,
"To use Google Contacts, enable {0}.",لاستخدام جهات اتصال Google ، قم بتمكين {0}.,
"To use Google Indexing, enable <a href=""/desk/google-settings"">Google Settings</a>.","لاستخدام فهرسة Google، قم بتمكين <a href=""/desk/google-settings"">إعدادات Google</a>.",
"To use Slack Channel, add a <a href=""#List/Slack%20Webhook%20URL/List"">Slack Webhook URL</a>.","لاستخدام قناة Slack، أضف <a href=""#List/Slack%20Webhook%20URL/List"">عنوان URL لـ Slack Webhook</a>.",
To version,إلى الإصدار,
ToDo,قائمة المهام,
Today,اليوم,
Toggle Chart,تبديل الرسم البياني,
Toggle Grid View,تبديل عرض الشبكة,
Toggle Sidebar,تبديل الشريط الجانبي,
Token,رمز,
Token Cache,ذاكرة التخزين المؤقت للرمز المميز,
Token Endpoint Auth Method,طريقة مصادقة نقطة النهاية للرمز المميز,
Token Type,نوع الرمز المميز,
Token URI,رمز URI,
Token is missing,رمز مفقود,
Tomorrow,غدا,
Too Many Documents,عدد كبير جدًا من المستندات,
Too Many Requests,طلبات كثيرة جدا,
Too many changes to database in single action.,تغييرات كثيرة جدًا على قاعدة البيانات في إجراء واحد.,
Too many queued background jobs ({0}). Please retry after some time.,هناك عدد كبير جدًا من مهام الخلفية الموجودة في قائمة الانتظار ({0}). يرجى إعادة المحاولة بعد مرور بعض الوقت.,
Too many requests. Please try again later.,طلبات كثيرة جدًا. يرجى المحاولة مرة أخرى في وقت لاحق.,
"Too many users signed up recently, so the registration is disabled. Please try back in an hour",وقعت الكثير من المستخدمين في الآونة الأخيرة، وذلك هو تعطيل التسجيل. يرجى المحاولة مرة أخرى في ساعة,
Top,أعلى,
Top 10,أعلى 10,
Top Bar Item,أفضل شريط الإغلاق,
Top Bar Items,قطع الشريط العلوي,
Top Center,أعلى المركز,
Top Errors,أهم الأخطاء,
Top Left,أعلى اليسار,
Top Right,أعلى اليمين,
Topic,موضوع,
Total,المجموع,
Total Background Workers,إجمالي العاملين في الخلفية,
Total Errors (last 1 day),إجمالي الأخطاء (آخر يوم واحد),
Total Images,إجمالي الصور,
Total Outgoing Emails,إجمالي رسائل البريد الإلكتروني الصادرة,
Total Subscribers,إجمالي عدد المشتركين,
Total Users,إجمالي المستخدمين,
Total Working Time,إجمالي وقت العمل,
Total number of emails to sync in initial sync process,إجمالي عدد رسائل البريد الإلكتروني المراد مزامنتها في عملية المزامنة الأولية,
Total:,الاجمالي غير شامل الضريبة:,
Totals,المجاميع,
Totals Row,الصف الكلي,
Trace ID,معرف التتبع,
Traceback,تتبع,
Track Changes,تعقب التغيرات,
Track Email Status,تتبع حالة البريد الإلكتروني,
Track Field,حقل المسار,
Track Seen,المسار رأيت,
Track Steps,تتبع الخطوات,
Track Views,طرق العرض المسار,
"Track if your email has been opened by the recipient.
<br>
Note: If you're sending to multiple recipients, even if 1 recipient reads the email, it'll be considered ""Opened""","تتبع ما إذا كان المستلم قد فتح بريدك الإلكتروني.
<ر>
ملاحظة: إذا كنت ترسل إلى عدة مستلمين، حتى إذا قرأ مستلم واحد البريد الإلكتروني، فسيتم اعتباره ""مفتوحًا""",
Track milestones for any document,تتبع المعالم لأي وثيقة,
Tracking URL generated and copied to clipboard,تم إنشاء عنوان URL للتتبع ونسخه إلى الحافظة,
Transgender,المتحولين جنسيا,
Transition Properties,خصائص الانتقال,
Transition Rules,الانتقال قوانين,
Transition Tasks,المهام الانتقالية,
Transitions,التحولات,
Translatable,للترجمة,
Translate Data,ترجمة البيانات,
Translate Link Fields,ترجمة حقول الارتباط,
Translate values,ترجمة القيم,
Translate {0},ترجمة {0},
Translated Text,ترجمة النص,
Translation,ترجمة,
Translations,ترجمة,
Translator,مترجم,
Trash,قمامة، يدمر، يهدم,
Tree,شجرة,
Tree View,عرض الشجرة,
Tree structures are implemented using Nested Set,يتم تطبيق بنيات الشجرة باستخدام مجموعة متداخلة,
Tree view is not available for {0},عرض الشجرة غير متاح لـ {0},
Trigger Method,الطريقة الزناد,
Trigger Primary Action,الزناد العمل الأساسي,
Trigger caching,تشغيل التخزين المؤقت,
"Trigger on valid methods like ""before_insert"", ""after_update"", etc (will depend on the DocType selected)",الزناد على الطرق الصحيحة مثل &quot;before_insert&quot;، &quot;after_update&quot;، وما إلى ذلك (تعتمد على نوع المستند المحدد),
Trim Table,جدول القطع,
Try Again,حاول مرة أخرى,
Try a Naming Series,جرب سلسلة التسمية,
Try the new Print Designer,جرب مصمم الطباعة الجديد,
Try to avoid repeated words and characters,في محاولة لتجنب الكلمات المكررة وشخصيات,
Try to use a longer keyboard pattern with more turns,محاولة استخدام نمط لوحة المفاتيح أطول مع المزيد من المنعطفات,
Tuesday,الثلاثاء,
Two Factor Authentication,المصادقة الثنائية,
Two Factor Authentication method,طريقة المصادقة الثنائية,
Type,اكتب,
Type a reply / comment,اكتب الرد / التعليق,
Type something in the search box to search,اكتب شيئا في مربع البحث للبحث,
Type title,اكتب العنوان,
Type your reply here...,اكتب ردك هنا...,
Type:,النوع:,
UI Tour,جولة واجهة المستخدم,
UID,رمز المستخدم,
UIDNEXT,يويدنيكست,
UIDVALIDITY,صلاحية الهوية,
UNSEEN,غير مرئي,
"URIs for receiving authorization code once the user allows access, as well as failure responses. Typically a REST endpoint exposed by the Client App.
<br>e.g. http://hostname/api/method/frappe.integrations.oauth2_logins.login_via_facebook","معرفات URI لتلقي رمز التفويض بمجرد أن يسمح المستخدم بالوصول، بالإضافة إلى استجابات الفشل. عادةً ما تكون نقطة نهاية REST التي يكشفها تطبيق العميل.
<br>على سبيل المثال. http://hostname/api/method/frappe.integrations.oauth2_logins.login_via_facebook",
URL,رابط الانترنت,
URL for documentation or help,عنوان URL للتوثيق أو المساعدة,
URL must start with http:// or https://,يجب أن يبدأ عنوان URL بـ http:// أو https://,
URL of a human-readable page with info that developers might need.,عنوان URL لصفحة يمكن قراءتها بواسطة الإنسان وتحتوي على معلومات قد يحتاجها المطورون.,
URL of a web page providing information about the client.,عنوان URL لصفحة الويب التي توفر معلومات حول العميل.,
URL of human-readable page with info about the protected resource's terms of service.,عنوان URL لصفحة يمكن قراءتها بواسطة الإنسان وتحتوي على معلومات حول شروط خدمة المورد المحمي.,
URL of human-readable page with info on requirements about how the client can use the data.,عنوان URL للصفحة التي يمكن قراءتها بواسطة الإنسان والتي تحتوي على معلومات حول المتطلبات المتعلقة بكيفية استخدام العميل للبيانات.,
URL of the page,عنوان URL للصفحة,
URL that points to a human-readable policy document for the client. Should be shown to end-user before authorizing.,عنوان URL الذي يشير إلى مستند سياسة يمكن قراءته بواسطة الإنسان للعميل. ينبغي أن تظهر للمستخدم النهائي قبل التفويض.,
URL that points to a human-readable terms of service document for the client. Should be shown to end-user before authorizing.,عنوان URL الذي يشير إلى مستند شروط الخدمة الذي يمكن قراءته بواسطة الإنسان للعميل. ينبغي أن تظهر للمستخدم النهائي قبل التفويض.,
URL that references a logo for the client.,عنوان URL الذي يشير إلى شعار العميل.,
URL to go to on clicking the slideshow image,عنوان URL للانتقال إليه عند النقر فوق صورة عرض الشرائح,
UTM Campaign,حملة UTM,
UTM Medium,متوسط UTM,
UTM Source,مصدر يو تي ام,
UUID,UUID,
Un-following document {0},إلغاء متابعة المستند {0},
Unable to find DocType {0},تعذر العثور على نوع الملف {0},
Unable to load camera.,تعذر تحميل الكاميرا.,
Unable to load: {0},غير قادر على تحميل: {0},
Unable to open attached file. Did you export it as CSV?,تعذر فتح الملف المرفق. هل تم تصديره ك CSV؟,
Unable to read file format for {0},تعذر قراءة تنسيق الملف {0},
Unable to send mail because of a missing email account. Please setup default Email Account from Settings > Email Account,غير قادر على إرسال البريد بسبب حساب بريد إلكتروني مفقود. يرجى إعداد حساب البريد الإلكتروني الافتراضي من الإعدادات > حساب البريد الإلكتروني,
Unable to update event,غير قادر على تحديث الحدث,
Unable to write file format for {0},تعذر كتابة تنسيق الملف {0},
Unassign Condition,شرط إلغاء التكليف,
Uncaught Exception,استثناء لم يتم اكتشافه,
Unchanged,دون تغيير,
Undo,تراجع,
Undo last action,التراجع عن الإجراء الأخير,
Unfollow,الغاء المتابعة,
Unhandled Email,البريد الإلكتروني غير معالج,
Unhandled Emails,رسائل البريد الإلكتروني التي لم تتم معالجتها,
Unique,فريد من نوعه,
"Unique ID assigned by the client developer used to identify the client software to be dynamically registered.
<br>
<b>Should remain same</b> across multiple versions or updates of the software.","المعرف الفريد الذي تم تعيينه بواسطة مطور العميل يستخدم لتحديد برنامج العميل المراد تسجيله ديناميكيًا.
<ر>
<b>يجب أن يظل كما هو</b> عبر إصدارات أو تحديثات متعددة للبرنامج.",
Unknown,غير معروف,
Unknown Column: {0},عمود غير معروف: {0},
Unknown Rounding Method: {},أسلوب تقريب غير معروف: {},
Unknown User,مستخدم غير معروف,
Unknown file encoding. Tried to use: {0},ترميز ملف غير معروف. حاولت استخدام: {0},
Unlock Reference Document,فتح الوثيقة المرجعية,
Unpublish,إلغاء النشر,
Unread,غير مقروء,
Unread Notification Sent,إرسال الإشعارات غير المقروءة,
Unsafe SQL query,استعلام SQL غير آمن,
Unselect All,قم بإلغاء تحديد الكل,
Unshared,غير مشارك,
Unsubscribe,إلغاء الاشتراك,
Unsubscribe Method,طريقة إلغاء الاشتراك,
Unsubscribe Params,إلغاء الاشتراك في بارامس,
Unsubscribed,إلغاء اشتراكك,
Unsupported function or operator: {0},وظيفة أو عامل تشغيل غير مدعوم: {0},
Unsupported {0}: {1},غير مدعوم {0}: {1},
Untitled Column,عمود بلا عنوان,
Unzip,فك الضغط,
Unzipped {0} files,الملفات غير المضغوطة {0},
Unzipping files...,فك ضغط الملفات ...,
Upcoming Events for Today,الأحداث القادمة لهذا اليوم,
Update,تحديث,
Update Amendment Naming,تحديث تسمية التعديل,
Update Existing Records,تحديث السجلات الموجودة,
Update Field,تحديث الحقل,
Update Hooks Resolution Order,تحديث ترتيب تحليل الخطافات,
Update Order,تحديث الطلب,
Update Password,تحديث كلمة المرور,
Update Series Counter,تحديث عداد السلسلة,
Update Series Number,تحديث الرقم المتسلسل,
Update Settings,إعدادات التحديث,
Update Translations,تحديث الترجمات,
Update Value,تحديث القيمة,
Update from Frappe Cloud,التحديث من Frappe Cloud,
Update {0} records,تحديث سجلات {0}.,
Updated,محدّث,
Updated Successfully,تم التحديث بنجاح,
Updated To A New Version \u{1F389},تم التحديث إلى إصدار جديد \u{1F389},
Updated To A New Version 🎉,تم التحديث إلى إصدار جديد 🎉,
Updated successfully,تم التحديث بنجاح,
Updating,يتم التحديث,Freeze message while updating a document
Updating Email Queue Statuses. The emails will be picked up in the next scheduled run.,تحديث حالات قائمة انتظار البريد الإلكتروني. سيتم التقاط رسائل البريد الإلكتروني في التشغيل المقرر التالي.,
Updating counter may lead to document name conflicts if not done properly,قد يؤدي تحديث العداد إلى تعارض أسماء المستندات إذا لم يتم إجراؤه بشكل صحيح,
Updating global settings,تحديث الإعدادات العالمية,
Updating naming series options,تحديث خيارات سلسلة التسمية,
Updating related fields...,جارٍ تحديث الحقول ذات الصلة...,
Updating {0},تحديث {0},
"Updating {0} of {1}, {2}",تحديث {0} من {1}، {2},
Upgrade plan,خطة الترقية,
Upload,تحميل,
Upload Image,تحميل الصورة,
Upload file,تحميل الملف,
Upload {0} files,تحميل {0} ملف,
Uploaded To Dropbox,تم التحميل إلى Dropbox,
Uploaded To Google Drive,تم الرفع إلى Google Drive,
Use % for any non empty value.,استخدم % لأي قيمة غير فارغة.,
Use ASCII encoding for password,استخدم ترميز ASCII لكلمة المرور,
Use First Day of Period,استخدمي اليوم الأول من الدورة الشهرية,
Use HTML,استخدم HTML,
Use IMAP,استخدام IMAP,
Use Number Format from Currency,استخدام تنسيق الأرقام من العملة,
Use POST,استخدم POST,
Use Report Chart,استخدم مخطط التقرير,
Use SSL,استخدام SSL,
Use STARTTLS,استخدم STARTTLS,
Use TLS,استخدام TLS,
Use a few uncommon words together.,استخدم بعض الكلمات غير المألوفة معًا.,
"Use a few words, avoid common phrases.",.استخدم كلمات قليلة، وتجنب العبارات الشائعة,
Use different Email ID,استخدم معرف بريد إلكتروني مختلفًا,
Use if the default settings don't seem to detect your data correctly,استخدمه إذا كانت الإعدادات الافتراضية لا تكتشف بياناتك بشكل صحيح,
Use of sub-query or function is restricted,استخدام الاستعلام الفرعي أو وظيفة مقيدة,
Use the new Print Format Builder,استخدم منشئ تنسيق الطباعة الجديد,
Use this fieldname to generate title,استخدام هذا FIELDNAME لتوليد عنوان,
"Use this, for example, if all sent emails should also be send to an archive.",استخدم هذا، على سبيل المثال، إذا كان يجب أيضًا إرسال جميع رسائل البريد الإلكتروني المرسلة إلى الأرشيف.,
Used OAuth,يستخدم OAuth,
User,المستخدم,
User '{0}' already has the role '{1}',المستخدم{0} يملك بالفعل الدور {1}<br>User '{0}' already has the role '{1}',
User Agent,وكيل المستخدم,
User Cannot Create,المستخدم لا يستطيع أن ينشئ,
User Cannot Search,المستخدم لا يستطيع أن يبحث,
User Changed,تم تغيير المستخدم,
User Defaults,المستخدم الافتراضي,
User Details,تفاصيل المستخدم,
User Doctype Permissions,أذونات Doctype للمستخدم,
User Document Type,نوع مستند المستخدم,
User Document Types Limit Exceeded,تم تجاوز الحد الأقصى لأنواع مستندات المستخدم,
User Email,بريد المستخدم,
User Emails,مراسلات المستخدم,
User Group,مجموعة المستخدمين,
User Group Member,عضو مجموعة المستخدمين,
User Group Members,أعضاء مجموعة المستخدم,
User ID,تعريف المستخدم,
User ID Property,خاصية معرف المستخدم,
User Id,تعريف المستخدم,
User Id Field,حقل معرف المستخدم,
User Id Field is mandatory in the user type {0},حقل معرف المستخدم إلزامي في نوع المستخدم {0},
User Image,صورة المستخدم,
User Invitation,دعوة المستخدم,
User Menu,قائمة المستخدم,
User Name,اسم المستخدم,
User Permission,إذن المستخدم,
User Permissions,صلاحيات المستخدم,
User Permissions are used to limit users to specific records.,تُستخدم أذونات المستخدم لتقييد المستخدمين بسجلات محددة.,
User Permissions created successfully,تم إنشاء أذونات المستخدم بنجاح,
User Role,دور المستخدم,
User Role Profile,ملف تعريف دور المستخدم,
User Select Document Type,حدد المستخدم نوع المستند,
User Session Display,عرض جلسة المستخدم,
User Settings,إعدادات المستخدم,
User Social Login,المستخدم تسجيل الدخول الاجتماعي,
User Tags,بطاقات المستخدم,
User Type,نوع المستخدم,
User Type Module,وحدة نوع المستخدم,
User can login using Email id or Mobile number,يمكن للمستخدم تسجيل الدخول باستخدام معرف البريد الإلكتروني أو رقم الجوال,
User can login using Email id or User Name,يمكن للمستخدم تسجيل الدخول باستخدام معرف البريد الإلكتروني أو اسم المستخدم,
User does not exist.,المستخدم غير موجود.,
User does not have permission to create the new {0},ليس لدى المستخدم إذن لإنشاء {0} الجديد,
User is disabled,تم تعطيل المستخدم,
User is mandatory for Share,المستخدم إلزامي للمشاركة,
User must always select,يجب دائما مستخدم تحديد,
User permission already exists,إذن المستخدم موجود بالفعل,
User with email address {0} does not exist,المستخدم بعنوان البريد الإلكتروني {0} غير موجود,
User with email: {0} does not exist in the system. Please ask 'System Administrator' to create the user for you.,"مستخدم لديه بريد إلكتروني: {0} غير موجود في النظام. الرجاء مطالبة ""مسؤول النظام"" بإنشاء المستخدم لك.",
User {0} cannot be deleted,المستخدم {0} لا يمكن حذف,
User {0} cannot be disabled,المستخدم {0} لا يمكن تعطيل,
User {0} cannot be renamed,المستخدم {0} لا يمكن إعادة تسمية,
User {0} does not have access to this document,المستخدم {0} ليس لديه حق الوصول إلى هذا المستند,
User {0} does not have doctype access via role permission for document {1},لا يملك المستخدم {0} حق الوصول إلى النمط عبر إذن دور للمستند {1},
User {0} does not have the permission to create a Workspace.,المستخدم {0} ليس لديه الإذن بإنشاء مساحة عمل.,
User {0} has requested for data deletion,طلب المستخدم {0} حذف البيانات,
User {0} has started an impersonation session as you. <br><br><b>Reason provided:</b> {1},لقد بدأ المستخدم {0} جلسة انتحال شخصية باسمك. <br><br><b>السبب المقدم:</b> {1},
User {0} impersonated as {1},تم انتحال شخصية المستخدم {0} كـ {1},
User {0} is disabled,تم تعطيل المستخدم {0}.,
User {0} is disabled. Please contact your System Manager.,تم تعطيل المستخدم {0}. يرجى الاتصال بمدير النظام الخاص بك.,
User {0} is not permitted to access this document.,غير مسموح للمستخدم {0} بالوصول إلى هذا المستند.,
Userinfo URI,URI لمعلومات المستخدم,
Username,اسم االمستخدم,
Username {0} already exists,اسم المستخدم {0} موجود بالفعل,
Users,المستخدمين,
Users are only able to delete attached files if the document is either in draft or if the document is canceled and they are also able to delete the document.,لا يستطيع المستخدمون حذف الملفات المرفقة إلا إذا كان المستند إما في مسودة أو إذا تم إلغاء المستند، كما يمكنهم أيضًا حذف المستند.,
Uses system's theme to switch between light and dark mode,يستخدم سمة النظام للتبديل بين الوضع الفاتح والداكن,
Using this console may allow attackers to impersonate you and steal your information. Do not enter or paste code that you do not understand.,قد يسمح استخدام وحدة التحكم هذه للمهاجمين بانتحال هويتك وسرقة معلوماتك. لا تدخل أو تلصق رمزًا لا تفهمه.,
Utilization,الاستخدام,
Utilization %,نسبة الاستخدام,
Valid,صالح,
Valid Login id required.,مطلوب معرف تسجيل دخول صالح.,
Valid email and name required,مطلوب بريد إلكتروني صالح واسم,
Validate Field,تحقق من صحة الحقل,
Validate Frappe Mail Settings,التحقق من صحة إعدادات بريد Frappe,
Validate SSL Certificate,التحقق من صحة شهادة SSL,
Validation Error,خطئ في التحقق,
Validity,الصلاحية,
Value,القيمة,
Value Based On,القيمة بناء على,
Value Change,تغيير القيمة,
Value Changed,تم تغير القيمة,
Value To Be Set,قيمة ليتم تعيينها,
Value Too Long,القيمة طويلة جدًا,
Value cannot be changed for {0},لا يمكن تغير القيمة ل {0},
Value cannot be negative for,لا يمكن أن تكون القيمة سالبة لـ,
Value cannot be negative for {0}: {1},لا يمكن أن تكون القيمة سالبة لـ {0}: {1},
Value for a check field can be either 0 or 1,يمكن أن تكون قيمة حقل التحقق إما 0 أو 1,
Value for field {0} is too long in {1}. Length should be lesser than {2} characters,قيمة الحقل {0} طويلة جدًا في {1}. يجب أن يكون الطول أقل من {2} حرف,
Value for {0} cannot be a list,القيمة {0} لا يمكن أن تكون قائمة,
Value from this field will be set as the due date in the ToDo,سيتم تعيين القيمة من هذا الحقل كتاريخ الاستحقاق في ToDo,
Value must be one of {0},يجب أن تكون القيمة واحدة من {0},
"Value of ""None"" implies a public client. In such a case Client Secret is not given to the client and token exchange makes use of PKCE.","تشير قيمة ""لا شيء"" إلى وجود عميل عام. في مثل هذه الحالة، لا يتم إعطاء سر العميل للعميل ويستفيد تبادل الرمز المميز من PKCE.",
Value to Validate,قيمة للتحقق من صحتها,
Value to set when this workflow state is applied. Use plain text (e.g. Approved) or an expression if “Evaluate as Expression” is enabled.,"القيمة التي سيتم تعيينها عند تطبيق حالة سير العمل هذه. استخدم نصًا عاديًا (على سبيل المثال تمت الموافقة عليه) أو تعبيرًا إذا تم تمكين ""التقييم كتعبير"".",
Value too big,قيمة كبيرة جدا,
Value {0} missing for {1},القيمة {0} مفقودة لـ {1},
Value {0} must be in the valid duration format: d h m s,يجب أن تكون القيمة {0} بتنسيق المدة الصالح: dhms,
Value {0} must in {1} format,يجب أن تكون القيمة {0} بتنسيق {1},
Values Changed,تغيرت القيم,
Verdana,فيردانا,
Verification,التحقق,
Verification Code,رمز التحقق,
Verification Link,رابط التحقق,
Verification code email not sent. Please contact Administrator.,لم يتم إرسال رمز التحقق عبر البريد الإلكتروني. يرجى الاتصال بالمسؤول.,
Verification code has been sent to your registered email address.,تم إرسال رمز التحقق إلى عنوان بريدك الإلكتروني المسجل.,
Verified,التحقق,
Verify,تأكد من,
Verify Password,التحقق من كلمة المرور,
Verifying...,جارٍ التحقق...,
Version,الإصدار,
Version Updated,تحديث الإصدار,
Video URL,رابط الفيديو,
View,عرض,
View All,عرض الكل,
View Audit Trail,عرض مسار التدقيق,
View Doctype Permissions,عرض أذونات Doctype,
View File,عرض الملف,
View Full Log,عرض السجل الكامل,
View List,عرض القائمة,
View Log,عرض السجل,
View Permitted Documents,عرض المستندات المسموح بها,
View Properties (via Customize Form),عرض خصائص (عن طريق نموذج تخصيص),
View Report,عرض التقرير,
View Settings,عرض إعدادات,
View Sidebar,عرض الشريط الجانبي,
View Switcher,عرض الجلاد,
View Website,مشاهدة الموقع,
View all {0} users,عرض جميع المستخدمين البالغ عددهم {0}.,
View document,عرض المستند,
View report in your browser,عرض التقرير في المتصفح,
View this in your browser,عرض هذا في متصفحك,
View your response,شاهد ردك,Button in web form
View {0},عرض {0},
Viewed By,تمت المشاهدة بواسطة,
Virtual,افتراضية,
Virtual DocType {} requires a static method called {} found {},يتطلب Virtual DocType {} طريقة ثابتة تسمى {} تم العثور عليها {},
Virtual DocType {} requires overriding an instance method called {} found {},يتطلب Virtual DocType {} تجاوز طريقة مثيل تسمى {} تم العثور عليها {},
Virtual tables must be virtual fields,يجب أن تكون الجداول الافتراضية حقولاً افتراضية,
Visibility,الرؤية,
Visible to website/portal users.,مرئي لمستخدمي موقع الويب/البوابة.,
Visit,زيارة,
Visit Desktop,قم بزيارة سطح المكتب,
Visit Web Page,زيارة صفحة الويب,
Visitor ID,معرف الزائر,
Want to discuss?,تريد مناقشة؟,
Warehouse,مستودع,
Warning,تحذير,
Warning: DATA LOSS IMMINENT! Proceeding will permanently delete following database columns from doctype {0}:,تحذير: فقدان البيانات وشيك! ستؤدي المتابعة إلى حذف أعمدة قاعدة البيانات التالية نهائيًا من نوع المستند {0}:,
Warning: Naming is not set,تحذير: لم يتم تعيين التسمية,
Warning: Unable to find {0} in any table related to {1},تحذير: تعذر العثور على {0} في أي جدول متعلق بـ {1},
Warning: Updating counter may lead to document name conflicts if not done properly,تحذير: قد يؤدي تحديث العداد إلى تعارض أسماء المستندات إذا لم يتم ذلك بشكل صحيح,
Warning: Usage of 'format:' is discouraged.,"تحذير: لا يُنصح باستخدام ""التنسيق:"".",
Was this article helpful?,هل كان المقال مساعدا؟!,
Watch Tutorial,مشاهدة البرنامج التعليمي,
Watch Video,شاهد الفيديو,
We do not allow editing of this document. Simply click the Edit button on the workspace page to make your workspace editable and customize it as you wish,"نحن لا نسمح بتحرير هذه الوثيقة. ما عليك سوى النقر فوق الزر ""تحرير"" الموجود على صفحة مساحة العمل لجعل مساحة العمل الخاصة بك قابلة للتحرير وتخصيصها كما تريد",
We have received a request for deletion of {0} data associated with: {1},لقد تلقينا طلبًا بحذف {0} البيانات المرتبطة بـ: {1},
We have received a request from you to download your {0} data associated with: {1},لقد تلقينا طلبًا منك لتنزيل بيانات {0} المرتبطة بـ: {1},
We would like to thank the authors of these packages for their contribution.,ونود أن نشكر مؤلفي هذه الحزم على مساهمتهم.,
We've received your query!,لقد تلقينا استفسارك!,
Weak,ضعيف,
Web Form,نموذج ويب,
Web Form Field,حقل نموذج الويب,
Web Form Fields,الحقول نموذج ويب,
Web Form List Column,عمود قائمة نماذج الويب,
Web Page,صفحة على الإنترنت,
Web Page Block,كتلة صفحة الويب,
Web Page URL,عنوان URL لصفحة الويب,
Web Page View,عرض صفحة الويب,
Web Template,قالب الويب,
Web Template Field,حقل قالب الويب,
Web Template Values,قيم قالب الويب,
Web Template is not specified,لم يتم تحديد قالب الويب,
Web View,عرض ويب,
Webhook,خطاف ويب,
Webhook Data,بيانات ويبهوك,
Webhook Header,رأس ويبهوك,
Webhook Headers,رؤوس ويبهوك,
Webhook Request,طلب ويبهوك,
Webhook Request Log,سجل طلبات Webhook,
Webhook Secret,سر الويب هوك,
Webhook Security,Webhook الأمن,
Webhook Trigger,مشغل الويب هوك,
Webhook URL,عنوان URL للويب هوك,
Website,موقع الكتروني,
Website Analytics,تحليلات الموقع,
Website Manager,مدير الموقع,
Website Meta Tag,موقع العلامة الوصفية,
Website Route Meta,موقع ميتا الطريق,
Website Route Redirect,إعادة توجيه مسار الموقع,
Website Script,البرنامج النصي للموقع,
Website Search Field,مجال البحث في الموقع,
Website Search Field must be a valid fieldname,يجب أن يكون حقل البحث في موقع الويب اسم حقل صالحًا,
Website Settings,إعدادات الموقع,
Website Sidebar,موقع الشريط الجانبي,
Website Sidebar Item,موقع الشريط الجانبي البند,
Website Slideshow,موقع عرض الشرائح,
Website Slideshow Item,موقع السلعة عرض شرائح,
Website Theme,موضوع الموقع,
Website Theme Ignore App,موضوع تجاهل التطبيق,
Website Theme Image,موضوع الموقع صورة,
Website Theme image link,رابط صورة موضوع الموقع,
Websocket,مقبس الويب,
Wednesday,الأربعاء,
Week,أسبوع,
Weekdays,أيام الأسبوع,
Weekly,أسبوعيا,
Weekly Long,أسبوعي طويل,
Welcome,مرحبًا,
Welcome Email Template,قالب البريد الترحيبي,
Welcome URL,مرحبا بكم URL,
Welcome email sent,رسالة الترحيب تم أرسالها,
Welcome to {0},مرحبًا بك في {0},
What's New,ما الجديد,
"When enabled this will allow guests to upload files to your application, You can enable this if you wish to collect files from user without having them to log in, for example in job applications web form.",عند التمكين ، سيتيح ذلك للضيوف تحميل الملفات إلى التطبيق الخاص بك ، يمكنك تمكين هذا إذا كنت ترغب في جمع الملفات من المستخدم دون الحاجة إلى تسجيل الدخول ، على سبيل المثال في نموذج ويب تطبيقات الوظائف.,
"When sending document using email, store the PDF on Communication. Warning: This can increase your storage usage.",عند إرسال مستند باستخدام البريد الإلكتروني، قم بتخزين ملف الـ PDF. تحذير: قد يؤدي ذلك إلى زيادة استخدام مساحة التخزين لديك.,
"When uploading files, force the use of the web-based image capture. If this is unchecked, the default behavior is to use the mobile native camera when use from a mobile is detected.",عند تحميل الملفات، فرض استخدام التقاط الصور على شبكة الإنترنت. إذا لم يتم تحديد هذا الخيار، فإن السلوك الافتراضي هو استخدام الكاميرا الأصلية للهاتف المحمول عند اكتشاف الاستخدام من هاتف محمول.,
Which view of the associated DocType should this shortcut take you to?,ما هي طريقة عرض DocType المرتبطة التي يجب أن يأخذك إليها هذا الاختصار؟,
Width,عرض,
Widths can be set in px or %.,يمكن ضبط العرض بالبكسل أو %.,
Wildcard Filter,مرشح البدل,
"Will add ""%"" before and after the query","سيتم إضافة ""%"" قبل وبعد الاستعلام",
Will be your login ID,سيكون معرف تسجيل الدخول,
Will only be shown if section headings are enabled,سيتم عرض فقط إذا تم تمكين عناوين المقطع,
Will run scheduled jobs only once a day for inactive sites. Set it to 0 to avoid automatically disabling the scheduler.,سيتم تشغيل المهام المجدولة مرة واحدة فقط يوميًا للمواقع غير النشطة. اضبطه على 0 لتجنب تعطيل المجدول تلقائيًا.,
With Letter head,مع رئيس رسالة,
Worker Information,معلومات العامل,
Worker Name,اسم العامل,
Workflow,سير العمل,
Workflow Action,إجراء سير العمل,
Workflow Action Master,سير العمل الاجراء الاساسي,
Workflow Action Name,سير العمل اسم العمل,
Workflow Action Permitted Role,الدور المسموح به لإجراء سير العمل,
Workflow Action is not created for optional states,لم يتم إنشاء إجراء سير العمل للحالات الاختيارية,
Workflow Builder,منشئ سير العمل,
Workflow Builder ID,معرف منشئ سير العمل,
Workflow Builder allows you to create workflows visually. You can drag and drop states and link them to create transitions. Also you can update their properties from the sidebar.,يتيح لك Workflow Builder إنشاء مهام سير العمل بشكل مرئي. يمكنك سحب الحالات وإسقاطها وربطها لإنشاء انتقالات. كما يمكنك تحديث خصائصهم من الشريط الجانبي.,
Workflow Data,بيانات سير العمل,
Workflow Details,تفاصيل سير العمل,
Workflow Document State,سير العمل الوثيقة الدولة,
Workflow Evaluation Error,خطأ في تقييم سير العمل,
Workflow Name,اسم سير العمل,
Workflow State,حالة سير العمل,
Workflow State Field,حقل حالة سير العمل,
Workflow State not set,لم يتم تعيين حالة سير العمل,
Workflow State transition not allowed from {0} to {1},انتقال حالة سير العمل غير مسموح به من {0} إلى {1},
Workflow States Don't Exist,حالات سير العمل غير موجودة,
Workflow Status,حالة سير العمل,
Workflow Task,مهمة سير العمل,
Workflow Transition,الانتقال سير العمل,
Workflow Transition Task,مهمة انتقال سير العمل,
Workflow Transition Tasks,مهام انتقال سير العمل,
Workflow state represents the current state of a document.,تمثل حالة سير العمل الحالة الحالية للمستند.,
Workflow updated successfully,تم تحديث سير العمل بنجاح,
Workspace,مساحة العمل,
Workspace <b>{0}</b> does not exist,مساحة العمل <b>{0}</b> غير موجودة,
Workspace Chart,مخطط مساحة العمل,
Workspace Custom Block,كتلة مخصصة لمساحة العمل,
Workspace Link,رابط مساحة العمل,
Workspace Manager,مدير مساحة العمل,
Workspace Number Card,بطاقة رقم مساحة العمل,
Workspace Quick List,قائمة سريعة لمساحة العمل,
Workspace Shortcut,اختصار مساحة العمل,
Workspace Sidebar,الشريط الجانبي لمساحة العمل,
Workspace Sidebar Item,عنصر الشريط الجانبي لمساحة العمل,
Workspace {0} created,تم إنشاء مساحة العمل {0}.,
Workspaces,مساحات العمل,
Would you like to publish this comment? This means it will become visible to website/portal users.,هل ترغب في نشر هذا التعليق؟ وهذا يعني أنه سيصبح مرئيًا لمستخدمي موقع الويب/البوابة.,
Would you like to unpublish this comment? This means it will no longer be visible to website/portal users.,هل ترغب في إلغاء نشر هذا التعليق؟ وهذا يعني أنه لن يكون مرئيًا لمستخدمي موقع الويب/البوابة الإلكترونية بعد الآن.,
Wrapping up,التفاف,
Write,الكتابة,
Wrong Fetch From value,إحضار خاطئ من القيمة,
X Axis Field,X محور الحقل,
X Field,X الميدان,
XLSX,XLSX,
XMLHttpRequest Error,خطأ XMLHttpRequest,
Y Axis,المحور ص,
Y Axis Fields,حقول محور Y,
Y Field,Y الميدان,
Yahoo Mail,بريد ياهو,
Yandex.Mail,Yandex.Mail,
Year,سنة,
Yearly,سنويا,
Yellow,أصفر,
Yes,نعم,
Yesterday,أمس,
You,أنت,Name of the current user. For example: You edited this 5 hours ago.
You Liked,لقد اعجبتك,
You added 1 row to {0},لقد أضفت صفًا واحدًا إلى {0},
You added {0} rows to {1},لقد أضفت {0} صفًا إلى {1},
"You are about to open an external link. To confirm, click the link again.",أنت على وشك فتح رابط خارجي. للتأكيد، انقر على الرابط مرة أخرى.,
You are connected to internet.,أنت متصل بالإنترنت.,
You are not allowed to access this resource,غير مسموح لك بالوصول إلى هذا المورد,
You are not allowed to access this {0} record because it is linked to {1} '{2}' in field {3},لا يسمح لك بالوصول إلى هذا السجل {0} لأنه مرتبط بـ {1} '{2}' في الحقل {3},
"You are not allowed to access this {0} record because it is linked to {1} '{2}' in row {3}, field {4}",غير مسموح لك بالوصول إلى سجل {0} هذا لأنه مرتبط بـ {1} '{2}' في الصف {3}، الحقل {4},
You are not allowed to create columns,لا يسمح لك بأنشاء اعمدة,
You are not allowed to delete Standard Report,لا يُسمح لك بحذف التقرير القياسي,
You are not allowed to delete a standard Website Theme,لا يسمح لك بحذف موضوع الموقع القياسي,
You are not allowed to edit the report.,غير مسموح لك بتحرير التقرير.,
You are not allowed to export {} doctype,غير مسموح لك بتصدير النمط {},
You are not allowed to print this report,لا يسمح لك بطباعة هذا التقرير,
You are not allowed to send emails related to this document,لا يسمح لك بإرسال رسائل البريد الإلكتروني ذات الصلة بهذه الوثيقة,
You are not allowed to update the status of this event.,غير مسموح لك بتحديث حالة هذا الحدث.,
You are not allowed to update this Web Form Document,لا يسمح لك بتحديث الوثيقة نموذج الويب هذه,
You are not connected to Internet. Retry after sometime.,أنت غير متصل بالإنترنت. أعد المحاولة بعد وقت ما.,
You are not permitted to access this page without login.,لا يسمح لك بالدخول إلى هذه الصفحة دون تسجيل الدخول.,
You are not permitted to access this page.,لا يسمح لك بالوصول إلى هذه الصفحة.,
You are not permitted to access this resource. Login to access,لا يسمح لك بالوصول إلى هذا المورد. تسجيل الدخول للوصول,
You are now following this document. You will receive daily updates via email. You can change this in User Settings.,أنت الآن تتبع هذا المستند. سوف تتلقى التحديثات اليومية عبر البريد الإلكتروني. يمكنك تغيير هذا في إعدادات المستخدم.,
"You are only allowed to update order, do not remove or add apps.",يُسمح لك فقط بتحديث الطلب، ولا يُسمح لك بإزالة التطبيقات أو إضافتها.,
"You are selecting Sync Option as ALL, It will resync all read as well as unread message from server. This may also cause the duplication of Communication (emails).",أنت تقوم بتحديد خيار المزامنة كـ ALL، وسيقوم بإعادة مزامنة جميع الرسائل المقروءة وغير المقروءة من الخادم. وقد يتسبب هذا أيضًا في تكرار الاتصالات (رسائل البريد الإلكتروني).,
You attached {0},لقد أرفقت {0},Form timeline
You can add dynamic properties from the document by using Jinja templating.,يمكنك إضافة خصائص ديناميكية من المستند باستخدام Jinja templating .,
You can also access wkhtmltopdf variables (valid only in PDF print):,يمكنك أيضًا الوصول إلى متغيرات wkhtmltopdf (صالحة فقط في طباعة PDF):,
You can also copy-paste following link in your browser,يمكنك أيضًا نسخ ولصق الرابط التالي في متصفحك,
You can also copy-paste this,يمكنك أيضًا نسخ ولصق هذا,
You can also copy-paste this {0} to your browser,يمكنك أيضًا نسخ {0} هذا ولصقه في متصفحك,
You can ask your team to resend the invitation if you'd still like to join.,يمكنك أن تطلب من فريقك إعادة إرسال الدعوة إذا كنت لا تزال ترغب في الانضمام.,
You can change the retention policy from {0}.,يمكنك تغيير سياسة الاحتفاظ من {0}.,
You can continue with the onboarding after exploring this page,يمكنك متابعة عملية الإعداد بعد استكشاف هذه الصفحة,
You can disable this {0} instead of deleting it.,يمكنك تعطيل هذا {0} بدلاً من حذفه.,
You can increase the limit from System Settings.,يمكنك زيادة الحد من إعدادات النظام.,
You can manually remove the lock if you think it's safe: {},يمكنك إزالة القفل يدويًا إذا كنت تعتقد أنه آمن: {},
You can only insert images in Markdown fields,يمكنك فقط إدراج الصور في حقول Markdown,
You can only print upto {0} documents at a time,يمكنك طباعة ما يصل إلى {0} مستند فقط في المرة الواحدة,
You can only set the 3 custom doctypes in the Document Types table.,يمكنك فقط تعيين أنواع المستندات الثلاثة المخصصة في جدول أنواع المستندات.,
"You can only upload JPG, PNG, GIF, PDF, TXT, CSV or Microsoft documents.",يمكنك فقط تحميل مستندات JPG أو PNG أو GIF أو PDF أو TXT أو CSV أو Microsoft.,
You can only upload upto 5000 records in one go. (may be less in some cases),يمكنك تحميل فقط حتى 5000  دفعة واحدة. (قد يكون أقل في بعض الحالات),
"You can select one from the following,",يمكنك اختيار واحد مما يلي،,
You can set a high value here if multiple users will be logging in from the same network.,يمكنك تعيين قيمة عالية هنا إذا كان هناك عدة مستخدمين سيقومون بتسجيل الدخول من نفس الشبكة.,
You can try changing the filters of your report.,يمكنك محاولة تغيير عوامل تصفية تقريرك.,
You can use Customize Form to set levels on fields.,يمكنك استخدام تخصيص النموذج لتعيين مستويات الحقول.,
You can use wildcard %,يمكنك استخدام حرف البدل %,
You can't set 'Options' for field {0},لا يمكنك تعيين &quot;خيارات&quot; للحقل {0},
You can't set 'Translatable' for field {0},لا يمكنك تعيين &#39;ترانزلاتابل&#39; للحقل {0},
You cancelled this document,لقد قمت بإلغاء هذا المستند,Form timeline
You cancelled this document {1},لقد قمت بإلغاء هذا المستند {1},Form timeline
You cannot create a dashboard chart from single DocTypes,لا يمكنك إنشاء مخطط لوحة معلومات من أنواع DocTypes الفردية,
You cannot share `{0}` on {1} `{2}` as you do not have `{0}` permission on `{1}`,لا يمكنك مشاركة `{0}` على {1} `{2}` لأنه ليس لديك إذن `{0}` على `{1}`,
You cannot unset 'Read Only' for field {0},"لا يمكنك ضبط ""للقراءة فقط"" للحقل {0}",
You changed the value of {0},لقد قمت بتغيير قيمة {0},
You changed the value of {0} {1},لقد قمت بتغيير قيمة {0} {1},
You changed the values for {0},لقد قمت بتغيير قيم {0},
You changed the values for {0} {1},لقد قمت بتغيير قيم {0} {1},
You changed {0} to {1},لقد قمت بتغيير {0} إلى {1},Form timeline
You created this,لقد خلقت هذا,
You created this document {0},لقد قمت بإنشاء هذا المستند {0},Form timeline
You do not have enough permissions to access this resource. Please contact your manager to get access.,ليس لديك الأذونات الكافية للوصول إلى هذا المورد. الرجاء الاتصال بالمدير للحصول علي الوصول.,
You do not have enough permissions to complete the action,لا يوجد لديك الصلاحية الكافية لاتمام هذا العمل,
You do not have import permission for {0},ليس لديك إذن استيراد لـ {0},
You do not have permission to access child table field: {0},ليس لديك إذن للوصول إلى حقل الجدول الفرعي: {0},
You do not have permission to access field: {0},ليس لديك إذن للوصول إلى الحقل: {0},
You do not have permission to access {0}: {1}.,ليس لديك إذن للوصول إلى {0}: {1}.,
You do not have permissions to cancel all linked documents.,ليس لديك أذونات لإلغاء كافة المستندات المرتبطة.,
You don't have access to Report: {0},ليس لديك حق الوصول إلى التقرير: {0},
You don't have permission to access the {0} DocType.,ليس لديك إذن للوصول إلى {0} DocType.,
You don't have permission to access this file,لا تتوفر لديك الصلاحية للوصول الى هذا الملف,
You don't have permission to get a report on: {0},ليس لديك إذن للحصول على تقرير عن: {0},
You don't have the permissions to access this document,ليس لديك الأذونات للوصول إلى هذا المستند,
You have a new message from:,لديك رسالة جديدة من:,
You have been successfully logged out,لقد تم تسجيل بنجاح,
You have hit the row size limit on database table: {0},لقد وصلت إلى الحد الأقصى لحجم الصف في جدول قاعدة البيانات: {0},
You have not entered a value. The field will be set to empty.,لم تقم بإدخال قيمة. سيتم تعيين الحقل إلى فارغ.,
You have to enable Two Factor Auth from System Settings.,يجب عليك تمكين المصادقة الثنائية من إعدادات النظام.,
You have unsaved changes in this form. Please save before you continue.,لديك تغييرات لم يتم حفظها في هذا النموذج. يرجى الحفظ قبل المتابعة.,
You have unseen {0},لديك غير مرئي {0},
You haven't added any Dashboard Charts or Number Cards yet.,لم تقم بإضافة أي مخططات للوحة المعلومات أو بطاقات الأرقام حتى الآن.,
You haven't created a {0} yet,لم تقم بإنشاء {0} بعد,
You hit the rate limit because of too many requests. Please try after sometime.,لقد وصلت إلى الحد الأقصى للسعر بسبب وجود عدد كبير جدًا من الطلبات. يرجى المحاولة بعد وقت ما.,
You last edited this,لقد قمت بتحرير هذا آخر مرة,
You must add atleast one link.,يجب عليك إضافة رابط واحد على الأقل.,
You must be logged in to use this form.,يجب عليك تسجيل الدخول لاستخدام هذا النموذج.,
You must login to submit this form,يجب عليك تسجيل الدخول لإرسال هذا النموذج,
You need the '{0}' permission on {1} {2} to perform this action.,أنت بحاجة إلى الإذن '{0}' في {1} {2} لتنفيذ هذا الإجراء.,
You need to be Workspace Manager to delete a public workspace.,يجب أن تكون مدير مساحة العمل حتى تتمكن من حذف مساحة عمل عامة.,
You need to be Workspace Manager to edit this document,يجب أن تكون مدير مساحة العمل لتحرير هذا المستند,
You need to be a system user to access this page.,يجب أن تكون أحد مستخدمي النظام للوصول إلى هذه الصفحة.,
You need to be in developer mode to edit a Standard Web Form,عليك أن تكون في وضع المطور لتعديل نموذج ويب قياسي,
You need to be logged in and have System Manager Role to be able to access backups.,يتوجب عليك تسجيل الدخول بصلاحية مدير النظام حتي تتمكن من الوصول الى النسخ الأحتياطية.,
You need to be logged in to access this page,تحتاج إلى تسجيل الدخول للوصول إلى هذه الصفحة,
You need to be logged in to access this {0}.,تحتاج إلى تسجيل الدخول للوصول إلى هذه {0}.,
You need to create these first:,تحتاج إلى إنشاء هذه أولاً:,
You need to enable JavaScript for your app to work.,تحتاج إلى تمكين JavaScript لتشغيل تطبيقك.,
"You need to have ""Share"" permission","تحتاج إلى الحصول على إذن ""مشاركة""",
You need to install pycups to use this feature!,تحتاج إلى تثبيت pycups لاستخدام هذه الميزة!,
You need to select indexes you want to add first.,تحتاج إلى تحديد الفهارس التي تريد إضافتها أولاً.,
You need to set one IMAP folder for {0},تحتاج إلى تعيين مجلد IMAP واحد لـ {0},
You need write permission on {0} {1} to merge,تحتاج إلى إذن الكتابة على {0} {1} للدمج,
You need write permission on {0} {1} to rename,أنت بحاجة إلى إذن الكتابة على {0} {1} لإعادة التسمية,
You need {0} permission to fetch values from {1} {2},تحتاج إلى إذن {0} لجلب القيم من {1} {2},
You removed 1 row from {0},لقد قمت بإزالة صف واحد من {0},
You removed attachment {0},لقد قمت بإزالة المرفق {0},Form timeline
You removed {0} rows from {1},لقد قمت بإزالة {0} صف من {1},
You seem good to go!,يبدو أنك على ما يرام!,
You seem to have written your name instead of your email. Please enter a valid email address so that we can get back.,يبدو أنك كتبت اسمك بدلاً من بريدك الإلكتروني. الرجاء إدخال عنوان بريد إلكتروني صالح حتى نتمكن من العودة.,
You selected Draft or Cancelled documents,لقد حددت مسودة أو مستندات تم إلغاؤها,
You submitted this document,لقد قدمت هذه الوثيقة,Form timeline
You submitted this document {0},لقد أرسلت هذا المستند {0},Form timeline
You unfollowed this document,لقد قمت بإلغاء متابعة هذا المستند,
You viewed this,لقد شاهدت هذا,
You will be redirected to:,سيتم إعادة توجيهك إلى:,
You've been invited to join {0},لقد تمت دعوتك للانضمام إلى {0},
You've been invited to join {0}.,لقد تمت دعوتك للانضمام إلى {0}.,
You've logged in as another user from another tab. Refresh this page to continue using system.,لقد قمت بتسجيل الدخول كمستخدم آخر من علامة تبويب أخرى. قم بتحديث هذه الصفحة لمواصلة استخدام النظام.,
YouTube,موقع YouTube,
"Your CSV file is being generated and will appear in the Attachments section once ready. Additionally, you will get notified when the file is available for download.",يتم الآن إنشاء ملف CSV الخاص بك وسيظهر في قسم المرفقات بمجرد أن يصبح جاهزًا. بالإضافة إلى ذلك، سيتم إعلامك عندما يكون الملف متاحًا للتنزيل.,
Your Country,بلدك,
Your Language,لغتك,
Your Name,اسمك,
Your PDF is ready for download,ملف PDF الخاص بك جاهز للتنزيل,
Your Shortcuts,اختصاراتك,
Your account has been deleted,لقد تم حذف حسابك,
Your account has been locked and will resume after {0} seconds,تم قفل حسابك وسيتم استئنافه بعد {0} ثانية,
Your assignment on {0} {1} has been removed by {2},تمت إزالة واجبك في {0} {1} بواسطة {2},
Your browser does not support the audio element.,متصفحك لا يدعم عنصر الصوت.,
Your browser does not support the video element.,متصفحك لا يدعم عنصر الفيديو.,
Your connection request to Google Calendar was successfully accepted,تم قبول طلب الاتصال الخاص بك إلى تقويم Google بنجاح,
Your email address,عنوان بريدك الإلكتروني,
Your exported report: {0},تقريرك الذي تم تصديره: {0},
Your form has been successfully updated,لقد تم تحديث النموذج الخاص بك بنجاح,
Your invitation to join {0} has been cancelled by the site administrator.,لقد تم إلغاء دعوتك للانضمام إلى {0} من قبل مسؤول الموقع.,
Your invitation to join {0} has expired.,لقد انتهت صلاحية دعوتك للانضمام إلى {0}.,
Your login id is,معرف تسجيل الدخول الخاص بك هو,
Your new password has been set successfully.,لقد تم تعيين كلمة المرور الجديدة بنجاح.,
Your old password is incorrect.,كلمة المرور القديمة الخاصة بك غير صحيحة.,
Your organization name and address for the email footer.,اسم المؤسسة وعنوانك لتذييل البريد الإلكتروني.,
"Your query has been received. We will reply back shortly. If you have any additional information, please reply to this mail.",وقد وردت الاستعلام الخاص بك. سوف نقوم بالرد مرة أخرى قريبا. إذا كان لديك أي معلومات إضافية، يرجى الرد على هذا البريد.,
Your report is being generated in the background. You will receive an email on {0} with a download link once it is ready.,يتم إنشاء تقريرك في الخلفية. ستتلقى بريدًا إلكترونيًا على {0} يتضمن رابط التنزيل بمجرد أن يصبح جاهزًا.,
"Your session has expired, please login again to continue.",انتهت صلاحية الجلسة، يرجى تسجيل الدخول مرة أخرى للمتابعة.,
Your verification code is {0},رمز التحقق الخاص بك هو {0},
Zero,صفر,
Zero means send records updated at anytime,صفر يعني إرسال التحديثات في أي وقت,
[Action taken by {0}],[تم اتخاذ الإجراء بواسطة {0}],
\u2190 Back to upload files,\u2190 العودة لتحميل الملفات,
`as_iterator` only works with `as_list=True` or `as_dict=True`,`as_iterator` يعمل فقط مع `as_list=True` أو `as_dict=True`,
`job_id` paramater is required for deduplication.,المعلمة `job_id` مطلوبة لإلغاء البيانات المكررة.,
aa,أأ,
added,وأضاف,
adjust,ضبط,
after_insert,أدخل_بعد,
align-center,محاذاة المركز,
align-justify,محاذاة وتبرير,
align-left,محاذاة لليسار,
align-right,محاذاة لليمين,
amend,تعديل,
and,و,
arrow-down,سهم لأسفل,
arrow-left,سهم لليسار,
arrow-right,سهم لليمين,
arrow-up,سهم لأعلى,
ascending,تصاعدي,
asterisk,النجمة,
backward,إلى الوراء,
ban-circle,دائرة الحظر,
barcode,الباركود,
bell,جرس,
blue,أزرق,
bold,جريئة,
book,كتاب,
bookmark,إشارة مرجعية,
briefcase,حقيبة,
bullhorn,بوق,
by Role,بواسطة الدور,
cProfile Output,إخراج الملف الشخصي,
calendar,التقويم,
camera,كاميرا,
cancel,إلغاء,
canceled,ألغيت,
certificate,شهادة,
check,تحقق,
chevron-down,شيفرون لأسفل,
chevron-left,شيفرون اليسار,
chevron-right,شيفرون-يمين,
chevron-up,شيفرون متابعة,
chrome,كروم,
circle-arrow-down,دائرة-سهم لأسفل,
circle-arrow-left,دائرة-سهم-يسار,
circle-arrow-right,دائرة-سهم-يمين,
circle-arrow-up,دائرة-سهم لأعلى,
clear,واضح,
cog,ترس,
comment,تعليق,
commented,علق,
create,إنشاء,
cyan,سماوي,
d,د,
darkgrey,الرمادي الداكن,
dashboard,لوحة القيادة,
dd,د,
dd-mm-yyyy,DD-MM-YYYY,
dd.mm.yyyy,dd.mm.yyyy,
dd/mm/yyyy,اليوم / الشهر / السنة,
default,الافتراضي,
deferred,مؤجل,
delete,حذف,
descending,تنازلي,
"document type..., e.g. customer",نوع الوثيقة ...، على سبيل المثال العملاء,
download,تحميل,
download-alt,تنزيل بديل,
"e.g. ""Support"", ""Sales"", ""Jerry Yang""","على سبيل المثال، ""الدعم ""،"" المبيعات ""،"" أحمد صالح """,
e.g. (55 + 434) / 4 or =Math.sin(Math.PI/2)...,على سبيل المثال، (55 + 434) / 4 أو = Math.sin(Math.PI / 2) ...,
e.g. pop.gmail.com / imap.gmail.com,على سبيل المثال، pop.gmail.com / imap.gmail.com,
e.g. replies@yourcomany.com. All replies will come to this inbox.,على سبيل المثال، replies@yourcomany.com. سيأتي كل الردود على هذا البريد.,
e.g. smtp.gmail.com,على سبيل المثال، smtp.gmail.com,
e.g.:,على سبيل المثال:,
edit,تحرير,
eject,إخراج,
emacs,ايماكس,
email,البريد الإلكتروني,
email inbox,البريد الوارد,
empty,فارغة,Comparison value is empty
en,أون,
envelope,المغلف,
esc,إيسك,
exclamation-sign,علامة تعجب,
export,تصدير,
eye-close,قريب من العين,
eye-open,عين مفتوحة,
facebook,موقع التواصل الاجتماعي الفيسبوك,
facetime-video,فيديو فيس تايم,
failed,باءت بالفشل,
fairlogin,com.fairlogin,
fast-backward,سريع إلى الوراء,
fast-forward,سريع إلى الأمام,
file,ملف,
film,فيلم,
filter,مرشح,
finished,تم الانتهاء من,
fire,نار,
flag,علم,
folder-close,إغلاق المجلد,
folder-open,مجلد مفتوح,
font,الخط,
forward,إلى الأمام,
fullscreen,ملء الشاشة,
gift,هدية,
glass,زجاج,
globe,الكرة الأرضية,
gray,رمادي,
green,أخضر,
grey,رمادي,
gzip not found in PATH! This is required to take a backup.,لم يتم العثور على gzip في PATH! وهذا مطلوب لأخذ نسخة احتياطية.,
h,ح,
hand-down,تسليم اليد إلى أسفل,
hand-left,اليد اليسرى,
hand-right,اليد اليمنى,
hand-up,رفع اليد,
hdd,الأقراص الصلبة,
headphones,سماعات الرأس,
heart,قلب,
here,هنا,
hh,سموه,
home,المنزل,
hub,محور,
i,أنا,
icon,رمز,
ii,ثانيا,
import,استيراد,
inbox,البريد الوارد,
indent-left,مسافة بادئة لليسار,
indent-right,مسافة بادئة لليمين,
info-sign,علامة المعلومات,
inverted,مقلوب,
is disabled,تم تعطيله,
is enabled,تم تمكينه,
italic,مائل,
jane@example.com,جين@example.com,
just now,الآن فقط,
label,التسمية,
leaf,ورقة,
light-blue,أزرق فاتح,
linkedin,ينكدين,
list,قائمة,
list-alt,قائمة بديلة,
lock,قفل,
logged in,تسجيل الدخول,
login_required,تسجيل الدخول_مطلوب,
long,طويل,
m,م,
magnet,مغناطيس,
map-marker,علامة الخريطة,
merged {0} into {1},تم دمج {0} إلى {1},
minus,ناقص,
minus-sign,علامة ناقص,
mm,مم,
mm-dd-yyyy,شهر-يوم-سنة,
mm/dd/yyyy,شهر/يوم/سنة,
module name...,اسم الوحدة برمجية  ...,
move,تحرك,
music,موسيقى,
new,جديد,
new type of document,نوع جديد من الوثيقة,
no failed attempts,محاولات فاشلة لا,
nonce,nonce,
none,لا شيء,
notified,أخطرت,
now,الآن,
of,من,
off,خارج,
ok,حسنا,
ok-circle,دائرة موافق,
ok-sign,علامة موافق,
old_parent,old_parent,
on_cancel,on_cancel,
on_change,على التغيير,
on_submit,on_submit,
on_trash,on_trash,
on_update,on_update,
on_update_after_submit,on_update_after_submit,
or,أو,
orange,البرتقالي,
pause,وقفة,
pencil,قلم رصاص,
picture,صورة,
pink,وردي,
plain,عادي,
plane,طائرة,
play,لعب,
play-circle,دائرة اللعب,
plus,زائد,
plus-sign,علامة زائد,
print,طباعة,
print-format-builder-beta,طباعة تنسيق منشئ بيتا,
processlist,قائمة العمليات,
purple,أرجواني,
qrcode,com.qrcode,
question-sign,علامة استفهام,
queued,قائمة الانتظار,
random,عشوائي,
read,قرأ,
red,أحمر,
refresh,تحديث,
remove,إزالة,
remove-circle,إزالة الدائرة,
remove-sign,إزالة علامة,
removed,تمت إزالته,
renamed from {0} to {1},إعادة تسمية من {0} إلى {1},
repeat,كرر,
report,أبلغ عن,
resize-full,تغيير الحجم بالكامل,
resize-horizontal,تغيير الحجم الأفقي,
resize-small,تغيير الحجم صغير,
resize-vertical,تغيير الحجم العمودي,
response,استجابة,
restored {0} as {1},استعادة {0} ك {1},
retweet,إعادة تغريد,
road,الطريق,
row,صف,
rows,صفوف,
s,ق,
s256,s256,
scheduled,من المقرر,
screenshot,لقطة شاشة,
search,بحث,
select,حدد,
share,مشاركة,
share-alt,مشاركة بديلة,
shopping-cart,عربة التسوق,
short,قصيرة,
signal,إشارة,
since last month,منذ اخر شهر,
since last week,منذ الأسبوع الماضي,
since last year,منذ السنة الماضية,
since yesterday,منذ البارحة,
spill,انسكاب,
ss,سس,
star,نجمة,
star-empty,نجمة فارغة,
started,بدأت,
starting the setup...,بدء الإعداد...,
step-backward,خطوة إلى الوراء,
step-forward,خطوة إلى الأمام,
stop,توقف,
"string value, i.e. group",قيمة السلسلة، أي المجموعة,
"string value, i.e. member",قيمة السلسلة، أي عضو,
"string value, i.e. {0} or uid={0},ou=users,dc=example,dc=com","قيمة السلسلة، أي {0} أو uid={0},ou=users,dc=example,dc=com",
submit,تسجيل,
tag,علامة,
"tag name..., e.g. #tag",اسم العلامة ... ، على سبيل المثال #tag,
tags,العلامات,
tasks,المهام,
text in document type,النص في نوع الوثيقة,
text-height,ارتفاع النص,
text-width,عرض النص,
th,ال,
th-large,كبير,
th-list,القائمة,
this form,هذا النموذج,
this shouldn't break,هذا لا ينبغي أن ينكسر,
thumbs-down,إبهام للأسفل,
thumbs-up,ممتاز,
time,الوقت,
tint,لون,
to close,ليغلق,
to navigate,للتنقل,
to select,لتحديد,
to your browser,إلى المتصفح الخاص بك,
trash,سلة المهملات,
twitter,تويتر,
underline,تسطير,
updated to {0},تم التحديث إلى {0},
upload,تحميل,
use % as wildcard,استخدم % كحرف بدل,
user,user,
values separated by commas,قيم مفصولة بفواصل,
version_table,version_table,
via Assignment Rule,عبر قاعدة التنازل,
via Auto Repeat,عبر التكرار التلقائي,
via Data Import,عبر استيراد البيانات,
via Google Meet,عبر جوجل ميت,
via Notification,عبر الإخطار,
via {0},عبر {0},
vim,vim,
volume-down,خفض مستوى الصوت,
volume-off,خفض مستوى الصوت,
volume-up,رفع مستوى الصوت,
vscode,vscode,
wants to access the following details from your account,يريد الوصول إلى التفاصيل التالية من حسابك,
warning-sign,علامة تحذير,
when clicked on element it will focus popover if present.,عند النقر على العنصر، سيتم التركيز على العنصر المنبثق إذا كان موجودًا.,
wkhtmltopdf,com.wkhtmltopdf,
wkhtmltopdf 0.12.x (with patched qt).,wkhtmltopdf 0.12.x (مع كيو تي المصححة).,
workflow_transition,Workflow_transition,
wrench,وجع,
write,الكتابة,
yellow,الأصفر,
yesterday,في الامس,
yy,yy,
yyyy,yyyy,
yyyy-mm-dd,yyyy-mm-dd,
yyyy1,yyyy1,
yyyy2,yyyy2,
zoom-in,تكبير,
zoom-out,التصغير,
{0},{0},
"{0} ${skip_list ? """" : type}","{0} ${skip_list ? """" : النوع}",
{0} ${type},{0} ${نوع},
{0} ({1}),{0} ({1}),
{0} ({1}) (1 row mandatory),{0} ({1}) (صف واحد إلزامي),
{0} ({1}) - {2}%,{0} ({1}) - {2}%,
{0} = {1},{0} = {1},
{0} Calendar,{0} التقويم,
{0} Chart,{0} الرسم البياني,
{0} Dashboard,{0} لوحة المعلومات,
{0} Fields,{0} الحقول,
{0} Google Calendar Events synced.,{0} تمت مزامنة أحداث تقويم Google.,
{0} Google Contacts synced.,{0} مزامنة جهات اتصال Google.,
{0} Liked,{0} أعجبني,
{0} List,قائمة {0},
{0} List View Settings,{0} إعدادات عرض القائمة,
{0} M,{0} م,
{0} Map,{0} الخريطة,
{0} Name,{0} الاسم,
{0} Not allowed to change {1} after submission from {2} to {3},{0} غير مسموح بتغيير {1} بعد الإرسال من {2} إلى {3},
{0} Report,{0} تقرير,
{0} Reports,{0} التقارير,
{0} Settings,{0} الإعدادات,
{0} Tree,{0} شجرة,
{0} Web page views,{0} مشاهدات الصفحة,
{0} added,{0} أضيف,
{0} added 1 row to {1},أضاف {0} صفًا واحدًا إلى {1},
{0} added {1} rows to {2},قام {0} بإضافة {1} صف إلى {2},
{0} already exists. Select another name,{0} موجود بالفعل. حدد اسما آخر,
{0} already unsubscribed,{0} غير مشترك أصلاً,
{0} already unsubscribed for {1} {2},{0} تم إلغاء الاشتراك في {1} {2},
{0} and {1},{0} و{1},
{0} are currently {1},{0} حاليًا {1},
{0} are required,{0} مطلوبة,
{0} assigned a new task {1} {2} to you,{0} خصص مهمة جديدة {1} {2} لك,
{0} assigned {1}: {2},{0} تعيين {1}: {2},
{0} attached {1},{0} مرفق {1},Form timeline
{0} can not be more than {1},لا يمكن أن يكون {0} أكثر من {1},
{0} cancelled this document,قام {0} بإلغاء هذا المستند,
{0} cancelled this document {1},{0} ألغى هذا المستند {1},
{0} cannot be amended because it is not cancelled. Please cancel the document before creating an amendment.,لا يمكن تعديل {0} لأنه لم يتم إلغاؤه. يرجى إلغاء المستند قبل إنشاء التعديل.,
{0} cannot be hidden and mandatory without any default value,لا يمكن أن يكون {0} مخفيًا وإلزاميًا بدون أي قيمة افتراضية,
{0} changed the value of {1},{0} قام بتغيير قيمة {1},
{0} changed the value of {1} {2},قام {0} بتغيير قيمة {1} {2},
{0} changed the values for {1},قام {0} بتغيير قيم {1},
{0} changed the values for {1} {2},قام {0} بتغيير قيم {1} {2},
{0} changed {1} to {2},تم تغيير {0} {1} إلى {2},Form timeline
"{0} contains an invalid Fetch From expression, Fetch From can't be self-referential.",يحتوي {0} على تعبير جلب من غير صالح، ولا يمكن أن يكون الجلب من مرجعيًا ذاتيًا.,
{0} contains {1},{0} يحتوي على {1},
{0} created successfully,تم إنشاء {0} بنجاح,
{0} created this,قام {0} بإنشاء هذا,
{0} created this document {1},قام {0} بإنشاء هذا المستند {1},
{0} d,{0} د,
{0} days ago,قبل {0} أيام,
{0} does not contain {1},{0} لا يحتوي على {1},
{0} does not exist in row {1},{0} غير موجود في الصف {1},
{0} equals {1},{0} يساوي {1},
"{0} field cannot be set as unique in {1}, as there are non-unique existing values",لا يمكن أن يحتوي اسم الحقل {0} على أحرف خاصة مثل {1},
{0} format could not be determined from the values in this column. Defaulting to {1}.,لا يمكن تحديد تنسيق {0} من القيم الموجودة في هذا العمود. الافتراضي هو {1}.,
{0} from {1} to {2},{0} من {1} إلى {2},
{0} from {1} to {2} in row #{3},{0} من {1} إلى {2} في الصف رقم {3},
{0} h,{0} ح,
{0} has already assigned default value for {1}.,{0} قام بالفعل بتعيين القيمة الافتراضية لـ {1}.,
{0} has invalid backtick notation: {1},يحتوي {0} على علامة backtick غير صالحة: {1},
{0} has left the conversation in {1} {2},{0} تركت محادثة في {1} {2},
{0} hours ago,{0} قبل ساعات,
{0} if you are not redirected within {1} seconds,{0} إذا لم تتم إعادة توجيهك خلال {1} ثانية,
{0} in row {1} cannot have both URL and child items,{0} في الصف {1} لا يمكن أن يكون لها عنوان URL وبنود فرعية في نفس الوقت,
{0} is a descendant of {1},{0} هو من نسل {1},
{0} is a mandatory field,{0} حقل إلزامي,
{0} is a not a valid zip file,{0} ليس ملفًا مضغوطًا صالحًا,
{0} is after {1},{0} بعد {1},
{0} is an ancestor of {1},{0} هو أحد أسلاف {1},
{0} is an invalid Data field.,{0} هو حقل بيانات غير صالح.,
{0} is an invalid email address in 'Recipients',{0} هو عنوان بريد إلكتروني غير صالح في &quot;المستلمين&quot;,
{0} is before {1},{0} قبل {1},
{0} is between {1},{0} بين {1},
{0} is between {1} and {2},{0} يقع بين {1} و{2},
{0} is currently {1},{0} حاليًا {1},
{0} is disabled,{0} معطل,
{0} is enabled,تم تمكين {0}.,
{0} is equal to {1},{0} يساوي {1},
{0} is greater than or equal to {1},{0} أكبر من أو يساوي {1},
{0} is greater than {1},{0} أكبر من {1},
{0} is less than or equal to {1},{0} أقل من أو يساوي {1},
{0} is less than {1},{0} أقل من {1},
{0} is like {1},{0} مثل {1},
{0} is mandatory,{0} إلزامي,
{0} is not a descendant of {1},{0} ليس من نسل {1},
{0} is not a field of doctype {1},{0} ليس حقلاً من النوع المستندي {1},
{0} is not a raw printing format.,{0} ليس تنسيق طباعة خامًا.,
{0} is not a valid Calendar. Redirecting to default Calendar.,{0} ليس تقويمًا صالحًا. إعادة التوجيه إلى التقويم الافتراضي.,
{0} is not a valid Cron expression.,{0} ليس تعبير Cron صالحًا.,
{0} is not a valid DocType for Dynamic Link,{0} ليس نوع DocType صالحًا للارتباط الديناميكي,
{0} is not a valid Email Address,{0} بريد الكتروني غير صالح<br>{0} is not a valid Email Address,
{0} is not a valid ISO 3166 ALPHA-2 code.,{0} ليس رمز ISO 3166 ALPHA-2 صالحًا.,
{0} is not a valid Name,{0} ليس اسمًا صالحًا,
{0} is not a valid Phone Number,{0} ليس رقم هاتف صالحًا,
{0} is not a valid Workflow State. Please update your Workflow and try again.,{0} ليست حالة سير عمل صالحة. يرجى تحديث سير العمل والمحاولة مرة أخرى.,
{0} is not a valid parent DocType for {1},{0} ليس DocType أصليًا صالحًا لـ {1},
{0} is not a valid parentfield for {1},{0} ليس حقل أصل صالحًا لـ {1},
{0} is not a valid report format. Report format should one of the following {1},{0} ليس تنسيق تقرير صالحًا. يجب أن يكون تنسيق التقرير مما يلي {1},
{0} is not a zip file,{0} ليس ملفًا مضغوطًا,
{0} is not an allowed role for {1},{0} ليس دورًا مسموحًا به لـ {1},
{0} is not an ancestor of {1},{0} ليس سلفًا لـ {1},
{0} is not equal to {1},{0} لا يساوي {1},
{0} is not like {1},{0} ليس مثل {1},
{0} is not one of {1},{0} ليس واحدًا من {1},
{0} is not set,لم يتم تعيين {0}.,
{0} is now default print format for {1} doctype,{0} هو الآن تنسيق الطباعة الافتراضي لنوع المستند {1},
{0} is on or after {1},{0} يقع في {1} أو بعده,
{0} is on or before {1},{0} موجود في {1} أو قبله,
{0} is one of {1},{0} هو واحد من {1},
{0} is required,{0} مطلوب,
{0} is set,تم تعيين {0}.,
{0} is within {1},{0} يقع ضمن {1},
{0} is {1},{0} is {1},
{0} items selected,{0} العناصر المحددة,
{0} just impersonated as you. They gave this reason: {1},{0} تم انتحال شخصيتك للتو. أعطوا هذا السبب: {1},
{0} last edited this,قام {0} بتحرير هذا آخر مرة,
{0} logged in,{0} تم تسجيل الدخول,
{0} logged out: {1},{0} تسجيل الخروج: {1},
{0} m,{0} م,
{0} mentioned you in a comment in {1} {2},{0} ذكرتك في تعليق في {1} {2},
{0} minutes ago,قبل {0} دقائق,
{0} months ago,قبل {0} أشهر,
{0} must be after {1},{0} يجب أن يكون بعد {1},
{0} must be beginning with '{1}',يجب أن يبدأ {0} بـ '{1}',
{0} must be equal to '{1}',يجب أن يكون {0} مساويًا لـ '{1}',
{0} must be none of {1},يجب ألا يكون {0} أيًا من {1},
{0} must be one of {1},{0} يجب أن يكون واحدا من {1},
{0} must be set first,يجب تعيين {0} أولا,
{0} must be unique,{0} يجب أن تكون فريدة من نوعها,
{0} must be {1} {2},يجب أن يكون {0} {1} {2},
"{0} must begin and end with a letter and can only contain letters, hyphen or underscore.",يجب أن يبدأ {0} وينتهي بحرف ويمكن أن يحتوي فقط على أحرف أو واصلة أو شرطة سفلية.,
{0} not a valid State,{0} ليست حالة صالحة,
{0} not allowed to be renamed,{0} غير مسموح بإعادة تسميته,
{0} of {1},{0} من {1},
{0} of {1} ({2} rows with children),{0} من {1} ({2} صفوف تحتوي على أطفال),
{0} only.,{0} فقط.,Money in words
{0} or {1},{0} أو {1},
{0} record deleted,تم حذف السجل {0},
{0} records are not automatically deleted.,{0} لا يتم حذف السجلات تلقائيًا.,
{0} records are retained for {1} days.,يتم الاحتفاظ بسجلات {0} لمدة {1} يومًا.,
{0} records deleted,{0} تم حذف السجلات,
{0} records will be exported,سيتم تصدير {0} السجلات,
{0} removed 1 row from {1},{0} تمت إزالة صف واحد من {1},
{0} removed attachment {1},{0} تمت إزالة المرفق {1},Form timeline
{0} removed their assignment.,قام {0} بإزالة مهمته.,
{0} removed {1} rows from {2},قام {0} بإزالة {1} صف من {2},
{0} role does not have permission on any doctype,ليس لدى الدور {0} إذن على أي نوع مستند,
{0} row #{1}:,{0} الصف رقم{1}:,
{0} rows from {1},{0} صف من {1},User removed rows from child table
{0} rows to {1},{0} صف إلى {1},User added rows to child table
{0} saved successfully,تم حفظ {0} بنجاح,
{0} self assigned this task: {1},{0} تم تعيين هذه المهمة بنفسها: {1},
{0} shared a document {1} {2} with you,{0} شارك مستند {1} {2} معك,
{0} shared this document with everyone,{0} المشتركة هذه الوثيقة مع الجميع,
{0} shared this document with {1},{0} مشاركة هذه الوثيقة مع {1},
{0} should be indexed because it's referred in dashboard connections,يجب أن تتم فهرسة {0} لأنه تمت الإشارة إليه في اتصالات لوحة المعلومات,
{0} should not be same as {1},{0} يجب ألا يكون مطابقًا لـ {1},
{0} submitted this document,أرسل {0} هذا المستند,
{0} submitted this document {1},{0} أرسل هذا المستند {1},
{0} subscribers added,{0}  مشتركين تم اضافتهم,
{0} to stop receiving emails of this type,{0} لإيقاف تلقي رسائل البريد الإلكتروني من هذا النوع,
{0} to {1},{0} إلى {1},
{0} un-shared this document with {1},{0} الغى مشاركة هذه الوثيقة مع {1},
{0} updated,{0}  تم تحديث,
{0} values selected,{0} القيم المحددة,
{0} viewed this,{0} شاهد هذا,
{0} w,{0} ث,
{0} weeks ago,قبل {0} أسبوع /أسابيع,
{0} with the role <strong>{1}</strong>,{0} بالدور <strong>{1}</strong>,
{0} y,{0} ص,
{0} years ago,قبل {0} سنة,
{0} {1} added,تمت إضافة {0} {1},
{0} {1} added to Dashboard {2},تمت إضافة {0} {1} إلى لوحة التحكم {2},
{0} {1} already exists,{0} {1} موجود بالفعل,
"{0} {1} cannot be ""{2}"". It should be one of ""{3}""","{0} {1} لا يمكن أن يكون {{}}. يجب أن تكون واحدة من ""{3}""",
{0} {1} cannot be a leaf node as it has children,{0} {1} لا يمكن أن يكون تفريعة لأن لديه تفريعات أخرى,
"{0} {1} does not exist, select a new target to merge",{0} {1} غير موجود ، حدد هدفا جديدا لدمج,
{0} {1} is linked with the following submitted documents: {2},{0} {1} مرتبط بالمستندات المرسلة التالية: {2},
{0} {1} not found,{0} {1} غير موجود,
{0} {1}: Submitted Record cannot be deleted. You must {2} Cancel {3} it first.,{0} {1}: لا يمكن حذف السجل المقدم. يجب عليك {2} إلغاء {3} أولاً.,
"{0}, Row {1}",{0}، الصف {1},
{0}.,{0}.,Money in words
{0}/{1} complete | Please leave this tab open until completion.,{0}/{1} مكتمل | يرجى ترك علامة التبويب هذه مفتوحة حتى الانتهاء.,
"{0}: '{1}' ({3}) will get truncated, as max characters allowed is {2}",{0}: '{1}' ({3}) سيتم اقتطاعه، حيث أن الحد الأقصى المسموح به هو {2},
{0}: Cannot set Amend without Cancel,{0}: لا يمكن تعيين تعديل بدون إلغاء,
{0}: Cannot set Assign Amend if not Submittable,{0}: لا يمكن تعيين معدل إذا لم يتم إرساله,
{0}: Cannot set Assign Submit if not Submittable,{0} : لا يمكن تحديد تعيين بالتأكيد إذا لم يكن قابل للتأكيد,
{0}: Cannot set Cancel without Submit,{0}: لا يمكن تعيين إلغاء بدون إرسال,
{0}: Cannot set Import without Create,{0} : لا يمكن تحديد استيراد دون إنشاء,
"{0}: Cannot set Submit, Cancel, Amend without Write",{0} : لا يمكن تحديد تأكيد ، الغاء ، تعديل دون كتابة,
{0}: Cannot set import as {1} is not importable,{0}: لا يمكن تعيين استيراد كما {1} غير قابل للاستيراد,
"{0}: Failed to attach new recurring document. To enable attaching document in the auto repeat notification email, enable {1} in Print Settings",{0}: فشل في إرفاق وثيقة متكررة جديدة. لتمكين إرفاق المستند في رسالة البريد الإلكتروني لإشعار التكرار التلقائي ، قم بتمكين {1} في إعدادات الطباعة,
{0}: Field '{1}' cannot be set as Unique as it has non-unique values,{0}: لا يمكن تعيين الحقل &#39;{1}&#39; على أنه فريد لأنه يحتوي على قيم غير فريدة,
{0}: Field {1} in row {2} cannot be hidden and mandatory without default,{0}: الحقل {1} في الصف {2} لا يمكن إخفاؤه وإجباره دون التقصير,
{0}: Field {1} of type {2} cannot be mandatory,{0}: الحقل {1} من النوع {2} لا يمكن أن يكون إلزاميًا,
{0}: Fieldname {1} appears multiple times in rows {2},{0}: اسم الحقل {1} يظهر عدة مرات في الصفوف {2},
{0}: Fieldtype {1} for {2} cannot be unique,{0}: لا يمكن أن يكون Fieldtype {1} لـ {2} فريدًا,
{0}: No basic permissions set,{0} : لم يتم تحديد صلاحيات أساسية,
"{0}: Only one rule allowed with the same Role, Level and {1}",{0} قاعدة واحدة فقط سمح لها نفس الدور، المستوى و{1},
{0}: Options must be a valid DocType for field {1} in row {2},{0}: يجب أن تكون الخيارات نوع DocType صالحًا للحقل {1} في الصف {2},
{0}: Options required for Link or Table type field {1} in row {2},{0}: الخيارات المطلوبة لحقل نوع الرابط أو الجدول {1} في الصف {2},
{0}: Options {1} must be the same as doctype name {2} for the field {3},{0}: يجب أن تكون الخيارات {1} هي نفس اسم النمط العقلي {2} للحقل {3},
{0}: Other permission rules may also apply,{0}: قد يتم أيضًا تطبيق قواعد أذونات أخرى,
{0}: Permission at level 0 must be set before higher levels are set,{0} : صلاحيات على مستوى 0 يجب تحديده قبل أن يتم تحديد صلاحيات أعلى,
{0}: You can increase the limit for the field if required via {1},{0}: يمكنك زيادة الحد الأقصى للحقل إذا لزم الأمر عبر {1},
{0}: fieldname cannot be set to reserved field {1} in DocType,{0}: لا يمكن تعيين اسم الحقل إلى الحقل المحجوز {1} في DocType,
{0}: fieldname cannot be set to reserved keyword {1},{0}: لا يمكن تعيين اسم الحقل للكلمة الرئيسية المحجوزة {1},
{0}: {1},{0}: {1},
{0}: {1} is set to state {2},{0}: تم تعيين {1} على الحالة {2},
{0}: {1} vs {2},{0}: {1} ضد {2},
{0}:Fieldtype {1} for {2} cannot be indexed,{0}: لا يمكن فهرسة Fieldtype {1} لـ {2},
{1} saved,{1} تم الحفظ,
{count} cell copied,تم نسخ {count} خلية,
{count} cells copied,تم نسخ {count} من الخلايا,
{count} row selected,تم تحديد صف {count}.,
{count} rows selected,تم تحديد {count} من الصفوف,
{{{0}}} is not a valid fieldname pattern. It should be {{field_name}}.,{{{0}}} غير صالح كأسم حقل. يجب أن يكون {{field_name}}.,
{} Complete,{} اكتمال,
{} Invalid python code on line {},{} رمز بايثون غير صالح في السطر {},
{} Possibly invalid python code. <br>{},{} من المحتمل أن يكون رمز بايثون غير صالح. <br>{},
{} does not support automated log clearing.,{} لا يدعم مسح السجل الآلي.,
{} field cannot be empty.,لا يمكن أن يكون الحقل {} فارغًا.,
{} has been disabled. It can only be enabled if {} is checked.,تم تعطيل {}. لا يمكن تمكينه إلا إذا تم تحديد {}.,
{} is not a valid date string.,{} ليست سلسلة تاريخ صالحة.,
{} not found in PATH! This is required to access the console.,{} غير موجود في PATH! هذا مطلوب للوصول إلى وحدة التحكم.,
{} not found in PATH! This is required to restore the database.,{} غير موجود في PATH! هذا مطلوب لاستعادة قاعدة البيانات.,
{} not found in PATH! This is required to take a backup.,{} غير موجود في PATH! وهذا مطلوب لأخذ نسخة احتياطية.,
← Back to upload files,← العودة لتحميل الملفات,
